{
"type": "FeatureCollection",
"name": "agro_ecological_zones_web",
"crs": { "type": "name", "properties": { "name": "urn:ogc:def:crs:OGC:1.3:CRS84" } },
"features": [
{ "type": "Feature", "properties": { "objectid": 1, "ae_regcode": 1, "physio_reg": "WESTERN HIMALAYAS  COLD ARID ECO-REGION", "area_sqkm": 80785.506156999996, "shape_Leng": 2795578.7695300002, "shape_Area": 130876475710.0 }, "geometry": { "type": "Polygon", "coordinates": [ [ [ 74.714598171649328, 37.072082110569717 ], [ 74.728243363107254, 37.025987633024954 ], [ 74.74888421110694, 37.012178382233131 ], [ 74.778862481090201, 37.029786896716054 ], [ 74.840064115011074, 37.022298277816517 ], [ 74.84604631491564, 36.989938119808265 ], [ 74.910900895520243, 36.912447081186315 ], [ 74.922170789209346, 36.906087468896217 ], [ 74.941340301279254, 36.934723978758335 ], [ 74.991150590894406, 36.962816787963668 ], [ 75.012818743599411, 36.965981362460184 ], [ 75.018741227731255, 36.976370722266935 ], [ 75.095960733555415, 36.942789985670494 ], [ 75.151084517543168, 36.967097634724105 ], [ 75.173382477357436, 36.986125239485283 ], [ 75.208962679940498, 37.03680643280547 ], [ 75.264961793526012, 37.051925164887706 ], [ 75.279238815232858, 37.046925556669791 ], [ 75.343804452458144, 37.052474544840777 ], [ 75.345196576688494, 37.003069469439737 ], [ 75.351992441664521, 36.98100670671726 ], [ 75.376277975766612, 36.9604508439905 ], [ 75.38662215453499, 36.959406858314722 ], [ 75.401222089528261, 36.968045216001322 ], [ 75.423065634708621, 36.960660906706174 ], [ 75.426793081193949, 36.938995126052582 ], [ 75.408773261268379, 36.916687716546484 ], [ 75.414189947771462, 36.891891612916751 ], [ 75.417039108889853, 36.88721018468356 ], [ 75.437836776008794, 36.891451579218334 ], [ 75.444039155912435, 36.887237595292071 ], [ 75.459989264802886, 36.830564489688776 ], [ 75.474210856046312, 36.810752092485224 ], [ 75.513970553450662, 36.792067912038895 ], [ 75.616478570460046, 36.761599598600917 ], [ 75.675189633215538, 36.696031457949672 ], [ 75.748333183709349, 36.588406419425588 ], [ 75.769364606736616, 36.573331132437843 ], [ 75.809556102292078, 36.552995898065483 ], [ 75.849065212755292, 36.544320653403389 ], [ 75.923361758529765, 36.502447732924381 ], [ 75.964803888623834, 36.4899596882114 ], [ 76.025866484174003, 36.486046208541914 ], [ 76.077288452141133, 36.474273966889875 ], [ 76.17313488338344, 36.390301952827485 ], [ 76.19863562471285, 36.387445517659089 ], [ 76.254761127297229, 36.347793680932256 ], [ 76.29214205392077, 36.349096281450556 ], [ 76.328240171909499, 36.362507298197691 ], [ 76.352407971939144, 36.359873863556352 ], [ 76.404239102482009, 36.319492756274954 ], [ 76.432003972927944, 36.308160981369006 ], [ 76.436560736276022, 36.288437065916163 ], [ 76.450036575324646, 36.269405411465542 ], [ 76.4332462331881, 36.251162974182478 ], [ 76.457132731174752, 36.240490080785065 ], [ 76.481706780831203, 36.211409320781307 ], [ 76.54486273459942, 36.192757020109596 ], [ 76.562973236293161, 36.173065288647415 ], [ 76.601164673387927, 36.165548866866899 ], [ 76.644449394811488, 36.184029943892654 ], [ 76.664795741065191, 36.158060568967656 ], [ 76.703736049450541, 36.128860396440302 ], [ 76.719627654231786, 36.083208492163784 ], [ 76.801852871648208, 36.047858600686276 ], [ 76.798838650790245, 36.038425964262288 ], [ 76.807763298636345, 36.018662535509939 ], [ 76.769701922914876, 36.009437790113623 ], [ 76.754340770885946, 35.982672509866184 ], [ 76.722770725890541, 35.953430507554451 ], [ 76.779026880870674, 35.898677522700027 ], [ 76.794069167326484, 35.862768239950704 ], [ 76.811792141984, 35.844803914562213 ], [ 76.857888033289356, 35.831163130667413 ], [ 76.894942928423603, 35.799736244905091 ], [ 76.935224361975585, 35.784056920194459 ], [ 77.020663745279521, 35.774643446110176 ], [ 77.058657902640604, 35.784298368720229 ], [ 77.08014330735557, 35.797565694286725 ], [ 77.115667955730615, 35.79777960669513 ], [ 77.143541978567882, 35.769678511886703 ], [ 77.164225703450612, 35.766740177530053 ], [ 77.167281945900655, 35.734579410893957 ], [ 77.221017712067322, 35.728236551934593 ], [ 77.228186533633348, 35.712485142224466 ], [ 77.267835846760946, 35.709085926470657 ], [ 77.277546292652076, 35.72040492527794 ], [ 77.285457119181359, 35.711068782478655 ], [ 77.315203731878412, 35.699125939830253 ], [ 77.327599013911566, 35.719090136068026 ], [ 77.358437706356185, 35.717720012810865 ], [ 77.370813695537322, 35.695190069653236 ], [ 77.386501413048052, 35.689768417238859 ], [ 77.401605318782458, 35.662532735400966 ], [ 77.422106763676041, 35.661620723018586 ], [ 77.431044671738832, 35.65458162645335 ], [ 77.437911719728262, 35.641089922946982 ], [ 77.436797074217807, 35.622218150927679 ], [ 77.427136857476597, 35.610544548654445 ], [ 77.456850491099289, 35.593608449598953 ], [ 77.465598910850858, 35.573316718678932 ], [ 77.460613152908422, 35.547707553865244 ], [ 77.486596716823925, 35.532008526759704 ], [ 77.472414499343373, 35.521113660775036 ], [ 77.451782775935996, 35.526581333413297 ], [ 77.435289558972372, 35.517386730645669 ], [ 77.378394254713882, 35.550348136134701 ], [ 77.348687244040818, 35.547715056864931 ], [ 77.322228317358139, 35.536803629641867 ], [ 77.342464084280365, 35.51222083101203 ], [ 77.348688996802196, 35.493694953126564 ], [ 77.366280485860429, 35.493667655560365 ], [ 77.381926294297301, 35.476530385904674 ], [ 77.413783020478121, 35.473098751246873 ], [ 77.444845519348505, 35.461332454436373 ], [ 77.512463503947657, 35.488618560352883 ], [ 77.539953099022, 35.481340960664333 ], [ 77.56883081289817, 35.485069385023678 ], [ 77.581987593052176, 35.47512817838242 ], [ 77.614113795115486, 35.469637086480844 ], [ 77.6449617846948, 35.48910317361468 ], [ 77.672356644659757, 35.470551190626189 ], [ 77.686670446416514, 35.477700657150848 ], [ 77.722962104030145, 35.475527743358903 ], [ 77.724475202260635, 35.515145325288195 ], [ 77.733590647195157, 35.524548272881987 ], [ 77.772805804807305, 35.49535081538928 ], [ 77.787071782321618, 35.495291561124844 ], [ 77.818482414634687, 35.512939629234793 ], [ 77.864525353727146, 35.481217717467878 ], [ 77.887078761294859, 35.484958242864977 ], [ 77.901281178276491, 35.468053778458795 ], [ 77.922040271544091, 35.494451109415856 ], [ 77.982543017339523, 35.455863367929076 ], [ 77.984274622155624, 35.464632545518967 ], [ 77.965090456410366, 35.479134865548239 ], [ 77.964907969557032, 35.496011859637434 ], [ 77.93123165405035, 35.51575270078429 ], [ 77.966753282826659, 35.571595711304056 ], [ 77.966005327211633, 35.587577854256082 ], [ 77.952480628862546, 35.606976493597585 ], [ 77.965124859465377, 35.603872416968201 ], [ 77.991018197832673, 35.581840192315497 ], [ 78.041950407203728, 35.587385589357488 ], [ 78.077711000410048, 35.549157148726557 ], [ 78.092875298483861, 35.556248301058012 ], [ 78.137316200829247, 35.538868954981048 ], [ 78.156665141997877, 35.552026944048166 ], [ 78.151627018511903, 35.578163530397958 ], [ 78.166484250344382, 35.613172572480728 ], [ 78.162196781857858, 35.629380492573631 ], [ 78.186080812410879, 35.624031005391998 ], [ 78.198499356383891, 35.648584844161505 ], [ 78.199662895694459, 35.66915830695055 ], [ 78.255073329764244, 35.645634005015609 ], [ 78.259319972884029, 35.658427890643395 ], [ 78.27207432971646, 35.668890377770168 ], [ 78.267454053181538, 35.710955587408037 ], [ 78.273342127673828, 35.721954011456006 ], [ 78.289355501888011, 35.725653251613863 ], [ 78.338857848486086, 35.720554220166612 ], [ 78.386102034900418, 35.735507682325967 ], [ 78.423221403051812, 35.785320638654007 ], [ 78.464749519150857, 35.77420015826597 ], [ 78.509074655900363, 35.772690313055392 ], [ 78.521269441956619, 35.763769320797195 ], [ 78.56054536151629, 35.792480974434866 ], [ 78.57485077000284, 35.78965861685402 ], [ 78.58057295875301, 35.808060627804409 ], [ 78.619518446825722, 35.817148109459723 ], [ 78.664953528583794, 35.857387319364108 ], [ 78.691410475006975, 35.856276678082018 ], [ 78.718851846895632, 35.868336304651791 ], [ 78.768773427967957, 35.869669545695103 ], [ 78.790154486486372, 35.859323746664614 ], [ 78.823758838626802, 35.855833133431311 ], [ 78.939913931193232, 35.879576586225816 ], [ 78.960506076731306, 35.892592786194299 ], [ 79.021639287905629, 35.84874821161165 ], [ 79.132534156589287, 35.836216875635948 ], [ 79.157022493025337, 35.850305794788063 ], [ 79.19404953905115, 35.886924353859712 ], [ 79.19782916872056, 35.898565204531835 ], [ 79.188114671144035, 35.927427617981188 ], [ 79.189809414108382, 35.947195262950139 ], [ 79.2154632651485, 35.978780836895105 ], [ 79.241821242686328, 35.986752018020141 ], [ 79.344826647644908, 35.988569204027783 ], [ 79.378072313074128, 35.995287200886239 ], [ 79.386817247040042, 35.990466049327964 ], [ 79.403141079261133, 35.918792332320805 ], [ 79.422066719601446, 35.896528301811195 ], [ 79.518374045599586, 35.883514061931592 ], [ 79.559858950100264, 35.861769714439028 ], [ 79.712006383390658, 35.819489525241323 ], [ 79.737536847232221, 35.802008746289793 ], [ 79.871092840889048, 35.783027488470147 ], [ 79.929988254135225, 35.827447999900365 ], [ 79.972202445336436, 35.840672801917989 ], [ 79.999177352239556, 35.837752877722842 ], [ 80.038238711493662, 35.799762180981809 ], [ 80.058235219170371, 35.749937000508226 ], [ 80.088176564300895, 35.725179474810204 ], [ 80.108102371614649, 35.680925451372168 ], [ 80.237335661995616, 35.641935668261134 ], [ 80.291504342432575, 35.607418492257807 ], [ 80.311299023011287, 35.554168923158173 ], [ 80.328013689851062, 35.469650756841524 ], [ 80.297563934161602, 35.460791642186848 ], [ 80.281077231366979, 35.4408598230427 ], [ 80.283549501640053, 35.387876621211014 ], [ 80.270924129432288, 35.344231152591874 ], [ 80.235669872140022, 35.276628402491731 ], [ 80.226001593868844, 35.220019397568009 ], [ 80.183537206072259, 35.166730839978655 ], [ 80.177859355527758, 35.136855880376608 ], [ 80.185874013202096, 35.063219297858815 ], [ 80.174755983303754, 35.002328678459392 ], [ 80.123673538878279, 34.893427337838055 ], [ 80.073149516600481, 34.828431713508486 ], [ 80.067025056520791, 34.79064427167588 ], [ 80.072785967719824, 34.746097861010647 ], [ 80.06904001665292, 34.714777056377649 ], [ 79.944560977317991, 34.681062974682376 ], [ 79.900302693031449, 34.691261032792269 ], [ 79.860666193158494, 34.688754366066668 ], [ 79.824838383073953, 34.661131569461205 ], [ 79.816542496357357, 34.643438668394815 ], [ 79.804256300959793, 34.642977915865636 ], [ 79.77591150077825, 34.627592593890171 ], [ 79.772628068639818, 34.620452394907325 ], [ 79.793015000479102, 34.589638726798171 ], [ 79.771012565938307, 34.582076303833688 ], [ 79.758975542125654, 34.566028369918193 ], [ 79.758461083423441, 34.554716124725999 ], [ 79.775027599665435, 34.551996733311213 ], [ 79.810290711606029, 34.531308102948415 ], [ 79.814544028584834, 34.500065774939181 ], [ 79.794032808647017, 34.485054505970446 ], [ 79.733395242461896, 34.478327902058261 ], [ 79.673006606721543, 34.483568106810495 ], [ 79.662016485275942, 34.479674174756767 ], [ 79.652400043047891, 34.488398274831624 ], [ 79.608858171308327, 34.491977294030605 ], [ 79.593251775402067, 34.500823910608837 ], [ 79.570882878914787, 34.486694026071916 ], [ 79.508510278304669, 34.474279706927973 ], [ 79.527304746597423, 34.445537975115393 ], [ 79.528138939492251, 34.41798528895545 ], [ 79.541875801327862, 34.410090776777963 ], [ 79.561209168385375, 34.410010703808844 ], [ 79.553980058385079, 34.387961641385431 ], [ 79.562190804344311, 34.363460288325186 ], [ 79.55956843229032, 34.332432076667907 ], [ 79.59191034579338, 34.282782181007022 ], [ 79.585740417184425, 34.244447188625429 ], [ 79.572384269654336, 34.222873189218433 ], [ 79.550079182496248, 34.215113241329881 ], [ 79.544482683907248, 34.207291768335267 ], [ 79.519590900389588, 34.212854126388564 ], [ 79.507226381612043, 34.205794518651928 ], [ 79.489712188720304, 34.157202585919272 ], [ 79.494739939972078, 34.135878412795265 ], [ 79.461235947699947, 34.10198300261866 ], [ 79.432564310571848, 34.09266360242853 ], [ 79.420349796865949, 34.078129161231793 ], [ 79.414489231642236, 34.054904080906702 ], [ 79.437891788783261, 34.028554406342252 ], [ 79.426577002256593, 34.01743276914241 ], [ 79.414316763446237, 34.014860806252884 ], [ 79.398758250613213, 34.027080310503806 ], [ 79.355532766006107, 34.036941029001312 ], [ 79.305955746772682, 34.043040045684549 ], [ 79.274394366394915, 34.039409451968908 ], [ 79.24773401182965, 34.051299149722759 ], [ 79.198054030664522, 34.051243055260024 ], [ 79.178835167719328, 34.072080183406214 ], [ 79.171235517014807, 34.072866728476392 ], [ 79.164890512525474, 34.066604445783923 ], [ 79.151627952623841, 34.068104203272753 ], [ 79.143760562523966, 34.035192058633456 ], [ 79.135808826794076, 34.027245199955388 ], [ 79.112583893681332, 34.019716198176354 ], [ 79.061950665268569, 34.028693880422459 ], [ 79.022371040618921, 34.050903354010273 ], [ 78.952019948107178, 34.028867993449019 ], [ 78.940563954640197, 34.024008340594307 ], [ 78.923428789910389, 33.993674813549887 ], [ 78.905682648741191, 33.976206444652924 ], [ 78.936991949341703, 33.927188883665458 ], [ 78.948308997317909, 33.92071762501191 ], [ 78.943791147581223, 33.908555647705462 ], [ 78.952684382623417, 33.902367345809623 ], [ 78.961706774137085, 33.871008125657752 ], [ 79.000825852252603, 33.803327485957553 ], [ 79.00646248034333, 33.797613179630162 ], [ 79.019193760115741, 33.798815416542084 ], [ 79.012531220869704, 33.786882542847273 ], [ 79.016752346014059, 33.778695211348548 ], [ 79.024546264451232, 33.775216430820791 ], [ 79.034139806764898, 33.783714671286432 ], [ 79.047255343976346, 33.766119285212305 ], [ 79.060267600418655, 33.780320180376727 ], [ 79.068490330945366, 33.756439928086699 ], [ 79.042971132836669, 33.749706046912003 ], [ 79.043143953361806, 33.738454353106711 ], [ 79.026220732911071, 33.722651062281606 ], [ 79.020522115767221, 33.705737397416677 ], [ 79.02898535415784, 33.691813621102021 ], [ 79.053961357941546, 33.678140834816446 ], [ 79.0911675019982, 33.686999694345552 ], [ 79.090463314342813, 33.657113253654643 ], [ 79.107073385187803, 33.616884260466406 ], [ 79.09950021891531, 33.613725975173594 ], [ 79.047797394385114, 33.6277214773569 ], [ 78.989917956920181, 33.611187294761322 ], [ 78.922353842740165, 33.633246617297999 ], [ 78.914474464502575, 33.627871190267214 ], [ 78.915162154345751, 33.574345953220785 ], [ 78.927846886892922, 33.559754921869619 ], [ 78.942790642995192, 33.509300302670866 ], [ 78.931478266679918, 33.473860851150796 ], [ 78.933347893278821, 33.432796264747928 ], [ 78.940335387247345, 33.412338793247251 ], [ 78.950023324976925, 33.408358975157995 ], [ 78.953668479623289, 33.381120890242222 ], [ 78.968725084206497, 33.375503945590197 ], [ 78.989183208184471, 33.333527717594649 ], [ 79.017802777668066, 33.33548028896211 ], [ 79.061941783457939, 33.309772324409217 ], [ 79.110763951576715, 33.291942187298815 ], [ 79.166317941525094, 33.290140620829149 ], [ 79.240624088784926, 33.297806284557616 ], [ 79.315715088075081, 33.273214119142509 ], [ 79.370054580626658, 33.282650188504661 ], [ 79.454905629969005, 33.258548289052939 ], [ 79.446657137514393, 33.205819663791274 ], [ 79.39344123419545, 33.124449506353962 ], [ 79.377391133116831, 33.084736471756131 ], [ 79.393531304832678, 33.054107730388843 ], [ 79.393763060359859, 33.036184705955741 ], [ 79.331971561135532, 33.012067465260785 ], [ 79.368222032452863, 32.990899379481597 ], [ 79.384073074373688, 32.989087737909692 ], [ 79.385550955809435, 32.967964388320659 ], [ 79.409265764309126, 32.970120586101224 ], [ 79.422309920151676, 32.961538174016397 ], [ 79.464043991113741, 32.92007344795735 ], [ 79.488852725434114, 32.881344833167603 ], [ 79.516070027219527, 32.855747865353678 ], [ 79.567994553307116, 32.78681392934287 ], [ 79.587341538259963, 32.774031945401873 ], [ 79.603225101408853, 32.776969320130483 ], [ 79.627205049380251, 32.739347082211509 ], [ 79.515740633630216, 32.608119745720266 ], [ 79.469809707272447, 32.576307420354595 ], [ 79.448128666030499, 32.532517297984043 ], [ 79.406820346256566, 32.529683350340676 ], [ 79.399432426518629, 32.537063644388354 ], [ 79.39452993691873, 32.572308937427373 ], [ 79.339508061244061, 32.592012017918108 ], [ 79.32074560004969, 32.592727511525048 ], [ 79.295101774382417, 32.550107961949607 ], [ 79.273641667850512, 32.532447000323209 ], [ 79.250883199729842, 32.534119351423826 ], [ 79.237805485581617, 32.505859254290691 ], [ 79.195135420145149, 32.482998610750059 ], [ 79.137420453495366, 32.47694738165935 ], [ 79.131337489300833, 32.466096786602044 ], [ 79.146550820905759, 32.442940423100431 ], [ 79.144327496659827, 32.42273506760688 ], [ 79.125721101720885, 32.413632428921957 ], [ 79.115093578377369, 32.384223965613877 ], [ 79.071018933197848, 32.390674463476167 ], [ 79.033740101248341, 32.385908429123454 ], [ 79.014599850311726, 32.377266833092229 ], [ 78.99379664025092, 32.345216299429552 ], [ 78.981921637973784, 32.33783758245908 ], [ 78.961738734847955, 32.366054366185544 ], [ 78.903473711654016, 32.392868635818886 ], [ 78.85886607566043, 32.440645180346564 ], [ 78.827223730368843, 32.438705627864707 ], [ 78.776774663987979, 32.558361804457014 ], [ 78.776416389303819, 32.573139986344266 ], [ 78.797106056531177, 32.598368039498418 ], [ 78.792515007004596, 32.618432568166661 ], [ 78.779228642378456, 32.628109109267982 ], [ 78.762668667360543, 32.655082928474243 ], [ 78.767525051555012, 32.69752916617815 ], [ 78.723050456981738, 32.661192822401617 ], [ 78.662312729368907, 32.654029844644356 ], [ 78.639020492950351, 32.609720443392995 ], [ 78.620919294848335, 32.596715101164413 ], [ 78.588137592704726, 32.615906515178729 ], [ 78.573388309377975, 32.617612776089651 ], [ 78.535735626835617, 32.608648495058745 ], [ 78.499552752241968, 32.58169893256575 ], [ 78.459843987171752, 32.580013129253366 ], [ 78.436621398539543, 32.561573902445943 ], [ 78.428006430300897, 32.531833284348934 ], [ 78.399984258019643, 32.525973098936326 ], [ 78.327823202330876, 32.472247734882053 ], [ 78.295981673625064, 32.504317788238623 ], [ 78.316696698984657, 32.525655805117388 ], [ 78.3142297725161, 32.573950739264731 ], [ 78.349399545150732, 32.581300414962257 ], [ 78.406567323386852, 32.619659341043644 ], [ 78.388705484406287, 32.634606898838207 ], [ 78.380981560101588, 32.668496301090023 ], [ 78.395751223395592, 32.715857116795497 ], [ 78.389182816100487, 32.73027290817933 ], [ 78.389361037550827, 32.758440161115466 ], [ 78.362746874886909, 32.760053143527337 ], [ 78.305580699585889, 32.734470211801927 ], [ 78.316010802731398, 32.72144221988372 ], [ 78.313608507177648, 32.709415193479806 ], [ 78.2543921136633, 32.691302829804457 ], [ 78.251048721565766, 32.680323080812208 ], [ 78.23069288400275, 32.665808571819504 ], [ 78.201672835845201, 32.660502301022191 ], [ 78.188225861215784, 32.673879207455734 ], [ 78.17026354646174, 32.675705536966944 ], [ 78.153718678999113, 32.667009497895997 ], [ 78.139143411440457, 32.639009941854184 ], [ 78.111043289055132, 32.658862768661507 ], [ 78.096621909217674, 32.649502759256102 ], [ 78.082897864770558, 32.62097907897391 ], [ 78.051470908554109, 32.632351992633815 ], [ 78.051972109911176, 32.612364397220368 ], [ 78.059000461161105, 32.601999070422117 ], [ 78.053283386804395, 32.588638604622815 ], [ 78.000011492471202, 32.583246660358476 ], [ 77.971762669035584, 32.622758088842048 ], [ 77.970189568094398, 32.637217924556047 ], [ 77.956470520732893, 32.644869005683958 ], [ 77.937819893313076, 32.676408391840432 ], [ 77.92085917908787, 32.690024552850922 ], [ 77.927117486048289, 32.718354489146606 ], [ 77.936164365999005, 32.727760793216802 ], [ 77.92954814266119, 32.73348222724416 ], [ 77.932905953381777, 32.763076449807365 ], [ 77.917285695671893, 32.772356753463711 ], [ 77.898664527846947, 32.772463959660335 ], [ 77.884771917480393, 32.787374601675729 ], [ 77.886811810207945, 32.797465195250254 ], [ 77.879107921649663, 32.81328855562208 ], [ 77.865459756539465, 32.82556833608507 ], [ 77.842956143870396, 32.837064479981258 ], [ 77.826057003525207, 32.833233241529406 ], [ 77.816870018652452, 32.843072228273584 ], [ 77.785592024122437, 32.855749052556732 ], [ 77.779304392848559, 32.86211676103656 ], [ 77.783892871524586, 32.877600866441156 ], [ 77.790689059034989, 32.888220940240025 ], [ 77.804924295643076, 32.888990128971848 ], [ 77.808143639610179, 32.902737070477222 ], [ 77.730565384169196, 32.969290886613564 ], [ 77.721746431586368, 32.963611975789419 ], [ 77.713089004238398, 32.975329075967821 ], [ 77.697554838239441, 32.975320179155801 ], [ 77.683284243633096, 32.983592809138024 ], [ 77.5341334401799, 33.583756902525842 ], [ 77.395143584652232, 33.648815060173931 ], [ 76.812071164414533, 34.00311226505832 ], [ 76.726771142988568, 34.173906285133633 ], [ 76.687621925842919, 34.335898088484925 ], [ 76.516492913894979, 34.657714655073583 ], [ 76.289193051263993, 34.891838822113165 ], [ 76.040695223016087, 35.039074236617083 ], [ 75.638072042581157, 35.248831014961368 ], [ 74.66389057639617, 35.68857270926231 ], [ 74.343904893096152, 35.783175474974215 ], [ 73.954827315879797, 35.846199488694644 ], [ 73.587621425390097, 35.92820275116302 ], [ 73.202158300072682, 35.913493351960248 ], [ 73.129516943538519, 35.852260884020126 ], [ 73.100426379704217, 35.878231970434072 ], [ 73.077754940919462, 35.886223273530604 ], [ 73.055990539761225, 35.863730978116614 ], [ 73.038109145785285, 35.854762258921831 ], [ 73.014094003700038, 35.855315101283857 ], [ 72.999715003029863, 35.863523700037753 ], [ 72.957822647188237, 35.847717051468969 ], [ 72.929409573503349, 35.845540293964092 ], [ 72.904665805100421, 35.853627990369006 ], [ 72.901629536184757, 35.881669423702832 ], [ 72.85762305221634, 35.877688722503557 ], [ 72.830226059819054, 35.887361398511054 ], [ 72.825276097976044, 35.874819787790294 ], [ 72.799020099252019, 35.867490446425194 ], [ 72.798070089996656, 35.855770563195279 ], [ 72.777290094541172, 35.844024155267761 ], [ 72.737549433250607, 35.858798497512772 ], [ 72.691141516797558, 35.832876997020435 ], [ 72.660408894674205, 35.849190024747863 ], [ 72.645647538538284, 35.866347870800674 ], [ 72.601589816743143, 35.871076594503187 ], [ 72.569453840395752, 35.90732707069445 ], [ 72.533724796101055, 35.917441135726293 ], [ 72.531134056429536, 35.952871875269672 ], [ 72.548407057063486, 35.96252566303199 ], [ 72.556112583953507, 35.996674167654383 ], [ 72.573245078171098, 35.996428716886136 ], [ 72.583595299591749, 36.01970343427854 ], [ 72.596025376785349, 36.027347068555038 ], [ 72.586206483832314, 36.050448465414817 ], [ 72.550038598622407, 36.056728913033474 ], [ 72.531065626104237, 36.074654949960532 ], [ 72.536600679691659, 36.114518704902281 ], [ 72.552534867444948, 36.136746985881054 ], [ 72.57380884961465, 36.15096317702001 ], [ 72.551541373515946, 36.181161385773002 ], [ 72.56028374214165, 36.196645501400603 ], [ 72.560480227138456, 36.212387155369115 ], [ 72.58543097745644, 36.230520818289712 ], [ 72.595232757737392, 36.262197095398875 ], [ 72.636704724535647, 36.276483171918947 ], [ 72.663530171401547, 36.264162787517677 ], [ 72.681868411184965, 36.262819159016139 ], [ 72.693970962255207, 36.250097894530334 ], [ 72.688561792822981, 36.268601285497965 ], [ 72.692385777164162, 36.275650954664592 ], [ 72.723637979736395, 36.284070465727261 ], [ 72.750479430649662, 36.305132439830047 ], [ 72.778550609376936, 36.309881064016373 ], [ 72.81566609691312, 36.338373227529289 ], [ 72.829727218796279, 36.361143877146311 ], [ 72.850899874126426, 36.372660091735526 ], [ 72.866379178057329, 36.373465785636306 ], [ 72.883299138399565, 36.38734496416297 ], [ 72.890098866513597, 36.397831120690675 ], [ 72.890189871188326, 36.424739136754631 ], [ 72.877450531856852, 36.43810316751096 ], [ 72.879465671154364, 36.443331337377572 ], [ 72.902535331366067, 36.449481084068609 ], [ 72.922274781078755, 36.462958851048633 ], [ 72.943489543348377, 36.458516661869574 ], [ 72.962846652215234, 36.467493005612198 ], [ 72.99205247824257, 36.458105583159529 ], [ 73.003855484805513, 36.476080034816938 ], [ 72.990357753959245, 36.480458141637882 ], [ 72.999352720323472, 36.507358832298202 ], [ 72.995995873546036, 36.514908734153813 ], [ 73.061504840991759, 36.537742448667288 ], [ 73.073895842533318, 36.561522338021518 ], [ 73.090624175630182, 36.571577788728064 ], [ 73.092940114686954, 36.586598623174552 ], [ 73.112472333306044, 36.610096303751043 ], [ 73.092009246622581, 36.634766604316262 ], [ 73.094427270796771, 36.667106852648409 ], [ 73.084974909547498, 36.682315561728572 ], [ 73.085419520711582, 36.699726530195498 ], [ 73.102835126201938, 36.687663418212082 ], [ 73.126481059994731, 36.686621307015059 ], [ 73.145465128539684, 36.700041337449989 ], [ 73.181142415911552, 36.712024747102234 ], [ 73.189398218880825, 36.721840079463597 ], [ 73.214955669281196, 36.699989199286215 ], [ 73.234397778609988, 36.699545167280718 ], [ 73.253223545213757, 36.709125262144362 ], [ 73.31473586871931, 36.706420317313338 ], [ 73.330251238528476, 36.715492758288157 ], [ 73.36083626371574, 36.715454760387281 ], [ 73.372104188436566, 36.734939322947902 ], [ 73.400033880198649, 36.731744633671774 ], [ 73.44155038026507, 36.745120587653354 ], [ 73.463382085546286, 36.731693106172898 ], [ 73.482505727823906, 36.733881813444313 ], [ 73.511474872606797, 36.715422679897898 ], [ 73.529906067751867, 36.72072844048251 ], [ 73.543922003877896, 36.709354874675896 ], [ 73.600227346902955, 36.720329458786523 ], [ 73.607461987238239, 36.698514803316073 ], [ 73.633173897864367, 36.690071881076172 ], [ 73.654943064553663, 36.696096372790272 ], [ 73.700580446791164, 36.684867844093624 ], [ 73.72507774198462, 36.710003087998551 ], [ 73.783103917791337, 36.702359027150983 ], [ 73.809060854722972, 36.716713087808365 ], [ 73.884068176267675, 36.699265361837817 ], [ 73.901626014904579, 36.706962804799097 ], [ 73.897169871923907, 36.716294554330517 ], [ 73.906453000827355, 36.73148481118352 ], [ 73.900066890628651, 36.749700758769713 ], [ 73.863601604797907, 36.788243764323795 ], [ 73.829441179508237, 36.789302042667536 ], [ 73.815060503913429, 36.798431031988549 ], [ 73.80631287000169, 36.815399251165353 ], [ 73.778203267962169, 36.815326106043592 ], [ 73.744152365500838, 36.833388330898359 ], [ 73.723934563930328, 36.834430807064507 ], [ 73.719066424236971, 36.857200015270244 ], [ 73.681430339048148, 36.885567713781647 ], [ 73.690317702231397, 36.912128318712654 ], [ 73.711198995141203, 36.912757493451529 ], [ 73.745366724642849, 36.89640006095825 ], [ 73.767654315246347, 36.904657563220674 ], [ 73.793336104792132, 36.893723340634295 ], [ 73.809671317285094, 36.896478223338462 ], [ 73.818067098717876, 36.885650216191955 ], [ 73.835839359114985, 36.886894356967382 ], [ 73.849078560561438, 36.899908080793388 ], [ 73.878771287803346, 36.894402038332096 ], [ 73.913391323565008, 36.871279994228217 ], [ 73.923794827629365, 36.87797619736412 ], [ 73.937799958565634, 36.873949478986766 ], [ 73.971356204310482, 36.840086447070881 ], [ 73.99428376092024, 36.826588353884176 ], [ 74.026001757532043, 36.826279335211936 ], [ 74.055788960093068, 36.806414395995894 ], [ 74.09268321185435, 36.838587014272818 ], [ 74.120954086006705, 36.832346248413288 ], [ 74.142728057614775, 36.840101529271521 ], [ 74.156840656476604, 36.888744107105978 ], [ 74.16909912428433, 36.902541753654269 ], [ 74.21777643175291, 36.898899310366289 ], [ 74.261374788359376, 36.886566081116648 ], [ 74.323883856512111, 36.922674361130149 ], [ 74.36833860723651, 36.958922740621027 ], [ 74.416158047520739, 36.973060568528631 ], [ 74.429909868714418, 36.990033161534932 ], [ 74.532209387719789, 36.98684655507401 ], [ 74.554462108847247, 36.953624613003946 ], [ 74.578690935204477, 36.948593747594437 ], [ 74.589443261178658, 37.028580073440459 ], [ 74.581840194122378, 37.043439823498232 ], [ 74.65926096643895, 37.057729727489836 ], [ 74.693915025071576, 37.077849762205304 ], [ 74.714598171649328, 37.072082110569717 ] ] ] } },
{ "type": "Feature", "properties": { "objectid": 2, "ae_regcode": 2, "physio_reg": "WESTERN PLAIN  KACHCHH AND PART OF KATHIAWAR PENINSULA HOT ARID ECO-REGION", "area_sqkm": 131613.40449, "shape_Leng": 6391218.2072799997, "shape_Area": 313513365008.0 }, "geometry": { "type": "MultiPolygon", "coordinates": [ [ [ [ 74.87471958450935, 30.75036974988938 ], [ 74.974935743751828, 30.561190855911416 ], [ 75.139438752068983, 30.537155215141954 ], [ 75.225037141594228, 30.492510461309362 ], [ 75.329510218790546, 30.281368881589437 ], [ 75.49988056111475, 30.199036778263469 ], [ 75.5947661266176, 30.118114953343252 ], [ 75.634528499676094, 30.057444994037127 ], [ 75.708751899326543, 29.964980590390944 ], [ 75.747653550870552, 29.92604387909735 ], [ 75.759087609174628, 29.809110373362554 ], [ 75.782363045608406, 29.822347878461539 ], [ 75.806770857774168, 29.804027525112623 ], [ 75.830721965119906, 29.812248224536059 ], [ 75.839786228766428, 29.809176150494793 ], [ 75.844118906121935, 29.787497140554123 ], [ 75.874459950681455, 29.749078665772522 ], [ 75.889960578958977, 29.743791241611266 ], [ 75.907970434048025, 29.752225731287503 ], [ 75.924659494828063, 29.735434692850873 ], [ 75.951570151120819, 29.730591875461759 ], [ 75.937330867054243, 29.677148505601906 ], [ 75.936164871668439, 29.607446254960763 ], [ 75.956467406486482, 29.517065812964159 ], [ 76.006398765323155, 29.472861012100257 ], [ 76.083869756242819, 29.432340984834202 ], [ 76.164371162764112, 29.403976182926815 ], [ 76.210446097917952, 29.368701743350751 ], [ 76.23649517065094, 29.308697802540888 ], [ 76.271164252202723, 29.191287313959126 ], [ 76.283525519451516, 29.124875844004098 ], [ 76.255589007060806, 29.021131445271848 ], [ 76.247450293881997, 28.948157216912019 ], [ 76.297410572984603, 28.891693835442545 ], [ 76.339545653065059, 28.865364654267879 ], [ 76.386695103434818, 28.784534757496068 ], [ 76.41332451079829, 28.697154371813639 ], [ 76.418599313900785, 28.633555409938932 ], [ 76.376040436372975, 28.559766791415583 ], [ 76.329651889962051, 28.501044182781907 ], [ 76.303897162615854, 28.442781640212591 ], [ 76.309935881257999, 28.354892912658485 ], [ 76.335903357725812, 28.288704832629858 ], [ 76.316578752901364, 28.182589036591317 ], [ 76.321871673199553, 28.177064507075606 ], [ 76.297301710306414, 28.178023146372286 ], [ 76.285199841887305, 28.168127178783056 ], [ 76.306941383761867, 28.157890681342668 ], [ 76.303480435044222, 28.152392695688103 ], [ 76.309966531641209, 28.146331578623077 ], [ 76.325741642554647, 28.148377363129157 ], [ 76.339418921889305, 28.134267529023237 ], [ 76.364023185383445, 28.123712361297883 ], [ 76.34793860415482, 28.10497805820291 ], [ 76.316365701730405, 28.106590758043083 ], [ 76.305715743274519, 28.096370761918276 ], [ 76.3332035151969, 28.087438937775957 ], [ 76.345670783827117, 28.068331349942191 ], [ 76.362938777185803, 28.069453226873751 ], [ 76.354195830690259, 28.041045728980841 ], [ 76.345035534371661, 28.02492422309 ], [ 76.324812796408935, 28.016265250872994 ], [ 76.298312607887809, 28.025210015853592 ], [ 76.298315461523387, 28.044422639407617 ], [ 76.273149050046527, 28.064088393832741 ], [ 76.25177069396733, 28.064306150140641 ], [ 76.234112738787729, 28.050576720933186 ], [ 76.185468015933097, 28.054710008217512 ], [ 76.184985662445044, 28.044398738616824 ], [ 76.201521537072452, 28.030642712803239 ], [ 76.212285738555394, 28.037659329742254 ], [ 76.221682860781499, 28.035578049940913 ], [ 76.221929144489266, 28.027088711021843 ], [ 76.20395750042313, 28.017149814608135 ], [ 76.182318187998362, 28.017351805718466 ], [ 76.162937866597105, 27.994446920154445 ], [ 76.168944600344958, 27.975538440069979 ], [ 76.187450739299265, 27.968259727415312 ], [ 76.174336161592095, 27.910481155745423 ], [ 76.20653454008874, 27.894366853091316 ], [ 76.207627096770651, 27.883475652113781 ], [ 76.196846199717115, 27.87175327554132 ], [ 76.200940800418834, 27.859289460161353 ], [ 76.212891031844421, 27.850876097203059 ], [ 76.213764760496161, 27.84334580366772 ], [ 76.2311005453505, 27.836267570316139 ], [ 76.215524970294723, 27.823834438430179 ], [ 76.201907303292415, 27.826581554271716 ], [ 76.180648790095034, 27.802841742689555 ], [ 76.135466751284724, 27.828645059682827 ], [ 76.136198357510793, 27.84236013081523 ], [ 76.129868993143731, 27.849853426731642 ], [ 76.095793975312574, 27.863945560012208 ], [ 76.042741210715903, 27.771891462341557 ], [ 76.003488244055177, 27.717429112752964 ], [ 75.960065101037642, 27.623948464414234 ], [ 75.94293825424802, 27.562728705143705 ], [ 75.910034523524203, 27.484073304061088 ], [ 75.88935417182725, 27.449493192376771 ], [ 75.819758610184337, 27.411188844663389 ], [ 75.671445293893299, 27.365846778580668 ], [ 75.538613679618692, 27.34755319833334 ], [ 75.431364665600285, 27.300701441452212 ], [ 75.331615851919224, 27.200476145954159 ], [ 75.267692136460994, 27.091520907608714 ], [ 75.207735382573659, 27.024010700943844 ], [ 75.123244106526769, 26.960578374225868 ], [ 75.020559058054786, 26.947624364076937 ], [ 74.90877974175244, 26.958644429327769 ], [ 74.850401170689395, 26.925104418194078 ], [ 74.813439767130632, 26.899550713786578 ], [ 74.771676437363581, 26.859223781934595 ], [ 74.702483852270291, 26.761974135756461 ], [ 74.691598461015232, 26.698314059903321 ], [ 74.667915461657046, 26.617171981138434 ], [ 74.586150281183464, 26.565673784411224 ], [ 74.530216266193079, 26.544251498653374 ], [ 74.456340773144206, 26.500259064225808 ], [ 74.341349551480633, 26.469357405589079 ], [ 74.294477421937714, 26.428691640883994 ], [ 74.281496253999393, 26.296705204748658 ], [ 74.285398079162306, 26.270056644865136 ], [ 74.320677624280322, 26.266472277192211 ], [ 74.354982163614523, 26.284764691968725 ], [ 74.379582051140602, 26.278345172397245 ], [ 74.373214598734251, 26.23914689188587 ], [ 74.340653364412816, 26.181949403121244 ], [ 74.197974564128671, 26.054911850422773 ], [ 74.162736471419976, 26.000000822642939 ], [ 74.159809593623834, 25.946293372901767 ], [ 74.118011436147967, 25.859445760311232 ], [ 74.04891418841018, 25.839762967154833 ], [ 73.999848074845332, 25.852498298305903 ], [ 73.971316227783078, 25.829465884910775 ], [ 73.893949860501436, 25.702171079810892 ], [ 73.801033766008089, 25.510832787164585 ], [ 73.697370538949613, 25.379908682262975 ], [ 73.66740496394182, 25.334810393644794 ], [ 73.63587316747325, 25.267700430183993 ], [ 73.573141293233476, 25.182222533129334 ], [ 73.506219348881231, 25.128230639515341 ], [ 73.407174511195436, 25.075277550388286 ], [ 73.350679985913672, 25.028969681373553 ], [ 73.307440608736101, 24.934446045590011 ], [ 73.243319377964895, 24.831675090563152 ], [ 73.170146139012118, 24.750416294347669 ], [ 73.082660274433593, 24.639208316558985 ], [ 72.996466565369516, 24.470682841125189 ], [ 72.977037173968398, 24.451146247892616 ], [ 72.986619028262652, 24.420963684813231 ], [ 72.960056125260522, 24.392330919939123 ], [ 72.959129372495866, 24.383861810439853 ], [ 72.977193125544375, 24.380136001980016 ], [ 72.987348733416056, 24.364011459067861 ], [ 72.961449823952847, 24.351392567962694 ], [ 73.004110124178055, 24.287690673617206 ], [ 73.010068989692115, 24.251374671807895 ], [ 72.946395880907929, 24.102107517391651 ], [ 72.909439872306635, 24.049177405975136 ], [ 72.841271456564584, 24.056986398890089 ], [ 72.764532735746826, 24.075338805558427 ], [ 72.694017240035791, 24.053698365542072 ], [ 72.644430620829837, 24.014733309537085 ], [ 72.614732145974969, 23.976710637607169 ], [ 72.376137685185157, 23.902805542567688 ], [ 72.301317501902105, 23.822203077286911 ], [ 72.307820506336967, 23.712732126472478 ], [ 72.272976021406294, 23.63045480922171 ], [ 72.182545870283505, 23.614873646490153 ], [ 72.067042673914059, 23.619899412394094 ], [ 72.007869943810263, 23.613154427391294 ], [ 71.976522541968293, 23.541962639148423 ], [ 71.973798403187672, 23.457629354553649 ], [ 71.944423647522882, 23.419476315983758 ], [ 71.902754115120814, 23.387985369265625 ], [ 71.834752561032317, 23.369627735395778 ], [ 71.870277744863955, 23.315486197424722 ], [ 71.868258786656028, 23.242167450584212 ], [ 71.73431274920857, 22.960406044968291 ], [ 71.569758702783005, 22.652407616076321 ], [ 71.363166516411738, 22.396728536120538 ], [ 71.081401942809677, 22.294960078993739 ], [ 70.897948089191274, 22.198600159023535 ], [ 70.686049921646912, 22.045334542659795 ], [ 70.583965699377728, 22.008488203215865 ], [ 70.41148854845828, 22.040343354841156 ], [ 70.249510221550238, 22.017756484241652 ], [ 70.177111008327955, 21.848274120488078 ], [ 70.000521940229063, 21.763418133123672 ], [ 69.877015502097208, 21.755165338836825 ], [ 69.716277782171133, 21.805312749205175 ], [ 69.652022438494527, 21.874165603790647 ], [ 69.600716364538599, 21.943892021446157 ], [ 69.365740144944695, 21.833471300438877 ], [ 69.352083199179845, 21.838750841372853 ], [ 69.230413428749301, 21.944307328331529 ], [ 69.197366707333344, 21.980695725755009 ], [ 69.201532356071667, 21.984582903300986 ], [ 69.192918769531275, 21.983747483593056 ], [ 69.177080147712175, 21.999570848154328 ], [ 69.055139534582551, 22.128469469525282 ], [ 68.969018928645866, 22.231809617988727 ], [ 68.95736884303048, 22.237653734881366 ], [ 68.95263861890669, 22.251253129864882 ], [ 68.957918160302128, 22.25792122168281 ], [ 68.935976021271813, 22.312086108633071 ], [ 68.942644111546144, 22.332921984125452 ], [ 68.951807015259803, 22.332082751221463 ], [ 68.956529610037251, 22.338190081272536 ], [ 68.956804268163779, 22.366529467354159 ], [ 68.96930884457602, 22.391530993642796 ], [ 69.005975716041206, 22.438196184820228 ], [ 69.059862128869682, 22.467363360530303 ], [ 69.067361823758418, 22.480142595261263 ], [ 69.079309456698525, 22.479310992282361 ], [ 69.085420600082571, 22.472360613931208 ], [ 69.073472969974247, 22.452081682511558 ], [ 69.043748847421057, 22.434583666386398 ], [ 69.069307319874724, 22.395696643047945 ], [ 69.091531746622081, 22.394582752019708 ], [ 69.102640144148751, 22.410142902130108 ], [ 69.129030220193414, 22.39792061104998 ], [ 69.130693427448762, 22.402921679479007 ], [ 69.148485177008439, 22.4026393912931 ], [ 69.155981055636531, 22.412088395931548 ], [ 69.169862740428172, 22.414304736789763 ], [ 69.175699226642791, 22.424322131620041 ], [ 69.194032660505471, 22.423749926156557 ], [ 69.193468087065355, 22.408750537645449 ], [ 69.204309455775089, 22.401811602453279 ], [ 69.197900763779288, 22.397638323592631 ], [ 69.19821357000572, 22.387643816854073 ], [ 69.17875098397262, 22.377920154066651 ], [ 69.183210364753918, 22.372919084626236 ], [ 69.173471442673005, 22.362642290215952 ], [ 69.176248542455966, 22.34763908642401 ], [ 69.167642584714628, 22.345140460100318 ], [ 69.168199531988833, 22.326528551363616 ], [ 69.157915108725788, 22.312917711434594 ], [ 69.169588081215537, 22.294309618999911 ], [ 69.202638618108651, 22.266530993133635 ], [ 69.232637397463364, 22.257917407701584 ], [ 69.242082588774622, 22.264860155094791 ], [ 69.250421516034393, 22.260972978671813 ], [ 69.249029151090809, 22.267084124985008 ], [ 69.283754340205874, 22.272085193118901 ], [ 69.29514502611643, 22.279863360706106 ], [ 69.292360297383709, 22.286252978162963 ], [ 69.319860450639183, 22.291250231046725 ], [ 69.32375525586194, 22.30347252240934 ], [ 69.333192818543978, 22.303762439511623 ], [ 69.33764075556229, 22.311807634968591 ], [ 69.330713263647539, 22.324312212516062 ], [ 69.334299080400868, 22.330419542359159 ], [ 69.366533271744274, 22.322084429691959 ], [ 69.364587777064486, 22.316526416619052 ], [ 69.383188239438837, 22.322362903096813 ], [ 69.419305793731382, 22.315694811565368 ], [ 69.45430945540582, 22.335702898729885 ], [ 69.467363351579706, 22.3301410712299 ], [ 69.488473885631109, 22.33791923813579 ], [ 69.49013709433504, 22.355695726660439 ], [ 69.523752206622476, 22.385694505739789 ], [ 69.515977852398194, 22.395139696279809 ], [ 69.515138618666057, 22.416814807251832 ], [ 69.50319861654792, 22.424581530094443 ], [ 69.498193734127739, 22.435693743045402 ], [ 69.507081978769747, 22.423749926854782 ], [ 69.522920601510179, 22.426530839878605 ], [ 69.536249153398032, 22.409860614079385 ], [ 69.550699228217127, 22.404863360838341 ], [ 69.548753730990981, 22.394029620415065 ], [ 69.555967324032537, 22.38847160695251 ], [ 69.557359688814643, 22.375421525719297 ], [ 69.550424568350991, 22.372358324291611 ], [ 69.559862129821283, 22.366811754072401 ], [ 69.561807625511534, 22.355695726627118 ], [ 69.575693123905822, 22.368474961481773 ], [ 69.591249459160579, 22.360971452348839 ], [ 69.571809761802797, 22.334306718769763 ], [ 69.575693124760022, 22.319032671330131 ], [ 69.572916025152622, 22.333196642740585 ], [ 69.58180426892109, 22.346250536494999 ], [ 69.604860298880766, 22.351251604284609 ], [ 69.605699532272183, 22.340974810212892 ], [ 69.607355110245777, 22.338472368104267 ], [ 69.609018318512781, 22.349309922690331 ], [ 69.612359994514989, 22.340414049761598 ], [ 69.606248849459973, 22.327085497708303 ], [ 69.606805795232276, 22.325693132867258 ], [ 69.617364876524135, 22.346250535087083 ], [ 69.617921822482828, 22.368474962855768 ], [ 69.643194191202355, 22.355970383581717 ], [ 69.654588693443003, 22.359029771869146 ], [ 69.664018624677453, 22.393751146242959 ], [ 69.699304573130519, 22.395971299815482 ], [ 69.692361824725609, 22.419862749836632 ], [ 69.702081672721064, 22.433752061810956 ], [ 69.697908395642685, 22.442922594199501 ], [ 69.671804422335171, 22.439306261483193 ], [ 69.67180442179432, 22.450700762251302 ], [ 69.674856178575297, 22.442083359952466 ], [ 69.688196176534404, 22.444307328755912 ], [ 69.700967782909899, 22.457361222740605 ], [ 69.703477852829906, 22.447080614712419 ], [ 69.728204720462017, 22.473752977269914 ], [ 69.74041938059969, 22.459032061336057 ], [ 69.734861367395666, 22.443750383144632 ], [ 69.744585030921954, 22.430692673688679 ], [ 69.755693429915738, 22.426248552716284 ], [ 69.759584419528892, 22.441530229958666 ], [ 69.779031746662312, 22.4126377128642 ], [ 69.797639840258483, 22.399858476980626 ], [ 69.822916024095747, 22.427358629230021 ], [ 69.829034797939727, 22.444860459689767 ], [ 69.82092997927198, 22.452081682218218 ], [ 69.827081673419897, 22.458196641773078 ], [ 69.829858773117422, 22.449861527870095 ], [ 69.83429526605066, 22.453191758719406 ], [ 69.834588997485739, 22.475431443797383 ], [ 69.836252205925931, 22.454030991889105 ], [ 69.860422127460964, 22.446805956078169 ], [ 69.875970833770722, 22.448194505662961 ], [ 69.90040778409363, 22.46792030468059 ], [ 69.914026253061365, 22.456251145846267 ], [ 69.909578316778791, 22.467081071457123 ], [ 69.913194650165863, 22.489583971006184 ], [ 69.938188546391643, 22.513750077633006 ], [ 69.955137245701252, 22.504030229181172 ], [ 69.957357399150936, 22.495416642636989 ], [ 69.959032051501865, 22.509309769847356 ], [ 69.944864265776275, 22.514860154989709 ], [ 69.945970529683521, 22.528474809418043 ], [ 69.973474495539804, 22.540700914231053 ], [ 69.98401832001754, 22.541810991302697 ], [ 69.981531135725547, 22.53542137306539 ], [ 69.982919685564099, 22.534864427979986 ], [ 69.98569678615462, 22.541528702869996 ], [ 69.976251594710803, 22.543195726803511 ], [ 70.004030220208747, 22.54430580294196 ], [ 70.010408395757139, 22.548753740103326 ], [ 70.019861215171005, 22.546808245520133 ], [ 70.026800149866176, 22.550973894337154 ], [ 70.028192514343317, 22.546808244505293 ], [ 70.023477548026563, 22.54319572550455 ], [ 70.02347754729567, 22.53958320819731 ], [ 70.039018623733142, 22.562921525594557 ], [ 70.064584725289436, 22.546808243856709 ], [ 70.072641365242944, 22.550142289888214 ], [ 70.085695259978166, 22.544862748926828 ], [ 70.162919991804273, 22.551530840471706 ], [ 70.188203805565365, 22.585420610507406 ], [ 70.194307321590685, 22.582918168989721 ], [ 70.194299691842261, 22.603750230708737 ], [ 70.203180307115929, 22.605421067836275 ], [ 70.195135109653862, 22.610700609645072 ], [ 70.197366707512501, 22.616807939484801 ], [ 70.211526864018552, 22.623193742748377 ], [ 70.211526864166956, 22.629865648102882 ], [ 70.219854348953319, 22.629579545563384 ], [ 70.220140449764031, 22.634584428951676 ], [ 70.213754647187315, 22.634031297178108 ], [ 70.216249458487596, 22.641534806839616 ], [ 70.219308845905189, 22.637361527914525 ], [ 70.225984566718395, 22.639860154948661 ], [ 70.235139841148452, 22.649869920780841 ], [ 70.229028694361574, 22.657365800268686 ], [ 70.234018319886488, 22.654859544271659 ], [ 70.242921823148848, 22.662641526652997 ], [ 70.240690225038747, 22.668470384053101 ], [ 70.246805183682724, 22.671812059759912 ], [ 70.238748544817966, 22.678194047235987 ], [ 70.245409004980573, 22.67931175404977 ], [ 70.253198616845154, 22.692922593271707 ], [ 70.239030831350874, 22.695974352118792 ], [ 70.238470070905763, 22.70181083890888 ], [ 70.246530527000999, 22.711530687504354 ], [ 70.249315255932061, 22.704862595670082 ], [ 70.255144111949747, 22.706533433161088 ], [ 70.253469460554982, 22.719861986918218 ], [ 70.258752815870736, 22.726530077114795 ], [ 70.250970834759045, 22.724584581736053 ], [ 70.2529163303643, 22.733472825858783 ], [ 70.26071357094736, 22.730962755719091 ], [ 70.262643807735287, 22.73736381755889 ], [ 70.2645816744201, 22.738195420696051 ], [ 70.275972358951037, 22.7312526723112 ], [ 70.288751596270529, 22.745969773501141 ], [ 70.283754341478613, 22.746805192026716 ], [ 70.282640449602852, 22.748754503409344 ], [ 70.293458932550081, 22.748754503433311 ], [ 70.303194040411626, 22.757638933077224 ], [ 70.305421821722476, 22.766809465131374 ], [ 70.300416939740643, 22.770696641107438 ], [ 70.306810372529327, 22.780141831530614 ], [ 70.301248543729884, 22.777639390193755 ], [ 70.300416939536433, 22.778196336495643 ], [ 70.312921517372644, 22.785696030810904 ], [ 70.309301369997442, 22.795972826574914 ], [ 70.319864266920888, 22.796529771787771 ], [ 70.318468088168672, 22.805421831192248 ], [ 70.32375525714572, 22.803194047157522 ], [ 70.337358468264952, 22.824583056368763 ], [ 70.33902930489208, 22.843473436573642 ], [ 70.353738777745434, 22.870702745724504 ], [ 70.385137551356323, 22.909864427951248 ], [ 70.413476938418384, 22.918195726676078 ], [ 70.423471445640658, 22.932638169752558 ], [ 70.430421824082416, 22.957918168376345 ], [ 70.442644114273506, 22.974851609558964 ], [ 70.437639231167438, 22.975141526627173 ], [ 70.454309457276224, 22.985139849588627 ], [ 70.471529000503722, 23.012361528408295 ], [ 70.493471140246186, 23.07514000096846 ], [ 70.484582894562152, 23.077363969219299 ], [ 70.475976937829785, 23.069585802041839 ], [ 70.43792151932341, 23.06264305322145 ], [ 70.401254647781144, 23.030702593187559 ], [ 70.393754953692223, 23.001527787675052 ], [ 70.38263511173588, 22.997922899611321 ], [ 70.394575112889683, 22.995420458594506 ], [ 70.393472666233009, 22.963193895574051 ], [ 70.386804574086028, 22.948194506438671 ], [ 70.347642892906947, 22.930418016287199 ], [ 70.310144419725148, 22.941530229633944 ], [ 70.307359690403004, 22.951250079040523 ], [ 70.290971749210428, 22.944868089511949 ], [ 70.27929877492862, 22.948751451528246 ], [ 70.237642280719584, 22.979585649294542 ], [ 70.229310982569785, 22.977083208466013 ], [ 70.227079384702833, 22.965974808871511 ], [ 70.206239693978148, 22.980142595224084 ], [ 70.199363548240228, 22.992975985829656 ], [ 70.200689309790164, 22.981527330102331 ], [ 70.225137703872576, 22.960138322486976 ], [ 70.208749764902961, 22.951803210124716 ], [ 70.173471443515794, 22.950700762414513 ], [ 70.161798470517752, 22.942640306066643 ], [ 70.119859687877096, 22.964582446888926 ], [ 70.134027473842281, 22.984861376866121 ], [ 70.129026405320147, 22.99208641404055 ], [ 70.143472664693206, 23.009031299263551 ], [ 70.141252511316594, 23.012575328296304 ], [ 70.112077706020116, 22.971532825246729 ], [ 70.110971444797869, 22.960138323235853 ], [ 70.126527779405507, 22.946527484040828 ], [ 70.110971443820929, 22.952642443006514 ], [ 70.101251595842967, 22.941808703725059 ], [ 70.095411294123878, 22.950975421356109 ], [ 70.090974800920065, 22.952642443390435 ], [ 70.099863044821959, 22.938192370759516 ], [ 70.111253730980494, 22.949583055526301 ], [ 70.139032357308466, 22.941251758090768 ], [ 70.132078164410601, 22.924581528830522 ], [ 70.105974191023165, 22.909032824271044 ], [ 70.054582588710801, 22.904310229178893 ], [ 70.032640450748971, 22.895421984347088 ], [ 70.024034492907987, 22.901533129637777 ], [ 69.995973579935963, 22.902921680120521 ], [ 69.937082284453467, 22.893194202212825 ], [ 69.934030526169138, 22.885141376124992 ], [ 69.905694954374155, 22.866250993898934 ], [ 69.866807931663615, 22.872922899376913 ], [ 69.857362741457152, 22.869592669334775 ], [ 69.862077705500241, 22.858472825981636 ], [ 69.853750221847761, 22.868196491033505 ], [ 69.841249458529859, 22.86431312832816 ], [ 69.815008147464695, 22.852079976147078 ], [ 69.812473217942724, 22.849965660268328 ], [ 69.801558779540727, 22.850623156941012 ], [ 69.752359383470136, 22.819585802998809 ], [ 69.744585030045684, 22.803472520816722 ], [ 69.746805184165368, 22.793752673466649 ], [ 69.720140450120098, 22.762361529996038 ], [ 69.714025491422504, 22.751531602926072 ], [ 69.716249459641929, 22.741250995079078 ], [ 69.703477853486504, 22.727918627064941 ], [ 69.705972664345666, 22.740419390604689 ], [ 69.673471444451479, 22.757085802123381 ], [ 69.662363045546726, 22.756807330668508 ], [ 69.666810982123536, 22.777364734161448 ], [ 69.659303658069888, 22.756528856246728 ], [ 69.642908089679395, 22.765970232421921 ], [ 69.638750070095284, 22.773748399817929 ], [ 69.637353890686143, 22.788751605054799 ], [ 69.633752816549517, 22.795419696297465 ], [ 69.634584421112521, 22.777364734192453 ], [ 69.641252511719699, 22.766530994261089 ], [ 69.609308235313364, 22.767084123670145 ], [ 69.615857459683625, 22.757212407652951 ], [ 69.601363318877063, 22.757679960365742 ], [ 69.563188545924419, 22.773748400896 ], [ 69.552644722690943, 22.785692218169011 ], [ 69.555139534689644, 22.792360309008252 ], [ 69.548153600494146, 22.779353596217877 ], [ 69.532768187041881, 22.785862810840662 ], [ 69.484582895284603, 22.787923815127709 ], [ 69.497559258250377, 22.782312331242224 ], [ 69.469583505356994, 22.773748400567314 ], [ 69.446004238594398, 22.777624016031535 ], [ 69.390703194431055, 22.813749315588375 ], [ 69.361253730828679, 22.822641375539323 ], [ 69.352083198814142, 22.817640307920698 ], [ 69.355699532962603, 22.828752521352698 ], [ 69.348474496465812, 22.820417407147826 ], [ 69.314306251671837, 22.832639697588995 ], [ 69.266809457285831, 22.824029924622803 ], [ 69.230699533188371, 22.834581378835175 ], [ 69.22847174964366, 22.842359544792966 ], [ 69.223199837876933, 22.835969927830245 ], [ 69.197359078510814, 22.838472368747777 ], [ 68.837366097980123, 23.042638781060003 ], [ 68.816530220874625, 23.056806567606451 ], [ 68.823469155892852, 23.05458259951827 ], [ 68.814310066727529, 23.059320453098362 ], [ 68.815973274682534, 23.062917713170894 ], [ 68.814584725457919, 23.067361835150191 ], [ 68.808198921551735, 23.060697558936187 ], [ 68.75930976162779, 23.080419543535541 ], [ 68.713472359329941, 23.118474963470586 ], [ 68.659028999218137, 23.149862293703066 ], [ 68.632917398205009, 23.171529774373731 ], [ 68.630975717132003, 23.177083973073536 ], [ 68.655694953956754, 23.15347481089541 ], [ 68.673185340784769, 23.143480303873879 ], [ 68.681528084550919, 23.141805652139315 ], [ 68.655984872353756, 23.155141833529665 ], [ 68.639032357592711, 23.182085041168769 ], [ 68.591531746112395, 23.214029316636058 ], [ 68.584588998728307, 23.232919696252015 ], [ 68.599031441234146, 23.240419392176328 ], [ 68.601251594980994, 23.218469624079038 ], [ 68.630693427819708, 23.213193897672127 ], [ 68.628744119529742, 23.217641833693662 ], [ 68.639863960469881, 23.222360614670258 ], [ 68.624032967794591, 23.220697406292278 ], [ 68.623750680288765, 23.226251606163903 ], [ 68.619028084421288, 23.21986198804769 ], [ 68.603754037128951, 23.242929461826943 ], [ 68.640420906186449, 23.244581225979445 ], [ 68.647920602540466, 23.257642749963164 ], [ 68.671808235457675, 23.270139697962481 ], [ 68.656251899988106, 23.272081379442866 ], [ 68.640687936385916, 23.266530994896268 ], [ 68.629594795398845, 23.295141224138312 ], [ 68.684305184691397, 23.300416950871707 ], [ 68.694769654588939, 23.309862140202807 ], [ 68.658754341178309, 23.30347252239687 ], [ 68.660699836776317, 23.319860462327014 ], [ 68.668199532278749, 23.322916034139457 ], [ 68.667924873869623, 23.32542229122188 ], [ 68.658754341776131, 23.322923663791936 ], [ 68.656808846063385, 23.303197863984096 ], [ 68.650140754956226, 23.30430794089424 ], [ 68.644575112993337, 23.322641375520263 ], [ 68.635698312328614, 23.3165302306125 ], [ 68.632638923841796, 23.324029926249214 ], [ 68.637643806516991, 23.331251147891418 ], [ 68.62458228333233, 23.339029315152846 ], [ 68.627084726046036, 23.346807482905486 ], [ 68.634859078780764, 23.339311604030474 ], [ 68.637090676288821, 23.346250537436173 ], [ 68.633195869629105, 23.352083210380183 ], [ 68.625421518093873, 23.35403251988761 ], [ 68.622919075342423, 23.350416186898588 ], [ 68.612913124029006, 23.361806873903156 ], [ 68.61958503094597, 23.36541939149323 ], [ 68.600137704771342, 23.384584430049337 ], [ 68.596254341666594, 23.379030231177012 ], [ 68.603197091356876, 23.359308246162659 ], [ 68.580972664122953, 23.389860157640815 ], [ 68.568193428347428, 23.388200763979583 ], [ 68.580137244953534, 23.379030231833319 ], [ 68.570688240789224, 23.375131609999436 ], [ 68.557081215438998, 23.389581683204039 ], [ 68.564584724563787, 23.400140765417191 ], [ 68.560419075285949, 23.41930961962224 ], [ 68.552087776699565, 23.415140155069512 ], [ 68.543748849579032, 23.420415882180542 ], [ 68.550142281031228, 23.423196795403317 ], [ 68.535699837235896, 23.421251300944483 ], [ 68.532640451125218, 23.433473590223144 ], [ 68.537916176129784, 23.424306872618526 ], [ 68.54097174862838, 23.425691607405671 ], [ 68.515977852241832, 23.47542000269927 ], [ 68.512361519454657, 23.467920306239993 ], [ 68.517358773022892, 23.46820259414595 ], [ 68.518472664721415, 23.455415728751596 ], [ 68.524854652269809, 23.455423358471776 ], [ 68.523195260199429, 23.446531299648036 ], [ 68.502359383362972, 23.465421679870616 ], [ 68.512086861632667, 23.465974811695506 ], [ 68.511526100554605, 23.473752978383491 ], [ 68.50042151694592, 23.475973133070958 ], [ 68.502359383332305, 23.491811756510391 ], [ 68.512918465008696, 23.484861377585528 ], [ 68.519029610515986, 23.489030840816699 ], [ 68.51291846629897, 23.487642292654524 ], [ 68.514581673322027, 23.492921833313208 ], [ 68.499032967753976, 23.494028095908096 ], [ 68.504030221203649, 23.499582294204345 ], [ 68.503755562117135, 23.505971911794163 ], [ 68.500139229622718, 23.49846077419188 ], [ 68.491807931440874, 23.50097084448705 ], [ 68.499032967238534, 23.515142444732305 ], [ 68.484018319409813, 23.548189167040636 ], [ 68.497362129130963, 23.547361378088532 ], [ 68.487359993613822, 23.577917101793226 ], [ 68.486528389222954, 23.595972065671656 ], [ 68.494859688376664, 23.607641223733754 ], [ 68.488748543430646, 23.632360462344181 ], [ 68.499032966742703, 23.644308094560721 ], [ 68.500696174567395, 23.657083514736218 ], [ 68.51736640189192, 23.660692219112004 ], [ 68.519586556898048, 23.652639393123156 ], [ 68.52319525994281, 23.651250843067167 ], [ 68.539018624622244, 23.662363056669403 ], [ 68.520143501086906, 23.654584888430339 ], [ 68.524866096837357, 23.690698627113981 ], [ 68.535699837696001, 23.689306262508563 ], [ 68.546251289958519, 23.696813586547744 ], [ 68.5584735803249, 23.719312671745691 ], [ 68.571252815704383, 23.724863055804288 ], [ 68.57763861942216, 23.720140460170995 ], [ 68.579866402016506, 23.728471759101545 ], [ 68.595415107500926, 23.730138783099321 ], [ 68.603471748454098, 23.748750691131644 ], [ 68.63263892480191, 23.757917408204015 ], [ 68.650697702264495, 23.7937526731465 ], [ 68.666254036631273, 23.808473590872115 ], [ 68.677919380643758, 23.807641986498062 ], [ 68.677354806119624, 23.814310077312868 ], [ 68.687364571870944, 23.821809771665226 ], [ 68.718477242321612, 23.825971607609819 ], [ 68.742639534642976, 23.837080006028557 ], [ 68.743188851353011, 23.8437519113977 ], [ 68.727640144879715, 23.83097267585844 ], [ 68.722085946839087, 23.831808093204071 ], [ 68.737077705813235, 23.84320259489499 ], [ 68.725694650471439, 23.846250537261085 ], [ 68.729028694067225, 23.854860309328767 ], [ 68.746801370564015, 23.859861376782995 ], [ 68.74597358099868, 23.865972522959801 ], [ 68.761255257561928, 23.874872210520671 ], [ 68.716249459714234, 23.857362751400036 ], [ 68.660139077354032, 23.858472828604246 ], [ 68.665971748350955, 23.8520793948231 ], [ 68.644861214690096, 23.846250537078081 ], [ 68.646795265784206, 23.839582447267947 ], [ 68.637361519953018, 23.835969927844456 ], [ 68.604860299103606, 23.838197711284216 ], [ 68.600137704642648, 23.845422747920612 ], [ 68.6045741969983, 23.849580767757068 ], [ 68.603754037763125, 23.850141528274435 ], [ 68.598749154239869, 23.847360615445655 ], [ 68.600137704609324, 23.839582447541162 ], [ 68.588197701310435, 23.836530689199197 ], [ 68.574583046139622, 23.821252826759213 ], [ 68.535142891813976, 23.75708198857939 ], [ 68.525140754983823, 23.759027484709584 ], [ 68.52625464703533, 23.773473743056975 ], [ 68.515420907251013, 23.785421374675732 ], [ 68.517908089292106, 23.795419696392273 ], [ 68.530984871746398, 23.800142292318554 ], [ 68.535142891122021, 23.806249622301603 ], [ 68.537363046305472, 23.815141682033872 ], [ 68.525972358514352, 23.802080158644983 ], [ 68.522920601898917, 23.817083363010138 ], [ 68.515138619175843, 23.824861530099394 ], [ 68.546808235446818, 23.8359699281689 ], [ 68.57291220895452, 23.880971911588915 ], [ 68.61347388476311, 23.903196338827762 ], [ 68.638467782625028, 23.894861225299582 ], [ 68.663194649825542, 23.917360309021429 ], [ 68.66237067501774, 23.922639850924131 ], [ 68.659578315826707, 23.921808245910746 ], [ 68.638193124539555, 23.903196339206758 ], [ 68.619859688005263, 23.906530384107196 ], [ 68.622358316034052, 23.927362446446491 ], [ 68.61429785961549, 23.922639851058609 ], [ 68.609308236914785, 23.933752063911694 ], [ 68.595968239527323, 23.941804888916561 ], [ 68.587366096941494, 23.940694813039496 ], [ 68.588472359047941, 23.922357563028029 ], [ 68.57958411513286, 23.924314502818074 ], [ 68.558748238627643, 23.924028400672182 ], [ 68.55930136998407, 23.931806567457823 ], [ 68.543748849059199, 23.935140613695708 ], [ 68.537363046020474, 23.946809772646255 ], [ 68.545007778464623, 23.967283133297542 ], [ 68.752553167661375, 23.9673709352878 ], [ 68.769599327532745, 24.272605169570692 ], [ 68.763093649306981, 24.294370569343847 ], [ 68.827539373580777, 24.316829269916475 ], [ 68.842386955385081, 24.280757634659871 ], [ 68.851030714395847, 24.221059923376249 ], [ 68.867918272361308, 24.211927505417357 ], [ 68.878395552845006, 24.214879419708833 ], [ 68.884559597406295, 24.225163999926636 ], [ 68.902737451525795, 24.274598413568935 ], [ 68.943174927308704, 24.302120571025267 ], [ 68.969052774560652, 24.271706086345901 ], [ 68.98208288377262, 24.233380259365401 ], [ 69.005190744837293, 24.22319069283834 ], [ 69.092014124938515, 24.272334459589025 ], [ 69.192768259918083, 24.237929035138368 ], [ 69.30863075757685, 24.280705842677623 ], [ 69.375072970613658, 24.270400722398858 ], [ 69.443056616861995, 24.28001581871634 ], [ 69.484445992247899, 24.267795154202531 ], [ 69.587869863972941, 24.2913262600654 ], [ 69.730092702074344, 24.171839017574445 ], [ 70.016473971719932, 24.169912896136879 ], [ 70.065600261742347, 24.198072473660613 ], [ 70.109262462146006, 24.294571680533689 ], [ 70.246004902426904, 24.324561467412721 ], [ 70.304039498262938, 24.348114433652103 ], [ 70.372435294260896, 24.353691558224604 ], [ 70.425210853177731, 24.38014306755186 ], [ 70.573576946992631, 24.421688958045898 ], [ 70.600026555138143, 24.408246064433985 ], [ 70.580017728328286, 24.366386686081324 ], [ 70.559908153700491, 24.352381661867437 ], [ 70.581970125541176, 24.278082824486237 ], [ 70.576051742670586, 24.252226835920215 ], [ 70.644697125006601, 24.224592761422777 ], [ 70.722038171980785, 24.21652866674339 ], [ 70.833920312120441, 24.228845988842306 ], [ 70.854879624165804, 24.244533472204584 ], [ 70.878992096870391, 24.246411526057518 ], [ 70.907247582119396, 24.263302280936951 ], [ 70.877903908970495, 24.275356342197977 ], [ 70.874009491939518, 24.297280318998389 ], [ 70.949048011149713, 24.352516172126652 ], [ 70.987894721973532, 24.366705531129806 ], [ 71.002468349155123, 24.35292598112526 ], [ 71.036797686937334, 24.35327689461306 ], [ 71.056122594830015, 24.361526392128557 ], [ 71.078130730659041, 24.38725439297232 ], [ 71.115013723730485, 24.398611222312624 ], [ 71.124184392503082, 24.419459848154666 ], [ 71.109020405823429, 24.43677303942447 ], [ 71.028437954776237, 24.436191649565188 ], [ 70.997276209058086, 24.448389581117326 ], [ 71.005295715478468, 24.528945987652108 ], [ 70.988208333993441, 24.547589122493903 ], [ 70.993420428703587, 24.572713545598234 ], [ 70.990665822236565, 24.605497382176551 ], [ 71.010748196329857, 24.636737606583427 ], [ 71.05122063976161, 24.652523995947771 ], [ 71.097820564512446, 24.686576569913271 ], [ 71.0634961999111, 24.718080451372082 ], [ 71.014355478062541, 24.827524275910775 ], [ 70.936308826502341, 24.941284191528908 ], [ 70.916507025555291, 25.001579537481664 ], [ 70.885518854251586, 25.151174084243081 ], [ 70.757576190815058, 25.27269581042389 ], [ 70.735465160976958, 25.328848066781703 ], [ 70.665337807720192, 25.397572810308588 ], [ 70.679452682369245, 25.5256603040106 ], [ 70.667772921987279, 25.532249228901104 ], [ 70.673114575801279, 25.669233306809222 ], [ 70.657982369255677, 25.705805503129575 ], [ 70.638858946793135, 25.715218748842133 ], [ 70.608945498671517, 25.7154281170396 ], [ 70.527774055067042, 25.685867307548765 ], [ 70.390732812395385, 25.673557963605973 ], [ 70.27605905693953, 25.709260917180526 ], [ 70.263126192257957, 25.71913252092763 ], [ 70.2516491581802, 25.752810435928968 ], [ 70.235391112395021, 25.776870311672365 ], [ 70.194088771249312, 25.816082940893132 ], [ 70.168784046172533, 25.830483835812558 ], [ 70.099271486559232, 25.935461610609618 ], [ 70.086414872082159, 26.087857251344165 ], [ 70.147461681319129, 26.170363731282098 ], [ 70.174014732575671, 26.242003718991015 ], [ 70.165701625087337, 26.300886959227768 ], [ 70.184191293612656, 26.375441600453033 ], [ 70.177698628064832, 26.425881998225552 ], [ 70.183316621948677, 26.48426311574536 ], [ 70.17329952415399, 26.551099191397405 ], [ 70.11785974204119, 26.588395422220234 ], [ 70.064332038323968, 26.600175197303088 ], [ 69.879365045982425, 26.580561667963202 ], [ 69.804437066498579, 26.597635771582716 ], [ 69.710903466970919, 26.661997357567451 ], [ 69.514688318819253, 26.741957901389632 ], [ 69.505558497469337, 26.753014745262774 ], [ 69.484365286303785, 26.808001927918827 ], [ 69.498887617716321, 26.871981190981391 ], [ 69.514166643884622, 27.009560313935324 ], [ 69.589685208877555, 27.182938017792274 ], [ 69.642495285619745, 27.223248549206378 ], [ 69.705095835151539, 27.28522756759094 ], [ 69.871666911077995, 27.40918420291062 ], [ 69.940787276462999, 27.502492335347487 ], [ 70.024647409559932, 27.561316903148089 ], [ 70.134688951380937, 27.807023972486157 ], [ 70.22488698095593, 27.898386081850294 ], [ 70.310259997699333, 27.948879150915602 ], [ 70.374314444531805, 28.012031512790664 ], [ 70.442387098600065, 28.021574963664708 ], [ 70.496723320514249, 28.036582615060961 ], [ 70.547501648797109, 28.029390509122916 ], [ 70.592453010081329, 28.009644909658302 ], [ 70.677013687011495, 27.923949175432572 ], [ 70.687444806206869, 27.828150309317866 ], [ 70.74458888880946, 27.743051481575357 ], [ 70.767854825500365, 27.724898737882384 ], [ 70.882538011616177, 27.708226072119384 ], [ 70.905299840350693, 27.710370075089749 ], [ 71.173051109425074, 27.820637142829199 ], [ 71.272631135965057, 27.850177735364898 ], [ 71.409752025873388, 27.873468283637571 ], [ 71.658850471599379, 27.875565417682139 ], [ 71.898657037080895, 27.96321370411944 ], [ 71.913901034128145, 28.053902567165231 ], [ 71.935039208738871, 28.132694264057431 ], [ 71.99908296042284, 28.214112716812071 ], [ 72.128713039300266, 28.308797722539314 ], [ 72.205206390628192, 28.39035819303195 ], [ 72.302115887100541, 28.673431587137483 ], [ 72.388863923514933, 28.768799209946494 ], [ 72.406963330220179, 28.782692152818374 ], [ 72.524413213510911, 28.833046820075136 ], [ 72.716397974158255, 28.938909785237907 ], [ 72.947406609957028, 29.03039972578393 ], [ 72.998805838190236, 29.142690360464215 ], [ 73.095676231816753, 29.252061142412167 ], [ 73.27867085596462, 29.559696827675708 ], [ 73.39971129242204, 29.940688844330051 ], [ 73.483656812115811, 29.976994015434816 ], [ 73.619980740172139, 30.024630399226698 ], [ 73.796337297321656, 30.068146533882643 ], [ 73.846968037087152, 30.110355825189341 ], [ 73.975912231661724, 30.196434231727149 ], [ 73.967561277166396, 30.263176734586523 ], [ 73.918368078731461, 30.338410881185354 ], [ 73.885396796073309, 30.362642077666134 ], [ 73.96487671186361, 30.421737438467268 ], [ 73.972085855271715, 30.433543346842608 ], [ 73.968875277895819, 30.443004187660108 ], [ 73.930607692397984, 30.438994698773673 ], [ 73.939500022889632, 30.449665899874013 ], [ 73.935202614441167, 30.489369555956834 ], [ 73.94772784889841, 30.486053154897423 ], [ 73.950001196799704, 30.461896754333011 ], [ 73.959388538301695, 30.45944155309363 ], [ 73.967435014980026, 30.463107395695801 ], [ 73.970119000695945, 30.486853054831538 ], [ 73.988720972422158, 30.510408961506407 ], [ 74.020403649277071, 30.513269362016661 ], [ 74.010886652203894, 30.522286967950244 ], [ 74.012674848888039, 30.531976535362439 ], [ 74.035507718784416, 30.531154968819678 ], [ 74.04900857141412, 30.54094355184154 ], [ 74.056147311909058, 30.522424076058698 ], [ 74.077491416677105, 30.526587361919422 ], [ 74.092869524139687, 30.550358496899939 ], [ 74.078343755541326, 30.556407438126012 ], [ 74.103156451905861, 30.576837348364105 ], [ 74.101602806973489, 30.614331621931221 ], [ 74.109035212319256, 30.61704727737213 ], [ 74.120073319601389, 30.607403925712568 ], [ 74.12904155726325, 30.633646870927738 ], [ 74.150947108718256, 30.632569438624586 ], [ 74.19933931561313, 30.668639870844064 ], [ 74.22060096160719, 30.69243014349065 ], [ 74.233007810157346, 30.723181296109583 ], [ 74.26251266955471, 30.724373345186965 ], [ 74.27175412097975, 30.730745429894736 ], [ 74.394238303084521, 30.694645518326251 ], [ 74.452764093896448, 30.700276780047489 ], [ 74.492229003600499, 30.756037568545402 ], [ 74.544644276973187, 30.804959184402385 ], [ 74.581925399696289, 30.817083667347543 ], [ 74.754462130711644, 30.811839927667197 ], [ 74.87471958450935, 30.75036974988938 ] ] ], [ [ [ 68.358466993412534, 23.8051400027407 ], [ 68.397918993486385, 23.784860004352954 ], [ 68.426245992272626, 23.794861003254184 ], [ 68.418198992785292, 23.762639003737501 ], [ 68.411529994040393, 23.761529003509423 ], [ 68.399306993322256, 23.750972004511407 ], [ 68.417357992368665, 23.760417003213888 ], [ 68.418455992854192, 23.724299003439029 ], [ 68.390417993997048, 23.654307003378996 ], [ 68.375418992939359, 23.64318900332508 ], [ 68.385971992815371, 23.667640003821262 ], [ 68.390135992388849, 23.684861003694156 ], [ 68.389579993589422, 23.685973002784316 ], [ 68.375694992398039, 23.650695002799129 ], [ 68.374580992938775, 23.639310004258743 ], [ 68.347923993257822, 23.615981003929118 ], [ 68.351248992770053, 23.604861003459153 ], [ 68.346802994068781, 23.598190004240301 ], [ 68.330405992894356, 23.589030003423282 ], [ 68.314581994017075, 23.589860003792314 ], [ 68.314857993279503, 23.583196002970588 ], [ 68.308471992363351, 23.58291500385441 ], [ 68.304321992458256, 23.596531003127943 ], [ 68.299582992568645, 23.587918003015016 ], [ 68.307639993326276, 23.584028002814396 ], [ 68.294860993908017, 23.578751003352881 ], [ 68.280693992587885, 23.582362004327774 ], [ 68.274307994159372, 23.591811002927951 ], [ 68.279029992531818, 23.597085004373923 ], [ 68.278197992243093, 23.589860004470697 ], [ 68.280135992374611, 23.588750002651437 ], [ 68.28319599317841, 23.600695004034012 ], [ 68.292640993727161, 23.600139003656889 ], [ 68.272919992353977, 23.617921003549775 ], [ 68.277915993116153, 23.631251003487588 ], [ 68.286528994062124, 23.627359002887729 ], [ 68.304581992357981, 23.630141003254984 ], [ 68.313750993333016, 23.622360002851501 ], [ 68.306807993835037, 23.63070200325415 ], [ 68.27709299242305, 23.632642004152498 ], [ 68.267082992406856, 23.620141002870859 ], [ 68.269575993910138, 23.609850003141165 ], [ 68.2640309929035, 23.602359004493547 ], [ 68.242080994024391, 23.606251003127618 ], [ 68.239860993324712, 23.599861003795741 ], [ 68.256247993708996, 23.595695004302648 ], [ 68.250137993940996, 23.590694003572782 ], [ 68.236808992991769, 23.595695003303117 ], [ 68.233191992859489, 23.587079004330405 ], [ 68.221251993434919, 23.589860003752399 ], [ 68.225982992801008, 23.606810002700598 ], [ 68.205413993936446, 23.602083004260059 ], [ 68.203476993710225, 23.594585003517761 ], [ 68.197081992901232, 23.597085003941697 ], [ 68.186248993272102, 23.624309003153154 ], [ 68.204581994076065, 23.64764100359989 ], [ 68.210135992997735, 23.640418003538102 ], [ 68.223197994196781, 23.647082002946636 ], [ 68.233747993422355, 23.641250004509029 ], [ 68.255957993407264, 23.645140004164272 ], [ 68.258193992159761, 23.640418003838263 ], [ 68.260137994088836, 23.639860004135201 ], [ 68.258186993710282, 23.644862002849262 ], [ 68.279861992312533, 23.649026004213137 ], [ 68.299576993978377, 23.647360002975518 ], [ 68.311812993801269, 23.650141004070075 ], [ 68.280417992877517, 23.652089004372819 ], [ 68.25930899336656, 23.645961002904734 ], [ 68.23124599265067, 23.64291600315914 ], [ 68.269575993887315, 23.649580004493256 ], [ 68.282081993589003, 23.670694004150313 ], [ 68.292358993276267, 23.67847300340091 ], [ 68.304321992332277, 23.679029003000522 ], [ 68.306251993360348, 23.681249003342728 ], [ 68.297363992984245, 23.684032004181656 ], [ 68.318465992513595, 23.718200004331152 ], [ 68.329580992192248, 23.723750004476582 ], [ 68.329863993796508, 23.719862003077992 ], [ 68.334029992505236, 23.710971002761756 ], [ 68.330405992382978, 23.722360002693417 ], [ 68.339301993603982, 23.742639003469804 ], [ 68.34986099261026, 23.7318070036712 ], [ 68.347084992991881, 23.740973002948454 ], [ 68.3518079939291, 23.742920003412923 ], [ 68.340972992431716, 23.744859003038748 ], [ 68.343191993748931, 23.752362004218579 ], [ 68.334861992526854, 23.758751003489476 ], [ 68.34874699403683, 23.78152800294361 ], [ 68.350416993456363, 23.800689004444045 ], [ 68.358466993412534, 23.8051400027407 ] ] ], [ [ [ 68.358466992919332, 23.97500411152302 ], [ 68.37518094510169, 23.967455875360404 ], [ 68.43402999266543, 23.965972002910316 ], [ 68.411529992820419, 23.925980003866712 ], [ 68.387083992911741, 23.914304003634637 ], [ 68.3770829928648, 23.915140004344849 ], [ 68.376250993579447, 23.920419003712428 ], [ 68.376540993884788, 23.914860004409459 ], [ 68.346526992376937, 23.904030004056228 ], [ 68.342360993511136, 23.889863003295517 ], [ 68.348746993866229, 23.865141004481739 ], [ 68.3362499940352, 23.838760003183722 ], [ 68.337637992602282, 23.819305003539192 ], [ 68.320968993187947, 23.80708200375372 ], [ 68.314581993798299, 23.824030004467858 ], [ 68.303749993903921, 23.824584003814859 ], [ 68.288750993132723, 23.81736100393536 ], [ 68.295692992331411, 23.804311003773311 ], [ 68.27430799363853, 23.797362004510514 ], [ 68.270416992090645, 23.785690004201914 ], [ 68.265685992400464, 23.792922004109275 ], [ 68.26985899346171, 23.781811003978589 ], [ 68.262077992868242, 23.760139004493745 ], [ 68.265974993198569, 23.746250004533263 ], [ 68.254027993565913, 23.718750003857107 ], [ 68.266806992278475, 23.691806003536712 ], [ 68.255957993053514, 23.679580004141414 ], [ 68.238472992447356, 23.680971002971507 ], [ 68.226805993989771, 23.690140003947903 ], [ 68.229308993032575, 23.702921002733714 ], [ 68.21986399325985, 23.699582004381952 ], [ 68.207640993502082, 23.706807003015406 ], [ 68.19264199291446, 23.730970002736175 ], [ 68.211806993210445, 23.763482004486747 ], [ 68.213752993353268, 23.755416002771621 ], [ 68.219580993672267, 23.754860003061129 ], [ 68.2259829937246, 23.762639003957737 ], [ 68.224585993221908, 23.771806002879725 ], [ 68.234306992994803, 23.774860002843049 ], [ 68.232635993806284, 23.782084003276161 ], [ 68.224296992153768, 23.77346900365966 ], [ 68.217916993031281, 23.781250003000999 ], [ 68.209297993805436, 23.810970004505204 ], [ 68.212911993583305, 23.834584003301039 ], [ 68.234579994205077, 23.835970002813891 ], [ 68.245405993171403, 23.85375900276517 ], [ 68.249580994008809, 23.846532003881464 ], [ 68.257079992928638, 23.844583002852762 ], [ 68.260406992539174, 23.824859003727774 ], [ 68.260969993846956, 23.837360004120256 ], [ 68.277359993382873, 23.834304004081826 ], [ 68.287359992285701, 23.839307002896703 ], [ 68.263472992684129, 23.837916003366363 ], [ 68.257918992256151, 23.845422003247318 ], [ 68.249580992456984, 23.848749003592552 ], [ 68.257918993549822, 23.870702004304608 ], [ 68.280417992295838, 23.867917003379102 ], [ 68.293196992354382, 23.872922002753672 ], [ 68.297636993033208, 23.867917003544175 ], [ 68.305137992405321, 23.865695004145895 ], [ 68.317642992737802, 23.880420003160072 ], [ 68.309592992717256, 23.879030003365546 ], [ 68.302358992457926, 23.867080003139954 ], [ 68.2931969925488, 23.875142004077389 ], [ 68.28180599247483, 23.870141003964463 ], [ 68.259016993731777, 23.875142003285969 ], [ 68.261252993123435, 23.886530003799372 ], [ 68.278471992627161, 23.902361003390102 ], [ 68.27708399404284, 23.91486200446327 ], [ 68.283469994050947, 23.920419004602945 ], [ 68.324858993938662, 23.914304003602581 ], [ 68.338196993861942, 23.920417004456748 ], [ 68.345970992350445, 23.932640003646611 ], [ 68.346236992331086, 23.960420004087997 ], [ 68.358466992919332, 23.97500411152302 ] ] ], [ [ [ 68.443747992713142, 23.968287456497105 ], [ 68.497642992881779, 23.967470865774036 ], [ 68.499579993683483, 23.948749003787743 ], [ 68.519027993959241, 23.9381890039338 ], [ 68.505691992880728, 23.941804004149684 ], [ 68.518471993816704, 23.935694004261137 ], [ 68.518471993009072, 23.924305003987577 ], [ 68.509865992246972, 23.923195004276529 ], [ 68.504584992653633, 23.908472002880732 ], [ 68.487930992985198, 23.901532003181359 ], [ 68.480414993261434, 23.890416003954432 ], [ 68.467361993012133, 23.894583003763433 ], [ 68.479575993466355, 23.889031003850999 ], [ 68.472357993746272, 23.862080003968217 ], [ 68.443464992652395, 23.848471004448022 ], [ 68.432356992705152, 23.852084003147798 ], [ 68.428192993882945, 23.86181100333264 ], [ 68.439856993939529, 23.866529004290243 ], [ 68.453185992195941, 23.879859003756124 ], [ 68.450416993364357, 23.893473002979988 ], [ 68.458190992562265, 23.914584003671365 ], [ 68.454306992778001, 23.912082003676598 ], [ 68.451247992550748, 23.919861004437493 ], [ 68.462912994013294, 23.931805003690659 ], [ 68.448761992849853, 23.9401400037024 ], [ 68.428192992600501, 23.936530004317348 ], [ 68.441527992166968, 23.962640003990359 ], [ 68.449028993058974, 23.959584003965034 ], [ 68.443747992713142, 23.968287456497105 ] ] ], [ [ [ 68.395689993349038, 23.878196004064492 ], [ 68.420691993757956, 23.868473003895179 ], [ 68.428748993410039, 23.84597100425383 ], [ 68.439307992494278, 23.839031003425536 ], [ 68.426528992660806, 23.810421003353603 ], [ 68.417922993141886, 23.805140004479753 ], [ 68.410141993621622, 23.809031003639578 ], [ 68.407912993092552, 23.814309002829386 ], [ 68.412917992152302, 23.819583004025933 ], [ 68.411529992613964, 23.820973003460988 ], [ 68.406515993175006, 23.811809003919389 ], [ 68.415969994175825, 23.802079003210924 ], [ 68.405416992770384, 23.793191003678672 ], [ 68.391808992545933, 23.809028004355071 ], [ 68.389861993643024, 23.832082003859728 ], [ 68.384307992390376, 23.837360003983861 ], [ 68.379585993758141, 23.838195004228179 ], [ 68.389312992870146, 23.830420004392568 ], [ 68.390135993667698, 23.809585004223479 ], [ 68.401526992597454, 23.790417003736824 ], [ 68.378753992278391, 23.795415004026246 ], [ 68.369582992539023, 23.809585004170902 ], [ 68.355139992578202, 23.810973003671773 ], [ 68.338469992927884, 23.800972004103052 ], [ 68.330139993732075, 23.787361004296649 ], [ 68.325141992427078, 23.797920003014465 ], [ 68.347358993585743, 23.819583004032843 ], [ 68.344306992401144, 23.83930900420652 ], [ 68.377082992431156, 23.857916002828251 ], [ 68.377905992944363, 23.874310004442503 ], [ 68.38764199271624, 23.874032003767994 ], [ 68.395689993349038, 23.878196004064492 ] ] ], [ [ [ 68.496527994099381, 23.830972003604387 ], [ 68.519859994144937, 23.817922003523588 ], [ 68.52291799279719, 23.802360003429524 ], [ 68.512358993309689, 23.78874900329054 ], [ 68.504028992671849, 23.794032004466438 ], [ 68.498473993983197, 23.7945830040651 ], [ 68.522361992505708, 23.77542000300879 ], [ 68.516807993001194, 23.754580003064376 ], [ 68.51013899392261, 23.750970003638827 ], [ 68.504301992960436, 23.755141002783315 ], [ 68.489585993987959, 23.75958300384378 ], [ 68.507362994030174, 23.748470003876243 ], [ 68.487638992192828, 23.737081003779608 ], [ 68.488197993789228, 23.748472003961776 ], [ 68.471525992764995, 23.7551410027048 ], [ 68.465415992566747, 23.767639003614221 ], [ 68.466796994024861, 23.772079004361913 ], [ 68.465415993567206, 23.77542000284366 ], [ 68.464027993645217, 23.766251004082186 ], [ 68.470702992233782, 23.752360004317548 ], [ 68.478469993923184, 23.747640003388838 ], [ 68.476806993179238, 23.740691004532426 ], [ 68.437361993686693, 23.739312003375638 ], [ 68.456526993666984, 23.774028003420423 ], [ 68.447906992563134, 23.806531003384809 ], [ 68.455405992436866, 23.807360004051784 ], [ 68.458190993974796, 23.817650003159198 ], [ 68.496527994099381, 23.830972003604387 ] ] ], [ [ [ 68.449301992449762, 23.938472002961408 ], [ 68.45874699290431, 23.930691003391544 ], [ 68.444029992328737, 23.919309004249051 ], [ 68.451804992844771, 23.915972004235584 ], [ 68.444305992508745, 23.913194003453942 ], [ 68.451530993363718, 23.913472003843168 ], [ 68.450416993457424, 23.905420004495177 ], [ 68.444312992309776, 23.909310003288184 ], [ 68.442915993722167, 23.908189003890421 ], [ 68.450416992820848, 23.904583004219937 ], [ 68.446808993532954, 23.898751004489615 ], [ 68.452079993665919, 23.881810002922212 ], [ 68.443747993837036, 23.878471003349723 ], [ 68.442092993344161, 23.870422003935019 ], [ 68.425972992970401, 23.864580003173966 ], [ 68.419586994094374, 23.870971003526712 ], [ 68.420691992901439, 23.877083004253588 ], [ 68.410697992710453, 23.885421003572016 ], [ 68.429304992419517, 23.895971003441314 ], [ 68.422362992891607, 23.89486100332546 ], [ 68.408468992977248, 23.885140003713108 ], [ 68.417074992256417, 23.872361004060132 ], [ 68.393469993049038, 23.880420004400122 ], [ 68.377356993183014, 23.876530002831057 ], [ 68.372360992798519, 23.859571002704268 ], [ 68.349860993211365, 23.84625100350318 ], [ 68.356529993209364, 23.863201003150127 ], [ 68.355971992339903, 23.890141003148869 ], [ 68.367637993350954, 23.890694003838405 ], [ 68.358466993074686, 23.894029003834195 ], [ 68.354309993978731, 23.888201002903163 ], [ 68.355697992697912, 23.884580002750283 ], [ 68.35320199229885, 23.883739004344122 ], [ 68.352912992871254, 23.900693003520097 ], [ 68.405136993944481, 23.912362004481132 ], [ 68.420135993334782, 23.920973003186678 ], [ 68.427360993159795, 23.933472002733623 ], [ 68.449301992449762, 23.938472002961408 ] ] ], [ [ [ 68.307906992579717, 23.823749003802924 ], [ 68.322365993666139, 23.8048620038835 ], [ 68.313750993461682, 23.786807003186912 ], [ 68.3243029932502, 23.73430900439002 ], [ 68.291252993100045, 23.727641003775247 ], [ 68.286247993818179, 23.733749003646793 ], [ 68.294584993169025, 23.741252004335141 ], [ 68.285698994013416, 23.754584004265038 ], [ 68.293196992101898, 23.740417004275873 ], [ 68.285415992958946, 23.735695003469267 ], [ 68.284857993230332, 23.732085004033337 ], [ 68.294584993456809, 23.723189003666963 ], [ 68.28318699315939, 23.709861003706077 ], [ 68.272087993391537, 23.707639003292119 ], [ 68.274024992132354, 23.706249004454087 ], [ 68.272919994016888, 23.703751004607973 ], [ 68.274580993753986, 23.701811003080614 ], [ 68.274031992190885, 23.701250003580668 ], [ 68.257361993615447, 23.715974003253521 ], [ 68.26597499280075, 23.729585002758235 ], [ 68.267638992405907, 23.772362002667116 ], [ 68.275405993494402, 23.795142003496103 ], [ 68.298194994056928, 23.803750003067645 ], [ 68.290138992090007, 23.816805004349899 ], [ 68.307906992579717, 23.823749003802924 ] ] ], [ [ [ 68.535414993125926, 23.945973003282923 ], [ 68.54235899232016, 23.933750003005578 ], [ 68.558196992987774, 23.930974003216317 ], [ 68.558472993466637, 23.923195003300538 ], [ 68.582640993200428, 23.922919003863946 ], [ 68.588752994021789, 23.916811004331382 ], [ 68.567085992509661, 23.903474004167865 ], [ 68.546805992554155, 23.872917002788569 ], [ 68.537087993638679, 23.86736100457474 ], [ 68.532638992980637, 23.876252003181136 ], [ 68.522085992400676, 23.856250003304641 ], [ 68.517080992573625, 23.856528003990839 ], [ 68.500418993674117, 23.866529003715218 ], [ 68.502081993090542, 23.875420003524521 ], [ 68.490966992712259, 23.866251003045534 ], [ 68.485968993108798, 23.889869004041174 ], [ 68.512084993366145, 23.90319500290482 ], [ 68.525695993386847, 23.89264100322232 ], [ 68.514029993563085, 23.904583002760269 ], [ 68.531806993357378, 23.923471003818218 ], [ 68.537636993184734, 23.917638003041908 ], [ 68.525413992415167, 23.94014000447158 ], [ 68.535414993125926, 23.945973003282923 ] ] ], [ [ [ 68.470137992163927, 23.478196004159013 ], [ 68.485419993873393, 23.475420003155556 ], [ 68.494856993179596, 23.455972003261341 ], [ 68.484580992369487, 23.403190004109021 ], [ 68.463470993189972, 23.407085003819248 ], [ 68.46652999370167, 23.411809003482094 ], [ 68.458190992379144, 23.417917003424719 ], [ 68.464576993434889, 23.421249002972466 ], [ 68.458746994024125, 23.434031004334955 ], [ 68.467634992698308, 23.442083003042836 ], [ 68.460419993859944, 23.444027004386616 ], [ 68.461807993578432, 23.453479004396705 ], [ 68.470702992785817, 23.45318900342691 ], [ 68.474586993905817, 23.459863003580871 ], [ 68.440139993013162, 23.444861004499714 ], [ 68.430418992707317, 23.431250004337091 ], [ 68.428474992608926, 23.437361003035473 ], [ 68.418198994021495, 23.439861004283916 ], [ 68.429030993027837, 23.43153100364799 ], [ 68.421250992736717, 23.420142003964447 ], [ 68.412085993255516, 23.443471002946943 ], [ 68.424857992963354, 23.447640004492879 ], [ 68.434858992559626, 23.440417003476941 ], [ 68.432638993419388, 23.450140003654056 ], [ 68.452635992594367, 23.460970003553669 ], [ 68.444861993731664, 23.461804002952771 ], [ 68.445137992621582, 23.46791900275549 ], [ 68.460136993592002, 23.468471003917294 ], [ 68.457075992730111, 23.478750003929612 ], [ 68.470137992163927, 23.478196004159013 ] ] ], [ [ [ 68.55819699397928, 23.313752003856706 ], [ 68.574027992596157, 23.294306004125886 ], [ 68.572356992599936, 23.303751003958563 ], [ 68.588194993706523, 23.295416004391065 ], [ 68.582077993173087, 23.310142004268446 ], [ 68.595695992809453, 23.299582003589943 ], [ 68.612075993525025, 23.29653100325806 ], [ 68.607359993297067, 23.294860004450321 ], [ 68.614860993961059, 23.271531003872362 ], [ 68.60624799420242, 23.27347300320557 ], [ 68.602363992584102, 23.268194003572141 ], [ 68.599861993881973, 23.272916003944573 ], [ 68.572363993372775, 23.260974004547759 ], [ 68.584297993894921, 23.253749003568799 ], [ 68.572905992925925, 23.25125100454763 ], [ 68.574027993423613, 23.245141003570645 ], [ 68.540968993941675, 23.265694003353929 ], [ 68.540968992729603, 23.285142003771483 ], [ 68.556250993914105, 23.274031004351539 ], [ 68.567916994111712, 23.281249003419518 ], [ 68.55319199321309, 23.296811003177694 ], [ 68.55819699397928, 23.313752003856706 ] ] ], [ [ [ 70.003745994002941, 22.593201002502465 ], [ 70.024856992411273, 22.586249002124145 ], [ 70.027083993009128, 22.567916001130246 ], [ 69.992636994320378, 22.548195001805865 ], [ 69.9579169936342, 22.549580002173677 ], [ 69.965141993846331, 22.577921002501046 ], [ 69.992919992831986, 22.584583001249619 ], [ 70.003745994002941, 22.593201002502465 ] ] ], [ [ [ 69.627639994263333, 22.459493053233576 ], [ 69.643194992966329, 22.450700001541716 ], [ 69.648475993599988, 22.438194001326231 ], [ 69.644858993779053, 22.434028002281714 ], [ 69.657081993458874, 22.428194001759199 ], [ 69.636528992440716, 22.40653000186267 ], [ 69.595968993268684, 22.424583003490238 ], [ 69.588194993003597, 22.437080002071081 ], [ 69.593482992687598, 22.44542200223945 ], [ 69.627639994263333, 22.459493053233576 ] ] ], [ [ [ 69.918746993329677, 22.55319500137292 ], [ 69.932357993124413, 22.544584001537888 ], [ 69.929579992901168, 22.530700002638774 ], [ 69.93597299357549, 22.533193001791229 ], [ 69.935143994026845, 22.525141002420344 ], [ 69.937080993731044, 22.531810001466571 ], [ 69.942085993940609, 22.528749002051097 ], [ 69.941526994185935, 22.517916002433651 ], [ 69.896529992572425, 22.511806002236327 ], [ 69.862356992725083, 22.527081001148574 ], [ 69.865690993340394, 22.531249001943397 ], [ 69.895141992718052, 22.522921002377402 ], [ 69.90125299319476, 22.527639001843458 ], [ 69.900404993918499, 22.546248001710246 ], [ 69.918746993329677, 22.55319500137292 ] ] ], [ [ [ 68.485136993526496, 23.592640004586276 ], [ 68.481245992435163, 23.561250003467311 ], [ 68.473471993672675, 23.562921004103003 ], [ 68.46819399329182, 23.552917003354466 ], [ 68.461807993559219, 23.554030004492322 ], [ 68.445967993670052, 23.540141004016899 ], [ 68.430418993546837, 23.507651003513679 ], [ 68.435417993634232, 23.557084003159684 ], [ 68.448196992293234, 23.56569400433423 ], [ 68.453185993820938, 23.56125000295528 ], [ 68.45569499292796, 23.572361003824039 ], [ 68.472915992656652, 23.57819300409961 ], [ 68.462363992711403, 23.581527002933004 ], [ 68.468473994169813, 23.592082002953099 ], [ 68.479575992281369, 23.58986000301055 ], [ 68.480972993977105, 23.591531004149822 ], [ 68.480423992332106, 23.596809002918427 ], [ 68.485136993526496, 23.592640004586276 ] ] ], [ [ [ 68.56791699285651, 23.372070002737477 ], [ 68.586250994011493, 23.373472003548745 ], [ 68.587914993479615, 23.368474003820413 ], [ 68.58957599362077, 23.374030003846354 ], [ 68.597921992865182, 23.36403200411651 ], [ 68.594856992648857, 23.359029002915186 ], [ 68.610694993102982, 23.35180400279355 ], [ 68.606796993735429, 23.363751003897772 ], [ 68.608749993235477, 23.364312003885889 ], [ 68.618468992619981, 23.352921003987266 ], [ 68.619026992181773, 23.32902700413824 ], [ 68.599861992465804, 23.345694003965704 ], [ 68.607359993112254, 23.331809004132207 ], [ 68.590972992534532, 23.341530003036951 ], [ 68.584030992702637, 23.353473003093455 ], [ 68.57847699312552, 23.351528004264143 ], [ 68.579308993035596, 23.360139003609206 ], [ 68.56791699285651, 23.372070002737477 ] ] ], [ [ [ 69.136802991728175, 22.4776390027193 ], [ 69.148483992129457, 22.474029003538252 ], [ 69.146803992082226, 22.463194002358623 ], [ 69.123191992323385, 22.468470003294097 ], [ 69.110968991486985, 22.464031003355206 ], [ 69.108466991698819, 22.437360002937503 ], [ 69.084861992142166, 22.42096000236306 ], [ 69.085134991992874, 22.432640003407609 ], [ 69.095969992921482, 22.441251002464107 ], [ 69.093483991499539, 22.461531003391805 ], [ 69.136802991728175, 22.4776390027193 ] ] ], [ [ [ 68.248190992692798, 23.880420004360637 ], [ 68.254859994065285, 23.875142002847255 ], [ 68.251807993424563, 23.862360003589007 ], [ 68.234023992174656, 23.842917004315211 ], [ 68.215972993480605, 23.8476300030242 ], [ 68.215972993703105, 23.866809003876622 ], [ 68.248190992692798, 23.880420004360637 ] ] ], [ [ [ 70.448470994630853, 23.052084002219534 ], [ 70.434303994346706, 23.013749002199017 ], [ 70.413750994693189, 22.989850002257601 ], [ 70.414579993503978, 23.019310000978138 ], [ 70.448470994630853, 23.052084002219534 ] ] ], [ [ [ 69.324286994227947, 22.527639002382863 ], [ 69.351249992808818, 22.526541001982217 ], [ 69.363745992608685, 22.512362002938396 ], [ 69.350134993191773, 22.504027002524545 ], [ 69.335135993564961, 22.507359003233983 ], [ 69.315696993212882, 22.519860003404609 ], [ 69.324286994227947, 22.527639002382863 ] ] ], [ [ [ 68.45625299324314, 23.624861002907121 ], [ 68.465973993989508, 23.621531003529004 ], [ 68.466529993244123, 23.600980003718934 ], [ 68.451820992383105, 23.602922003350027 ], [ 68.440406993649901, 23.586530004582027 ], [ 68.434592992361303, 23.616250003344128 ], [ 68.45625299324314, 23.624861002907121 ] ] ], [ [ [ 68.505972993872518, 23.342362004407928 ], [ 68.527640992797842, 23.337083002994561 ], [ 68.526252992784677, 23.329027003141782 ], [ 68.53763699336973, 23.318470004119327 ], [ 68.519302992255717, 23.317084002826714 ], [ 68.502357993846175, 23.323750003881379 ], [ 68.505972993872518, 23.342362004407928 ] ] ], [ [ [ 69.30208599405006, 22.474029002825194 ], [ 69.324585993925282, 22.469583003604569 ], [ 69.326805993289142, 22.457082003594884 ], [ 69.320419991861598, 22.450969003441873 ], [ 69.301247991553282, 22.452918001931991 ], [ 69.292914993105001, 22.45930400183488 ], [ 69.30208599405006, 22.474029002825194 ] ] ], [ [ [ 68.484580993159156, 23.627919004074673 ], [ 68.483192993805318, 23.621531004222732 ], [ 68.490417993193844, 23.624309003777416 ], [ 68.490973993312551, 23.604305003580723 ], [ 68.482633993126257, 23.607361003205298 ], [ 68.478759994138429, 23.606532003880655 ], [ 68.477911993427867, 23.600139003390201 ], [ 68.479857992429245, 23.590970004275192 ], [ 68.468193992819096, 23.5926400035295 ], [ 68.469565992877591, 23.616250002759458 ], [ 68.484580993159156, 23.627919004074673 ] ] ], [ [ [ 68.537087994090996, 23.404862004345414 ], [ 68.554016993955074, 23.399030004555282 ], [ 68.556250992526302, 23.379028003577453 ], [ 68.567358993561626, 23.375972003641731 ], [ 68.555693993631408, 23.360417004297194 ], [ 68.550139993746654, 23.371250003312699 ], [ 68.560692993429072, 23.37542100283077 ], [ 68.554030992217704, 23.3770820041793 ], [ 68.54624999405624, 23.396806004194794 ], [ 68.543746993061959, 23.388200004442748 ], [ 68.541251992930668, 23.401250003816244 ], [ 68.533470993623368, 23.389581003545988 ], [ 68.528198993659444, 23.39069100414914 ], [ 68.537087994090996, 23.404862004345414 ] ] ], [ [ [ 68.588470992760548, 23.319030004068786 ], [ 68.607918992381329, 23.309861003446791 ], [ 68.605139992871116, 23.314862004271376 ], [ 68.609306993587509, 23.31680600306527 ], [ 68.618750993106474, 23.299311003837996 ], [ 68.598471992812563, 23.302080004028173 ], [ 68.582915992867854, 23.315140004325482 ], [ 68.588470992760548, 23.319030004068786 ] ] ], [ [ [ 70.48236199385569, 23.065419001422164 ], [ 70.459585994196146, 23.044321001993339 ], [ 70.45180499448341, 23.026528001197107 ], [ 70.446250994007272, 23.025138001849218 ], [ 70.458191995200181, 23.049862001950167 ], [ 70.48236199385569, 23.065419001422164 ] ] ], [ [ [ 68.506813993031045, 23.456542004261209 ], [ 68.525137994154122, 23.443202003791807 ], [ 68.525695993573819, 23.436251004034858 ], [ 68.522917992527894, 23.443202003404799 ], [ 68.513466992661122, 23.447920003818933 ], [ 68.521247993416011, 23.441541004363962 ], [ 68.520973992884961, 23.437080003401988 ], [ 68.517080993428337, 23.442083003037904 ], [ 68.515692992410678, 23.433472003209783 ], [ 68.509855993461656, 23.438751004430301 ], [ 68.511526993903459, 23.430416004300014 ], [ 68.502906993234618, 23.429311003455823 ], [ 68.506813993031045, 23.456542004261209 ] ] ], [ [ [ 68.458472992330044, 23.60041900422187 ], [ 68.467634992125042, 23.591806004301311 ], [ 68.461524992405074, 23.583471003623337 ], [ 68.462080992963791, 23.576812004379317 ], [ 68.451247994037999, 23.573195003580896 ], [ 68.444305992525699, 23.578193003314787 ], [ 68.453192993208432, 23.577917003294075 ], [ 68.45707599389111, 23.587640002962512 ], [ 68.452362992254976, 23.595421003499787 ], [ 68.458472992330044, 23.60041900422187 ] ] ], [ [ [ 68.479308992301554, 23.555420003044468 ], [ 68.476250993911719, 23.539304003865926 ], [ 68.453192992175801, 23.528749004251551 ], [ 68.461807993708803, 23.533750004424935 ], [ 68.45347499403762, 23.536811003299881 ], [ 68.457358992471214, 23.54264100266851 ], [ 68.479308992301554, 23.555420003044468 ] ] ], [ [ [ 68.467361993496866, 23.739861003860593 ], [ 68.485136993829698, 23.732361004552157 ], [ 68.487638992738241, 23.729031003628307 ], [ 68.459295992879859, 23.724862002715554 ], [ 68.457075992875303, 23.733749004227896 ], [ 68.467361993496866, 23.739861003860593 ] ] ], [ [ [ 69.944305993808968, 22.551251002292581 ], [ 69.957357993888536, 22.545694001512857 ], [ 69.953193994179543, 22.53680600272715 ], [ 69.938750994290245, 22.538481001043667 ], [ 69.944305993808968, 22.551251002292581 ] ] ], [ [ [ 70.44152899476066, 23.049584001702165 ], [ 70.430419994542873, 23.035417002135187 ], [ 70.414579994233748, 23.022638001882907 ], [ 70.429015994301011, 23.046530001087529 ], [ 70.44152899476066, 23.049584001702165 ] ] ], [ [ [ 68.467085993039746, 23.497642004070659 ], [ 68.472915993000086, 23.490973003832234 ], [ 68.471251994092455, 23.480418003034593 ], [ 68.459587992877815, 23.479584003464257 ], [ 68.467085993039746, 23.497642004070659 ] ] ], [ [ [ 68.481804993205742, 23.500693004197359 ], [ 68.486809993558708, 23.485970004264026 ], [ 68.479575992309634, 23.477920003377719 ], [ 68.473747992756486, 23.481811002950117 ], [ 68.484580994103098, 23.485140003332788 ], [ 68.484306993675418, 23.490695002995974 ], [ 68.474859992657969, 23.486522003768577 ], [ 68.472922992185772, 23.494029004243068 ], [ 68.481528993803622, 23.491529003740411 ], [ 68.481804993205742, 23.500693004197359 ] ] ], [ [ [ 69.335418991843454, 22.389031003408476 ], [ 69.340416992499328, 22.380972001861711 ], [ 69.332076991647085, 22.37264000309456 ], [ 69.322905991411943, 22.382360001917139 ], [ 69.335418991843454, 22.389031003408476 ] ] ], [ [ [ 68.216528993041436, 23.779311002914611 ], [ 68.224029992933083, 23.764031003743771 ], [ 68.217636993613155, 23.755694003086397 ], [ 68.214858992861011, 23.758195003664024 ], [ 68.216528993041436, 23.779311002914611 ] ] ], [ [ [ 70.455139993637644, 22.995701002265822 ], [ 70.45096699377001, 22.985969002184554 ], [ 70.432639994309653, 22.978751001324483 ], [ 70.435691995098921, 22.983749002463767 ], [ 70.455139993637644, 22.995701002265822 ] ] ], [ [ [ 68.498747992495154, 23.489311003892713 ], [ 68.49597199353569, 23.477360004391201 ], [ 68.48707699412607, 23.473471002798586 ], [ 68.485136993989741, 23.476530003903022 ], [ 68.48208499334396, 23.477920003438655 ], [ 68.498747992495154, 23.489311003892713 ] ] ], [ [ [ 69.630975715703627, 22.761251451671736 ], [ 69.644029611522313, 22.76458549763948 ], [ 69.667085641856389, 22.751806262248063 ], [ 69.630975715703627, 22.761251451671736 ] ] ], [ [ [ 68.349584993123287, 23.800420003770441 ], [ 68.346802994030185, 23.780138002914459 ], [ 68.340415993659548, 23.777082004145651 ], [ 68.341803992822179, 23.789305004439377 ], [ 68.349584993123287, 23.800420003770441 ] ] ], [ [ [ 69.948751993448468, 22.605973002559431 ], [ 69.958189994271706, 22.603751002676791 ], [ 69.963753993446304, 22.599028002121958 ], [ 69.953193993122923, 22.595416002179732 ], [ 69.948751993448468, 22.605973002559431 ] ] ], [ [ [ 68.605139993960663, 23.809585004288987 ], [ 68.601805993563787, 23.796249004268759 ], [ 68.595138993582452, 23.796805002834613 ], [ 68.593475993264619, 23.803472003844988 ], [ 68.605139993960663, 23.809585004288987 ] ] ], [ [ [ 69.452636993217894, 22.358194002361738 ], [ 69.458190993936128, 22.352080002711759 ], [ 69.437361992762945, 22.354306002287501 ], [ 69.439581992960441, 22.356809003446106 ], [ 69.452636993217894, 22.358194002361738 ] ] ], [ [ [ 68.523749994117935, 23.40514100285273 ], [ 68.527357992493407, 23.399030002825235 ], [ 68.527357992739866, 23.386249003865679 ], [ 68.520141992905394, 23.39541500367551 ], [ 68.523749994117935, 23.40514100285273 ] ] ], [ [ [ 68.609016994011512, 23.231252003237898 ], [ 68.611808993724139, 23.227639004161365 ], [ 68.612923993455468, 23.221251004134221 ], [ 68.603469993771185, 23.225695004065898 ], [ 68.609016994011512, 23.231252003237898 ] ] ], [ [ [ 69.482634993272882, 22.398749002780445 ], [ 69.488197992617032, 22.389861002853642 ], [ 69.480423993317686, 22.388471003143547 ], [ 69.482634993272882, 22.398749002780445 ] ] ], [ [ [ 68.530418993557262, 23.870971004074271 ], [ 68.534858993830255, 23.86486000391691 ], [ 68.524025993929214, 23.858472003560959 ], [ 68.530418993557262, 23.870971004074271 ] ] ], [ [ [ 68.244856993536317, 23.587079003139888 ], [ 68.255142992186805, 23.590140003847065 ], [ 68.257918992818702, 23.585140003702431 ], [ 68.249861992190787, 23.582915004273676 ], [ 68.244856993536317, 23.587079003139888 ] ] ], [ [ [ 70.45902999478929, 23.057641002741999 ], [ 70.457359994590249, 23.05013800285894 ], [ 70.449585994430123, 23.043193002127147 ], [ 70.457359993632096, 23.055141001532885 ], [ 70.454856995245336, 23.055141001714293 ], [ 70.451811993488462, 23.052640001731149 ], [ 70.449591993777659, 23.052360001855412 ], [ 70.449591995091964, 23.052640002336041 ], [ 70.45902999478929, 23.057641002741999 ] ] ], [ [ [ 70.012640994312505, 22.554583001410329 ], [ 70.025139993763787, 22.555973002004183 ], [ 70.013472993629932, 22.552639001175081 ], [ 70.012640994312505, 22.554583001410329 ] ] ], [ [ [ 68.473471993767561, 23.720972003082398 ], [ 68.482084993321124, 23.719860003698404 ], [ 68.472639993825325, 23.714581003450604 ], [ 68.473471993767561, 23.720972003082398 ] ] ], [ [ [ 68.499030993156452, 23.475974004003628 ], [ 68.50235799282963, 23.458194004339195 ], [ 68.50013799330344, 23.455140004071175 ], [ 68.495139993541045, 23.474030003906964 ], [ 68.499030993156452, 23.475974004003628 ] ] ], [ [ [ 68.63485799353451, 23.313752003145286 ], [ 68.642638993224736, 23.314030003674365 ], [ 68.646246993133374, 23.307359004455027 ], [ 68.633467993439098, 23.307639003807076 ], [ 68.63485799353451, 23.313752003145286 ] ] ], [ [ [ 68.414581992774018, 23.409861003622648 ], [ 68.420967993063869, 23.401250003870892 ], [ 68.422362992301572, 23.405141003863964 ], [ 68.423469992413999, 23.400689003861665 ], [ 68.41874799265959, 23.400418003246617 ], [ 68.413193994210886, 23.403750003142932 ], [ 68.414581992774018, 23.409861003622648 ] ] ], [ [ [ 68.479026992806695, 23.604041003574562 ], [ 68.486526992092863, 23.603195004472489 ], [ 68.480140993131158, 23.598190003865522 ], [ 68.479026992806695, 23.604041003574562 ] ] ], [ [ [ 70.011252993042788, 22.553751002483551 ], [ 70.004859993598103, 22.549031002368888 ], [ 69.99597099434942, 22.548751002405456 ], [ 70.000686993698864, 22.552361002542934 ], [ 70.011252993042788, 22.553751002483551 ] ] ], [ [ [ 68.535140993875601, 23.387639002974598 ], [ 68.532082993631022, 23.384583003288352 ], [ 68.536804992259761, 23.377362003033902 ], [ 68.534301994039097, 23.371250004122572 ], [ 68.530418993881597, 23.383195003765429 ], [ 68.535140993875601, 23.387639002974598 ] ] ], [ [ [ 70.024307992801099, 22.553195001383337 ], [ 70.019858993863238, 22.547917001719195 ], [ 70.01152899313513, 22.549583001235188 ], [ 70.015974993165713, 22.55153100155654 ], [ 70.024307992801099, 22.553195001383337 ] ] ], [ [ [ 68.50124999355117, 23.453479004493094 ], [ 68.502357992440679, 23.449581004376398 ], [ 68.496803993406076, 23.444027002881359 ], [ 68.49597199419965, 23.448474002965742 ], [ 68.50124999355117, 23.453479004493094 ] ] ], [ [ [ 68.475135993337361, 23.528761002830745 ], [ 68.474586994108606, 23.522078003455508 ], [ 68.471525992714859, 23.520690002840016 ], [ 68.468749993201001, 23.524583003893238 ], [ 68.475135993337361, 23.528761002830745 ] ] ], [ [ [ 69.405134992745459, 22.532640003239376 ], [ 69.40651599229318, 22.527081003200013 ], [ 69.403197993271277, 22.52430500326161 ], [ 69.401802994119208, 22.528195002644118 ], [ 69.405134992745459, 22.532640003239376 ] ] ], [ [ [ 68.525695993923307, 23.949530002963943 ], [ 68.52152999361968, 23.945416004084834 ], [ 68.514578992719507, 23.949583004338972 ], [ 68.525695993923307, 23.949530002963943 ] ] ], [ [ [ 68.467917992363553, 23.524032004378995 ], [ 68.470413993795674, 23.518751003563789 ], [ 68.464300993751266, 23.51541700413679 ], [ 68.463195993674631, 23.518751004544779 ], [ 68.467917992363553, 23.524032004378995 ] ] ], [ [ [ 68.486809993896529, 23.745972003604248 ], [ 68.484862993648179, 23.737639003678204 ], [ 68.481795992366102, 23.736240004152414 ], [ 68.48346599263796, 23.742371002971311 ], [ 68.486809993896529, 23.745972003604248 ] ] ], [ [ [ 68.577917993873029, 23.384029003347454 ], [ 68.586250992221636, 23.38014100395263 ], [ 68.587089992730597, 23.375970003722045 ], [ 68.577917993873029, 23.384029003347454 ] ] ], [ [ [ 68.627083993913828, 23.321811003961148 ], [ 68.629859993317481, 23.315696003708609 ], [ 68.627906994018744, 23.311532002809333 ], [ 68.625686993680389, 23.312081004544112 ], [ 68.627083993913828, 23.321811003961148 ] ] ], [ [ [ 68.521247994128757, 23.342638003814248 ], [ 68.531806993971074, 23.342362003234509 ], [ 68.532082993211219, 23.339305003561485 ], [ 68.521247994128757, 23.342638003814248 ] ] ], [ [ [ 68.631529992749535, 23.351804004038588 ], [ 68.635696992748223, 23.345420004420241 ], [ 68.634308993802321, 23.342359003538117 ], [ 68.628471992779396, 23.348750002854896 ], [ 68.631529992749535, 23.351804004038588 ] ] ], [ [ [ 68.569578993551175, 23.358749002770288 ], [ 68.573753993474739, 23.357361003560484 ], [ 68.575691993447492, 23.352360002918079 ], [ 68.569578993551175, 23.358749002770288 ] ] ], [ [ [ 69.958189994070139, 22.542640001922297 ], [ 69.963470993945535, 22.541811001343302 ], [ 69.954032994075462, 22.535972002067865 ], [ 69.958189994070139, 22.542640001922297 ] ] ], [ [ [ 69.194578991774122, 22.374584001941962 ], [ 69.194578992328786, 22.367639002946266 ], [ 69.189856992320372, 22.369305001778152 ], [ 69.194578991774122, 22.374584001941962 ] ] ], [ [ [ 68.407912993248402, 23.457921002841363 ], [ 68.406248993324724, 23.452360003122859 ], [ 68.401252993943231, 23.453750002928995 ], [ 68.401252992449074, 23.455140004316611 ], [ 68.407912993248402, 23.457921002841363 ] ] ], [ [ [ 68.485968993339682, 23.489031003450055 ], [ 68.489585993240595, 23.493749003697701 ], [ 68.48763899228382, 23.486522003572002 ], [ 68.485968993339682, 23.489031003450055 ] ] ], [ [ [ 68.535423992771669, 23.380701004197221 ], [ 68.536528992915336, 23.382361004299153 ], [ 68.54291499348308, 23.380138004327495 ], [ 68.535423992771669, 23.380701004197221 ] ] ], [ [ [ 70.241807930306223, 22.689584734471588 ], [ 70.247362130320568, 22.688192368828023 ], [ 70.242639534788765, 22.686811448238647 ], [ 70.241807930306223, 22.689584734471588 ] ] ], [ [ [ 68.473471993854076, 23.537082003324908 ], [ 68.476516993543484, 23.532920002976358 ], [ 68.474859992942882, 23.530420004001037 ], [ 68.472077993135244, 23.530969002814434 ], [ 68.473471993854076, 23.537082003324908 ] ] ], [ [ [ 70.461249994906197, 23.057921002317276 ], [ 70.468191994461023, 23.05875100238228 ], [ 70.46041799372162, 23.055710002228892 ], [ 70.461249994906197, 23.057921002317276 ] ] ], [ [ [ 68.39847499320976, 23.427084004403824 ], [ 68.401252992605009, 23.42318000414879 ], [ 68.398191993638676, 23.421806003485958 ], [ 68.39847499320976, 23.427084004403824 ] ] ], [ [ [ 68.398483992536768, 23.419032004415705 ], [ 68.402640992736067, 23.41847100371082 ], [ 68.401802993113989, 23.415971003819234 ], [ 68.398483992536768, 23.419032004415705 ] ] ], [ [ [ 68.695136993823709, 23.851530003403045 ], [ 68.700416992367622, 23.851527002687067 ], [ 68.694862992596597, 23.849310003215731 ], [ 68.695136993823709, 23.851530003403045 ] ] ], [ [ [ 70.042075992944504, 22.570140001630211 ], [ 70.045966993586305, 22.569860002793313 ], [ 70.042075993667382, 22.567360002057168 ], [ 70.042075992944504, 22.570140001630211 ] ] ], [ [ [ 70.24402599424333, 22.720139001419312 ], [ 70.24346999315695, 22.712361001776788 ], [ 70.243186994253364, 22.720139002589566 ], [ 70.24402599424333, 22.720139001419312 ] ] ], [ [ [ 70.216803993393043, 22.642084001764328 ], [ 70.220969992650865, 22.643472002599651 ], [ 70.220413992885852, 22.640140000936096 ], [ 70.216803993393043, 22.642084001764328 ] ] ], [ [ [ 68.705139993151747, 23.848471003233971 ], [ 68.708747994042156, 23.85097400391923 ], [ 68.710693992737077, 23.849310004352102 ], [ 68.705139993151747, 23.848471003233971 ] ] ], [ [ [ 68.631529992656283, 23.317640003297214 ], [ 68.634025992341634, 23.314028003924339 ], [ 68.630691993782861, 23.312361003416143 ], [ 68.631529992656283, 23.317640003297214 ] ] ], [ [ [ 68.549857993267764, 23.414861003043697 ], [ 68.547919993466181, 23.410417003907867 ], [ 68.541526992801707, 23.405430004480024 ], [ 68.541526994126315, 23.406250003733753 ], [ 68.549857993267764, 23.414861003043697 ] ] ], [ [ [ 68.460419994013833, 23.405141003649046 ], [ 68.469025993673213, 23.403750002912933 ], [ 68.462080993905403, 23.402360003769651 ], [ 68.460419994013833, 23.405141003649046 ] ] ], [ [ [ 69.08902799264358, 22.49069400332381 ], [ 69.086807992495878, 22.486804002635893 ], [ 69.084029992830224, 22.485138002361332 ], [ 69.0851349920313, 22.488190002593583 ], [ 69.08902799264358, 22.49069400332381 ] ] ], [ [ [ 68.224029992919199, 23.584028002733653 ], [ 68.227354993530014, 23.585420004348229 ], [ 68.228195993209212, 23.584306004357181 ], [ 68.224029992919199, 23.584028002733653 ] ] ], [ [ [ 68.501808993408176, 23.380973004418596 ], [ 68.50291399338235, 23.380973002964566 ], [ 68.505142993629576, 23.377362003367985 ], [ 68.501808993408176, 23.380973004418596 ] ] ], [ [ [ 68.470969993275716, 23.355970004550642 ], [ 68.476516992779338, 23.355421003746311 ], [ 68.476250993388177, 23.353470004366407 ], [ 68.470969993275716, 23.355970004550642 ] ] ], [ [ [ 69.955137992797248, 22.535972000949275 ], [ 69.956801994398262, 22.534030001685952 ], [ 69.952368993051167, 22.532640002457544 ], [ 69.955137992797248, 22.535972000949275 ] ] ], [ [ [ 68.625136992269105, 23.324306004246246 ], [ 68.62847199335279, 23.324863002921415 ], [ 68.629027993707169, 23.321530003938815 ], [ 68.625136992269105, 23.324306004246246 ] ] ], [ [ [ 68.216246992986527, 23.591204957217293 ], [ 68.217636993506844, 23.587084003515123 ], [ 68.217100993492835, 23.58625000275574 ], [ 68.21514099267155, 23.587079002684789 ], [ 68.216246992986527, 23.591204957217293 ] ] ], [ [ [ 70.452078994038317, 23.060695002323016 ], [ 70.449026995015032, 23.057921001196036 ], [ 70.445968993817743, 23.058195001409452 ], [ 70.44708999342636, 23.059320001522874 ], [ 70.452078994038317, 23.060695002323016 ] ] ], [ [ [ 68.560965992743036, 23.342920003957129 ], [ 68.565138992410198, 23.34264000390797 ], [ 68.561248993722685, 23.341810003511913 ], [ 68.560965992743036, 23.342920003957129 ] ] ], [ [ [ 69.943473992894155, 22.530417001733763 ], [ 69.947081994142223, 22.53153000233026 ], [ 69.947639994364707, 22.530417001805827 ], [ 69.943473992894155, 22.530417001733763 ] ] ], [ [ [ 68.557906992284501, 23.409309004462155 ], [ 68.555420993807971, 23.405141003616421 ], [ 68.551245993493524, 23.404306002807829 ], [ 68.554579993317574, 23.405970003534492 ], [ 68.557906992284501, 23.409309004462155 ] ] ], [ [ [ 70.239029993829504, 22.682080001605716 ], [ 70.243751992707061, 22.684311001747805 ], [ 70.24346999327993, 22.682361001448655 ], [ 70.239029993829504, 22.682080001605716 ] ] ], [ [ [ 68.64319499235728, 23.315420003517211 ], [ 68.64097499340717, 23.318210004116519 ], [ 68.643752993552027, 23.317920003847128 ], [ 68.64319499235728, 23.315420003517211 ] ] ], [ [ [ 69.182638992440133, 22.366810003154136 ], [ 69.185690992520662, 22.3670830018701 ], [ 69.185416992846839, 22.364040002762842 ], [ 69.182638992440133, 22.366810003154136 ] ] ], [ [ [ 69.635141366468574, 22.77791786486657 ], [ 69.637353890456311, 22.77874946851507 ], [ 69.637643806425757, 22.775690081464219 ], [ 69.635141366468574, 22.77791786486657 ] ] ], [ [ [ 68.514029993918854, 23.432641003376904 ], [ 68.516251992881379, 23.42986000283878 ], [ 68.513748992720465, 23.430416002878218 ], [ 68.514029993918854, 23.432641003376904 ] ] ], [ [ [ 69.278198991488807, 22.417922003465943 ], [ 69.280691991811807, 22.415695002986567 ], [ 69.277639993134372, 22.415973002211697 ], [ 69.278198991488807, 22.417922003465943 ] ] ], [ [ [ 68.545417992190593, 23.340420003976085 ], [ 68.550695992856333, 23.33930500376551 ], [ 68.545134993777438, 23.338752003564942 ], [ 68.545417992190593, 23.340420003976085 ] ] ], [ [ [ 68.540412993232081, 23.33931000336883 ], [ 68.544585992503201, 23.338471004023177 ], [ 68.541526992794871, 23.337081004041771 ], [ 68.540412993232081, 23.33931000336883 ] ] ], [ [ [ 70.038474992580433, 22.56680400104521 ], [ 70.040970993940817, 22.565140001784133 ], [ 70.038750993859409, 22.564306001925079 ], [ 70.038474992580433, 22.56680400104521 ] ] ], [ [ [ 68.469565992670425, 23.405141004370485 ], [ 68.471251993955931, 23.404306004568536 ], [ 68.475974993471127, 23.402916003096241 ], [ 68.472915992891487, 23.403194002910183 ], [ 68.469565992670425, 23.405141004370485 ] ] ], [ [ [ 70.180136993897008, 22.581529001353676 ], [ 70.183197993294769, 22.58263900232286 ], [ 70.183197993147928, 22.580971001507752 ], [ 70.180136993897008, 22.581529001353676 ] ] ], [ [ [ 68.657081993618661, 23.268750003033603 ], [ 68.660422993695661, 23.268750003800363 ], [ 68.660139992257569, 23.267916004267505 ], [ 68.657081993618661, 23.268750003033603 ] ] ], [ [ [ 69.199583991884765, 22.38708300180647 ], [ 69.202362992960559, 22.386531002318872 ], [ 69.199577991897129, 22.384028003084904 ], [ 69.199583991884765, 22.38708300180647 ] ] ], [ [ [ 68.553747992803935, 23.341810003307003 ], [ 68.555420992633117, 23.339021004298456 ], [ 68.553191993755632, 23.339862004308397 ], [ 68.553747992803935, 23.341810003307003 ] ] ], [ [ [ 68.595412992513261, 23.260682003103259 ], [ 68.594580992870931, 23.259581003462092 ], [ 68.593748992302707, 23.262084003921981 ], [ 68.595412992513261, 23.260682003103259 ] ] ], [ [ [ 68.5529179923779, 23.404031003848768 ], [ 68.556808993712309, 23.402640003256135 ], [ 68.552635993641672, 23.402360003195955 ], [ 68.5529179923779, 23.404031003848768 ] ] ], [ [ [ 68.461531992423573, 23.406250002910255 ], [ 68.46319599282586, 23.406811003973651 ], [ 68.464576992809725, 23.405141003665406 ], [ 68.461531992423573, 23.406250002910255 ] ] ], [ [ [ 69.275695992467647, 22.419861002905026 ], [ 69.277915992296897, 22.418193002109863 ], [ 69.275137991538898, 22.419031002429044 ], [ 69.275695992467647, 22.419861002905026 ] ] ], [ [ [ 68.499305994072529, 23.442361003407644 ], [ 68.502081992630224, 23.443195002835356 ], [ 68.500687993673083, 23.439029002884951 ], [ 68.499305994072529, 23.442361003407644 ] ] ], [ [ [ 70.188751993365685, 22.599582002007022 ], [ 70.191803994098166, 22.598194001170626 ], [ 70.189307994017483, 22.5976400025849 ], [ 70.188751993365685, 22.599582002007022 ] ] ], [ [ [ 68.627912993627035, 23.289306003459796 ], [ 68.629303993859395, 23.2870810031052 ], [ 68.628471993057474, 23.285418003221988 ], [ 68.627912993627035, 23.289306003459796 ] ] ], [ [ [ 68.457916992719575, 23.412083002770281 ], [ 68.462912993392592, 23.410973004518141 ], [ 68.457916994194548, 23.411249003361508 ], [ 68.457916992719575, 23.412083002770281 ] ] ], [ [ [ 68.447637992429932, 23.73125100339638 ], [ 68.45068999226558, 23.732085003001739 ], [ 68.450140993555308, 23.730416003775503 ], [ 68.447637992429932, 23.73125100339638 ] ] ], [ [ [ 69.309287992554161, 22.304580002435841 ], [ 69.312079991836171, 22.30402900212593 ], [ 69.311806992441561, 22.30319400321482 ], [ 69.309287992554161, 22.304580002435841 ] ] ], [ [ [ 68.59347599384742, 23.812085002983174 ], [ 68.595412993395897, 23.810138003980207 ], [ 68.594307993297548, 23.810138003954275 ], [ 68.59347599384742, 23.812085002983174 ] ] ], [ [ [ 69.140693993045076, 22.454584002097075 ], [ 69.14180799178358, 22.4543060028005 ], [ 69.142639992918845, 22.452918002364136 ], [ 69.140693993045076, 22.454584002097075 ] ] ], [ [ [ 70.235136993202744, 22.682361002023942 ], [ 70.238470993121339, 22.683202001542625 ], [ 70.238470992969894, 22.682361002220443 ], [ 70.235136993202744, 22.682361002023942 ] ] ], [ [ [ 69.212363991573909, 22.38402800324533 ], [ 69.215141991507437, 22.384028002487032 ], [ 69.214302991734471, 22.382360002712506 ], [ 69.212363991573909, 22.38402800324533 ] ] ], [ [ [ 68.596251992592784, 23.360695004011244 ], [ 68.599585993053651, 23.359583003709961 ], [ 68.59596899284864, 23.359581004207197 ], [ 68.596251992592784, 23.360695004011244 ] ] ], [ [ [ 68.498747994105628, 23.436251002834545 ], [ 68.500967993885808, 23.435417003243007 ], [ 68.496803993143331, 23.434580003760175 ], [ 68.498747994105628, 23.436251002834545 ] ] ], [ [ [ 68.539024992933179, 23.377082004034801 ], [ 68.539306992769738, 23.374860004042255 ], [ 68.537916992549683, 23.375129003431823 ], [ 68.539024992933179, 23.377082004034801 ] ] ], [ [ [ 68.507362992286616, 23.492361003861262 ], [ 68.506804992920408, 23.490417004208144 ], [ 68.505965993897007, 23.492650002973235 ], [ 68.507362992286616, 23.492361003861262 ] ] ], [ [ [ 68.429580992918417, 23.40597000314856 ], [ 68.432356993922696, 23.405701003685785 ], [ 68.432356992690174, 23.404860003319357 ], [ 68.429580992918417, 23.40597000314856 ] ] ], [ [ [ 68.481528992815555, 23.548749004442339 ], [ 68.483192992131535, 23.548749004477298 ], [ 68.482084992475748, 23.547083003945115 ], [ 68.481528992815555, 23.548749004442339 ] ] ], [ [ [ 68.503752992600241, 23.384307003862805 ], [ 68.505142992876813, 23.381260003600108 ], [ 68.504301993396098, 23.380970003892205 ], [ 68.503752992600241, 23.384307003862805 ] ] ], [ [ [ 68.510970993170702, 23.492650002876697 ], [ 68.510696993519716, 23.490695003489925 ], [ 68.509306993705906, 23.492650003522904 ], [ 68.510970993170702, 23.492650002876697 ] ] ], [ [ [ 68.401252992673619, 23.422920004479408 ], [ 68.402640993491758, 23.42069100423716 ], [ 68.401802992943516, 23.420415003616668 ], [ 68.401252992673619, 23.422920004479408 ] ] ], [ [ [ 70.451529994975047, 23.052360001665967 ], [ 70.451248994692804, 23.05041600146463 ], [ 70.450141994638699, 23.05013800219939 ], [ 70.451529994975047, 23.052360001665967 ] ] ], [ [ [ 68.437361994134761, 23.499032003137099 ], [ 68.439307992362615, 23.499583002899573 ], [ 68.439590992979788, 23.498751003106825 ], [ 68.437361994134761, 23.499032003137099 ] ] ], [ [ [ 68.408751993497106, 23.409309003132186 ], [ 68.40985899348955, 23.405701002965337 ], [ 68.409583994178661, 23.405694002970613 ], [ 68.408751993497106, 23.409309003132186 ] ] ], [ [ [ 68.500418992880185, 23.431250003827657 ], [ 68.501249993085196, 23.430140003986139 ], [ 68.50041899262807, 23.430140004407054 ], [ 68.500418992880185, 23.431250003827657 ] ] ], [ [ [ 68.631247993479036, 23.319579003003252 ], [ 68.63180599418979, 23.320138003137643 ], [ 68.632361993017781, 23.318750003156541 ], [ 68.631247993479036, 23.319579003003252 ] ] ], [ [ [ 69.817092993617848, 22.852565218218086 ], [ 69.816803993815356, 22.852083002454645 ], [ 69.815836406724628, 22.852081016483417 ], [ 69.817092993617848, 22.852565218218086 ] ] ], [ [ [ 69.821250992858381, 22.854210919581668 ], [ 69.821250993554443, 22.854030003611527 ], [ 69.820854397459271, 22.854030003138661 ], [ 69.821250992858381, 22.854210919581668 ] ] ], [ [ [ 69.82290799288333, 22.854966781129797 ], [ 69.822907992654606, 22.854859002964893 ], [ 69.822671717051932, 22.854859003458913 ], [ 69.82290799288333, 22.854966781129797 ] ] ] ] } },
{ "type": "Feature", "properties": { "objectid": 3, "ae_regcode": 3, "physio_reg": "KARNATAKA PLATEAU (RAYALSEEMA AS INCLUSION)", "area_sqkm": 47540.891271300003, "shape_Leng": 1396622.4948100001, "shape_Area": 48522025649.400002 }, "geometry": { "type": "Polygon", "coordinates": [ [ [ 75.634961353134159, 16.967585817491152 ], [ 75.95385013263548, 16.617634797547225 ], [ 76.189072755638378, 16.297494718857664 ], [ 76.357065724436154, 15.86570123923423 ], [ 76.61786437802985, 15.668909268679768 ], [ 76.974068004112851, 15.499696612037514 ], [ 77.010178445968876, 15.453083729775608 ], [ 77.031544014437145, 15.440077027250918 ], [ 77.032718409340546, 15.406243424788363 ], [ 77.048062246204765, 15.38872453199377 ], [ 77.042290606565714, 15.363778217065265 ], [ 77.067231448171484, 15.342976153487617 ], [ 77.065938327779051, 15.326942357201114 ], [ 77.114173392717873, 15.332422217407313 ], [ 77.119963882278824, 15.2950424377728 ], [ 77.152555270637407, 15.290917712013101 ], [ 77.149812690196669, 15.271319306714284 ], [ 77.168883917822129, 15.264377307886717 ], [ 77.16997873732717, 15.256281376020397 ], [ 77.15222005681359, 15.255659952998766 ], [ 77.373074325901612, 15.220391555600269 ], [ 77.543356456547784, 15.20900173568894 ], [ 77.876181270744524, 15.133961216012557 ], [ 77.993823440451678, 15.068887354273942 ], [ 78.09958607238903, 14.86038628781027 ], [ 78.028533321708409, 14.658249183123894 ], [ 78.06167057953715, 14.447172596993141 ], [ 78.192914389390836, 14.355557857907753 ], [ 78.3651752145324, 14.287311630909157 ], [ 78.41381594572745, 14.236191963191962 ], [ 78.446109849836503, 14.048646127721778 ], [ 78.387564030206505, 13.940688746436862 ], [ 78.265354591788949, 13.858704799034367 ], [ 78.241466723510527, 13.783317042920544 ], [ 78.103735600819093, 13.734845526411791 ], [ 78.093955009243928, 13.742193415185376 ], [ 78.09831051063955, 13.751745553915303 ], [ 78.120059320201889, 13.770467124097708 ], [ 78.127278875254007, 13.785616731532906 ], [ 78.116650273521856, 13.812264166534842 ], [ 78.126241628719427, 13.830440434903275 ], [ 78.122469127218665, 13.849519681615821 ], [ 78.114945436835896, 13.86214250902824 ], [ 78.083745811065924, 13.863461026157061 ], [ 78.079718852871693, 13.880471809209187 ], [ 78.049849709202149, 13.895154234434607 ], [ 78.05166139297512, 13.872249854174884 ], [ 78.046581265212424, 13.861318887292136 ], [ 77.993783021515583, 13.870026151095162 ], [ 77.974421921869038, 13.828532842281266 ], [ 77.953181955356555, 13.828300975886592 ], [ 77.950964445592334, 13.888486739811391 ], [ 77.98657714757168, 13.901654161963849 ], [ 77.981868101870631, 13.92814072747681 ], [ 77.987069152603851, 13.955894003189034 ], [ 77.974871169291475, 13.95877053276452 ], [ 77.963738499764744, 13.950119290235385 ], [ 77.959198057977289, 13.936147765423417 ], [ 77.947270562994674, 13.932813396989641 ], [ 77.928233174654963, 13.906887427450917 ], [ 77.92000883445229, 13.905418190239422 ], [ 77.89801361092654, 13.919466451818192 ], [ 77.895283944408973, 13.939266417184843 ], [ 77.838273832716638, 13.935133263071382 ], [ 77.826404914104685, 13.942840682455575 ], [ 77.814476260733485, 13.916610569963286 ], [ 77.833240099637095, 13.887930720899384 ], [ 77.835489868185888, 13.879646401203953 ], [ 77.827421227718858, 13.874062983032257 ], [ 77.835971352310978, 13.868679627095128 ], [ 77.81099125606525, 13.848707314898318 ], [ 77.784206134285881, 13.84390352426885 ], [ 77.786685145668656, 13.820924730116179 ], [ 77.736519366765123, 13.809677514106848 ], [ 77.720929564112723, 13.798444128216415 ], [ 77.716907509402944, 13.740714592129498 ], [ 77.710329616105028, 13.738958167065523 ], [ 77.703603537843421, 13.769349745676363 ], [ 77.671708416432551, 13.760132328690604 ], [ 77.678209326897601, 13.785354140876368 ], [ 77.657021545914887, 13.783663199715024 ], [ 77.618337705298302, 13.763213746548322 ], [ 77.620533587059285, 13.754653297193833 ], [ 77.641687065057255, 13.749118657181697 ], [ 77.644711009246763, 13.743081664065059 ], [ 77.629187169103048, 13.735220347426942 ], [ 77.603442525178252, 13.751335904985206 ], [ 77.58143987944436, 13.734381546142329 ], [ 77.574413491686997, 13.737106953485243 ], [ 77.563858932881118, 13.724170977512545 ], [ 77.555892075887215, 13.728102597827894 ], [ 77.547190259009795, 13.751378997051162 ], [ 77.527305129728589, 13.751463655032561 ], [ 77.522760970769426, 13.744647738613734 ], [ 77.535243198913577, 13.726691189027759 ], [ 77.529260279154045, 13.69555335991619 ], [ 77.520044642723377, 13.693341505171214 ], [ 77.510437466806167, 13.712036764267722 ], [ 77.494952382954537, 13.71438703541177 ], [ 77.487323204278923, 13.710798257279254 ], [ 77.492766996801663, 13.694305795192795 ], [ 77.484114002015957, 13.685210447891301 ], [ 77.457300505121836, 13.683351114775181 ], [ 77.452334562667417, 13.70328793663478 ], [ 77.464362031120771, 13.720174089758547 ], [ 77.470107904184857, 13.751092862168418 ], [ 77.458171779189811, 13.792972480175429 ], [ 77.464845900366356, 13.804491045472821 ], [ 77.447907434242467, 13.809705616945489 ], [ 77.436000093243322, 13.795405634009025 ], [ 77.424165653932931, 13.798317882483769 ], [ 77.426542706308936, 13.807085473276551 ], [ 77.415915941623027, 13.806602518803217 ], [ 77.431770662254721, 13.8424764841137 ], [ 77.379972210027617, 13.83854579440564 ], [ 77.380233634383004, 13.845440216787166 ], [ 77.366529528106042, 13.852884043668327 ], [ 77.33424232660839, 13.831975631258009 ], [ 77.326977917527685, 13.832921679085008 ], [ 77.313812313605581, 13.864352339763059 ], [ 77.289766190101034, 13.848069972317344 ], [ 77.257194346741827, 13.84650288119024 ], [ 77.259774425592127, 13.863140357074093 ], [ 77.247424548697325, 13.872862598956067 ], [ 77.248204207776681, 13.895817607750626 ], [ 77.240470821483854, 13.901868301644885 ], [ 77.232080660310416, 13.90240003788753 ], [ 77.218129721974606, 13.868359158547213 ], [ 77.211502642450355, 13.88806285608252 ], [ 77.203458680440647, 13.866445272861011 ], [ 77.185324925880224, 13.8667236010184 ], [ 77.188685014440168, 13.908145253434736 ], [ 77.183453472397147, 13.924225946606528 ], [ 77.165944078093531, 13.915261290016129 ], [ 77.162340296849052, 13.906609815889761 ], [ 77.168959467917631, 13.863840080395461 ], [ 77.145789156455237, 13.865851117919206 ], [ 77.130276908859372, 13.856189654603977 ], [ 77.13165510324481, 13.849821833727708 ], [ 77.168788710436147, 13.827634275597593 ], [ 77.160630040081998, 13.807459340881181 ], [ 77.177967963580286, 13.779002543205909 ], [ 77.173222369092699, 13.761632806909917 ], [ 77.130031073783968, 13.757781098835299 ], [ 77.101672200736601, 13.767719791041989 ], [ 77.08675727930455, 13.76023561131136 ], [ 77.087003112672235, 13.744224165125159 ], [ 77.066371451620086, 13.745653087347705 ], [ 77.04140983289652, 13.776003245315907 ], [ 77.032559616837716, 13.778150086268379 ], [ 77.026047305101159, 13.776554125261123 ], [ 77.017624660433384, 13.739434905111569 ], [ 77.008117928007891, 13.743354795733264 ], [ 76.997806395549205, 13.751998514504876 ], [ 76.987265201693234, 13.792413775883098 ], [ 76.989748069786643, 13.810793150824562 ], [ 76.974365074167437, 13.820958711942291 ], [ 76.989970027480297, 13.834320369931774 ], [ 76.99222839356193, 13.845800196766715 ], [ 77.000122294389811, 13.845546914073834 ], [ 77.012011617410892, 13.856686520061363 ], [ 77.023259360632039, 13.899941655760301 ], [ 77.047334513481175, 13.904012734965221 ], [ 77.041845396334736, 13.932174890352959 ], [ 76.994822521287375, 13.963154319931622 ], [ 77.00016564432336, 13.987940860206674 ], [ 76.936645427070317, 14.029034176037914 ], [ 76.943496465992567, 14.053889167750022 ], [ 76.977151028956811, 14.05873010847804 ], [ 76.980629028432901, 14.071603767071366 ], [ 76.973666665029825, 14.086042642262221 ], [ 76.951810105101828, 14.091516691942148 ], [ 76.948382106667609, 14.118125868467072 ], [ 76.932363623779452, 14.133393248934869 ], [ 76.917867412985771, 14.128283521216058 ], [ 76.888935101431244, 14.137144490216819 ], [ 76.33308263623006, 14.406650712038129 ], [ 75.836054398832985, 14.798127736163478 ], [ 75.846028657595568, 15.085723251357045 ], [ 75.861640265746772, 15.267043527745731 ], [ 75.812631011927394, 15.528653850352399 ], [ 75.701396143457643, 15.826199376988239 ], [ 75.49957267711028, 15.924717895087305 ], [ 75.324297277413052, 16.113317337623727 ], [ 75.214941514141415, 16.208107510857179 ], [ 75.070398935877265, 16.401753402348817 ], [ 75.070299995763804, 16.567839290313135 ], [ 75.265675795741956, 16.68749087187949 ], [ 75.25391855357519, 16.864130869344049 ], [ 75.265604152952051, 16.862529974940205 ], [ 75.284868375244315, 16.884862833821149 ], [ 75.289155890485532, 16.902779215943259 ], [ 75.282942386625777, 16.911056520355768 ], [ 75.281973899394856, 16.955145006295862 ], [ 75.342891266892934, 16.954146562287878 ], [ 75.392497577019014, 16.978009807289961 ], [ 75.428901651962079, 16.965114460602091 ], [ 75.441724029173031, 16.981141477996324 ], [ 75.465923631778523, 16.986986987435348 ], [ 75.487781411443748, 16.967078833336412 ], [ 75.490612204762385, 16.944604009105252 ], [ 75.50882213269945, 16.949031052922056 ], [ 75.531125654011163, 16.968369760408489 ], [ 75.568737610370547, 16.965357877854782 ], [ 75.568279782181264, 17.007870518629435 ], [ 75.574189537960066, 17.009502446672983 ], [ 75.608024077493567, 17.004830129360382 ], [ 75.60918404722004, 16.9713798240922 ], [ 75.634961353134159, 16.967585817491152 ] ] ] } },
{ "type": "Feature", "properties": { "objectid": 4, "ae_regcode": 4, "physio_reg": "NORTHERN PLAIN (AND CENTRAL HIGHLANDS) INCLUDING ARAVALLIS  HOT SEMI-ARID EGO-REGION", "area_sqkm": 116243.738067, "shape_Leng": 5782905.6132699996, "shape_Area": 300667471254.0 }, "geometry": { "type": "Polygon", "coordinates": [ [ [ 74.613178761732826, 31.564103539721344 ], [ 74.756314718999619, 31.547579727452419 ], [ 74.811203610780751, 31.549320759675663 ], [ 74.900638052636253, 31.534014797657896 ], [ 75.193263772268224, 31.510243782702002 ], [ 75.324531949845124, 31.394532771516229 ], [ 75.452015644394521, 31.260472558412744 ], [ 75.781680375395794, 30.99751624496151 ], [ 75.920840215878258, 30.863289391415112 ], [ 76.026369754624653, 30.720840242529889 ], [ 76.088474258770091, 30.617151634396883 ], [ 76.10662917066243, 30.574052566045733 ], [ 76.154432152991305, 30.520765958164088 ], [ 76.294289798366179, 30.469583876556715 ], [ 76.570116046802582, 30.260376971156635 ], [ 76.559827676472281, 30.261046537741667 ], [ 76.55812176919467, 30.239659071230815 ], [ 76.544634944910953, 30.223253033482614 ], [ 76.596203812573663, 30.252601789723663 ], [ 76.624171209719719, 30.226995225912781 ], [ 76.616404034207861, 30.211189532629437 ], [ 76.65106970126736, 30.201909549351075 ], [ 76.653843780013531, 30.185206042784255 ], [ 76.634823230218572, 30.166262318145677 ], [ 76.639684352934225, 30.151055929224235 ], [ 76.622454835529211, 30.138648518439584 ], [ 76.668137147136363, 30.099560360529136 ], [ 76.712879541062833, 29.988496918077985 ], [ 76.7487538958366, 29.946845489049633 ], [ 76.812229321267495, 29.911784027794621 ], [ 76.843642212117928, 29.906345893573249 ], [ 77.04733189309492, 29.816345504551403 ], [ 77.128793124033294, 29.766057091180759 ], [ 77.124668424817202, 29.743747617041247 ], [ 77.134294421156397, 29.737953320485005 ], [ 77.154997274724323, 29.701064757758164 ], [ 77.298882631626725, 29.633148874972388 ], [ 77.44752623029332, 29.553187704414221 ], [ 77.560030210901516, 29.470113264691548 ], [ 77.776942778327836, 29.267220822605665 ], [ 77.883398194487413, 29.186224741994899 ], [ 78.101854713517639, 28.994952810756452 ], [ 78.274863742577921, 28.853792864510087 ], [ 78.377631468920384, 28.791789564185596 ], [ 78.560906148114753, 28.662516763202834 ], [ 78.845707990039799, 28.509505629464645 ], [ 79.058456761307625, 28.355545152327974 ], [ 79.119757681425853, 28.224784600704499 ], [ 79.194012181149475, 28.188754072635419 ], [ 79.375103791369227, 28.148286189227466 ], [ 79.567168054816122, 28.068781886505775 ], [ 79.674022438197326, 28.042320735487625 ], [ 79.975171420129314, 27.921203198569703 ], [ 80.051716019664511, 27.845887523753284 ], [ 80.201670367876389, 27.614934723618017 ], [ 80.26153306248375, 27.539507872115202 ], [ 80.331716625126731, 27.271987566975461 ], [ 80.429107605900882, 27.108847601348653 ], [ 80.494091759345551, 27.050295783650988 ], [ 80.618631079482753, 26.969602369482367 ], [ 80.772982010054875, 26.910548846290133 ], [ 80.929739070653582, 26.829433844655078 ], [ 81.018697041889695, 26.765637358183547 ], [ 81.091377846144923, 26.709198073358479 ], [ 81.182490693324468, 26.603925467486437 ], [ 81.286478458131796, 26.449817666390736 ], [ 81.380393685978646, 26.385748925185858 ], [ 81.47438362944601, 26.336220352885597 ], [ 81.559962740726718, 26.267246786144202 ], [ 81.607529087208434, 26.186447789482692 ], [ 81.706610233005932, 26.131848361536058 ], [ 81.805917192021226, 26.099087543552063 ], [ 82.300881635867711, 26.039018488222432 ], [ 82.469656339108951, 25.987747549556207 ], [ 82.74660736906614, 25.839463709600501 ], [ 82.812881092839248, 25.794451599262793 ], [ 83.036403719313938, 25.692845264000365 ], [ 83.067295480572994, 25.636227704383252 ], [ 83.066126583891347, 25.587543770952539 ], [ 83.085895034662627, 25.516524320676833 ], [ 83.125718795692634, 25.498678908269589 ], [ 83.157185102783927, 25.468815167018313 ], [ 83.176582485502834, 25.385606776566135 ], [ 83.156561855970622, 25.334864919109695 ], [ 83.074440565780691, 25.263441609106764 ], [ 83.026361734043959, 25.26925993943771 ], [ 82.874448176898355, 25.184463668555257 ], [ 82.811188385141762, 25.229469949750957 ], [ 82.721002861511394, 25.270052355500159 ], [ 82.624604629393176, 25.27171535750097 ], [ 82.350748310129674, 25.237142594632285 ], [ 82.296332581974312, 25.189245919543698 ], [ 82.299588135274519, 25.072281701942757 ], [ 82.271643819796438, 25.004490949236377 ], [ 82.211174986012523, 24.907931010029667 ], [ 82.141015766955178, 24.865071916565824 ], [ 82.085433465639312, 24.820624300731414 ], [ 82.073441172431401, 24.820743699075216 ], [ 82.013148806231328, 24.847910174872155 ], [ 81.976320905272416, 24.84106824977416 ], [ 81.967404650623294, 24.827819490228102 ], [ 81.93498286972239, 24.857942139878048 ], [ 81.936651076387022, 24.870197159713861 ], [ 81.910959219298263, 24.881241576722555 ], [ 81.904726526585506, 24.889605207338064 ], [ 81.906754103164289, 24.902265650573767 ], [ 81.920346145075428, 24.927988210606838 ], [ 81.912434172728553, 24.939316876512379 ], [ 81.909971676105215, 24.979831048269478 ], [ 81.902836773956139, 24.984393645165579 ], [ 81.908318804851049, 25.0042177657186 ], [ 81.899777279327665, 25.010436380048102 ], [ 81.901444523009047, 24.996794216797753 ], [ 81.894488929829336, 24.989801748960865 ], [ 81.889735239894293, 24.996463602710325 ], [ 81.854653570604526, 25.004046843525781 ], [ 81.837735337195966, 25.016238493058456 ], [ 81.797567360608269, 25.007032004536033 ], [ 81.746572406172348, 25.035890369547861 ], [ 81.740760672822532, 25.045519304136064 ], [ 81.724765591426205, 25.049754058443956 ], [ 81.721750011066007, 25.03685922949564 ], [ 81.713722225170699, 25.03469964776221 ], [ 81.690255106743621, 25.040546322539367 ], [ 81.691444429686541, 25.053530739731158 ], [ 81.684207060919178, 25.062731077810295 ], [ 81.670593176798931, 25.061882111210089 ], [ 81.667070198153397, 25.076447904622032 ], [ 81.630268839855646, 25.053635258206729 ], [ 81.612722410795286, 25.057439646053034 ], [ 81.61807873909143, 25.061393119287441 ], [ 81.602172727466154, 25.076470806042991 ], [ 81.640348988886288, 25.099945167274058 ], [ 81.631044502369008, 25.107905701833193 ], [ 81.633464622115355, 25.117107154935525 ], [ 81.625156956513194, 25.119268300207704 ], [ 81.609621118485009, 25.096861498889723 ], [ 81.610702660197774, 25.114151167920188 ], [ 81.599420133059837, 25.119619314199074 ], [ 81.600532590644704, 25.132998178907911 ], [ 81.618440691618261, 25.143785686000985 ], [ 81.623494961741542, 25.140558925542773 ], [ 81.627423834290056, 25.156262382521973 ], [ 81.618420577879832, 25.17024179318317 ], [ 81.613924026464559, 25.162221975051931 ], [ 81.590214688181604, 25.164840168322353 ], [ 81.596459707157976, 25.180350096696593 ], [ 81.574851776792897, 25.192285878705665 ], [ 81.557481301548691, 25.183115293026209 ], [ 81.518023347003847, 25.183539362720197 ], [ 81.516251826275195, 25.172765152660144 ], [ 81.538442244781734, 25.159881132832354 ], [ 81.527145205124896, 25.148375029231289 ], [ 81.533063046071575, 25.140192234744763 ], [ 81.503831745596472, 25.148874845320297 ], [ 81.498006548235495, 25.130765441542053 ], [ 81.481266985286425, 25.133647001578215 ], [ 81.490103975964374, 25.113874898506197 ], [ 81.515957630749838, 25.103391118577555 ], [ 81.502641924417517, 25.098266558784474 ], [ 81.502991423636004, 25.078695226951119 ], [ 81.494806024855507, 25.080684834196379 ], [ 81.4920813266056, 25.071534745546444 ], [ 81.466651572402426, 25.083334111790105 ], [ 81.467212907728381, 25.089540715381744 ], [ 81.409217190830915, 25.10427114073525 ], [ 81.446724295369449, 25.106960733150352 ], [ 81.43860685641701, 25.130120717237432 ], [ 81.40859008691686, 25.130265626552578 ], [ 81.414614308993748, 25.119886082268852 ], [ 81.399609627439474, 25.119608248077292 ], [ 81.394898438720446, 25.13040572904643 ], [ 81.37287331415267, 25.134305792505391 ], [ 81.357810174348913, 25.163757161104453 ], [ 81.344441736709641, 25.162743824707764 ], [ 81.33834018434932, 25.168874842080104 ], [ 81.321354067165245, 25.159927692341707 ], [ 81.319347941338066, 25.145355791236184 ], [ 81.331360225658571, 25.114817969642814 ], [ 81.323029035138973, 25.112709937476485 ], [ 81.312670464171148, 25.141691029230739 ], [ 81.314786230122067, 25.162356404606417 ], [ 81.277512268662164, 25.164083876925815 ], [ 81.283155313176181, 25.149777371883225 ], [ 81.269825538284337, 25.140711341481826 ], [ 81.266300146512151, 25.113235139816624 ], [ 81.254030322619741, 25.101935691851796 ], [ 81.267459403055284, 25.083715556394694 ], [ 81.261350531824846, 25.075456923178557 ], [ 81.269891491159527, 25.064891993196664 ], [ 81.238957961427232, 25.014551856521898 ], [ 81.209956078587567, 24.992181969535455 ], [ 81.220972719739549, 24.978133710072388 ], [ 81.208244995505936, 24.963330563538925 ], [ 81.214220927144893, 24.93575119882167 ], [ 81.220812921355417, 24.931042963153644 ], [ 81.207703465629422, 24.923462966331535 ], [ 81.192634981875614, 24.925732092802729 ], [ 81.207171015271783, 24.931267534236451 ], [ 81.184809731518712, 24.951442167952596 ], [ 81.169648035346881, 24.95497097144866 ], [ 81.16051330175668, 24.912774202328578 ], [ 81.148265858339883, 24.912927860215035 ], [ 81.140614126621827, 24.888579590030304 ], [ 81.097680791967989, 24.920925628869906 ], [ 81.08462044866809, 24.948663113123096 ], [ 81.034863276981596, 24.951333586350973 ], [ 81.027416523449148, 24.941371117789156 ], [ 81.017700240885333, 24.95067420064391 ], [ 81.029314060279802, 24.934644553323501 ], [ 81.024956142627275, 24.928843423681975 ], [ 81.008174987742336, 24.936572289566747 ], [ 80.989173122524093, 24.926008522175383 ], [ 80.987453252173594, 24.934432090291761 ], [ 80.980411693331092, 24.935940761963444 ], [ 80.96336892571729, 24.922063092328948 ], [ 80.96037228231657, 24.939212950519327 ], [ 80.952008403878651, 24.947009703563225 ], [ 80.953017944128575, 24.964307133968269 ], [ 80.944993750398595, 24.968791585499559 ], [ 80.905433750112934, 24.952993020446556 ], [ 80.901446260749083, 24.946742127400622 ], [ 80.908183298306042, 24.935871167414074 ], [ 80.892967725744796, 24.945161793213728 ], [ 80.883131485389512, 24.936999168154422 ], [ 80.843020842630793, 24.930783229119832 ], [ 80.810313132683305, 24.94068258103135 ], [ 80.81102542064562, 24.953144440933066 ], [ 80.798102632297471, 24.967967294227105 ], [ 80.826781050741502, 24.969835064928333 ], [ 80.832858608102029, 24.982256352015778 ], [ 80.844535790844077, 24.982296587240967 ], [ 80.856338578897663, 24.994344889415874 ], [ 80.858425200683982, 24.999339226464961 ], [ 80.834862813928112, 25.035335648343153 ], [ 80.843407621131036, 25.035832436795523 ], [ 80.84933531318265, 25.047422733611363 ], [ 80.878864938677921, 25.067202703134242 ], [ 80.883310146551963, 25.075686033138954 ], [ 80.872469138023234, 25.084288365124536 ], [ 80.881229129534361, 25.098694315290977 ], [ 80.873228543518991, 25.11974509369659 ], [ 80.883685913873421, 25.140516037467787 ], [ 80.896710303414338, 25.137341122219819 ], [ 80.913204458575564, 25.15640399892261 ], [ 80.894447481481777, 25.173237798476997 ], [ 80.886357835518481, 25.191644701186149 ], [ 80.872464142165612, 25.183903561659047 ], [ 80.844577708711796, 25.188697741101816 ], [ 80.850576641338066, 25.167245966577436 ], [ 80.840356823905751, 25.137473249666034 ], [ 80.846012163804616, 25.123587764426954 ], [ 80.835934388803963, 25.106388583426721 ], [ 80.826884032932554, 25.126609381005629 ], [ 80.81784180733429, 25.126751769329864 ], [ 80.816513229654305, 25.136868980818264 ], [ 80.807825635289305, 25.142454058068715 ], [ 80.790385064081576, 25.133112878578753 ], [ 80.782254111979327, 25.142633736993087 ], [ 80.746305502905244, 25.130599896297408 ], [ 80.731280222675636, 25.144756305567512 ], [ 80.707850262624447, 25.133109594301597 ], [ 80.709084390934933, 25.124024822036155 ], [ 80.725519330943001, 25.124915259983592 ], [ 80.733567173626142, 25.118886714879714 ], [ 80.727203576787957, 25.10003566875459 ], [ 80.733429832035711, 25.093983364969844 ], [ 80.753969076298205, 25.095438142040603 ], [ 80.759316413693767, 25.087177335153889 ], [ 80.784179281371095, 25.080369830109795 ], [ 80.789565182021093, 25.065645140920999 ], [ 80.784112069917086, 25.05778561313592 ], [ 80.741754927520716, 25.058505468768253 ], [ 80.735365383356154, 25.067873119717987 ], [ 80.681709965332971, 25.050199454881533 ], [ 80.679957918010544, 25.063348803508088 ], [ 80.687431640873697, 25.077828789189745 ], [ 80.676454323584267, 25.082744852137022 ], [ 80.664459458169119, 25.070442500111344 ], [ 80.658694175866103, 25.083511932272064 ], [ 80.64339377318511, 25.093523199423135 ], [ 80.628192529858097, 25.085546627069608 ], [ 80.609510212367852, 25.100348433405038 ], [ 80.621458406708697, 25.102480366392022 ], [ 80.627399373026861, 25.116140777508008 ], [ 80.640562405139164, 25.119221328910388 ], [ 80.633127848279244, 25.133589764368054 ], [ 80.616512234103155, 25.128867603376715 ], [ 80.613981304396262, 25.145185424314377 ], [ 80.602780295271756, 25.151132551609741 ], [ 80.598932580197939, 25.127484444269438 ], [ 80.609615305535954, 25.118734158724887 ], [ 80.595941099006865, 25.105022597373111 ], [ 80.614914075992147, 25.068147970649068 ], [ 80.595709444603884, 25.081810986936713 ], [ 80.576166225379879, 25.08121068319856 ], [ 80.570568054005776, 25.08737173488462 ], [ 80.568111959995363, 25.070925267638611 ], [ 80.551536063644278, 25.063590602772045 ], [ 80.527114323346723, 25.077832131548679 ], [ 80.517623477200715, 25.096908711586249 ], [ 80.482579919073146, 25.097691693568517 ], [ 80.508089818179556, 25.08544689359853 ], [ 80.498689730661042, 25.074096732312587 ], [ 80.51021804253574, 25.063262902507674 ], [ 80.501252474877845, 25.050240529261526 ], [ 80.50226831875446, 25.041247572525702 ], [ 80.548478960289899, 25.031753362144958 ], [ 80.543859448008376, 25.017679771576891 ], [ 80.550304445247008, 25.002650920244751 ], [ 80.533692800023331, 25.001958866018281 ], [ 80.521470801479992, 25.0087118796258 ], [ 80.484789492688662, 24.989472940192126 ], [ 80.481318113876497, 24.976282025216857 ], [ 80.460324073843296, 24.982613133331366 ], [ 80.466246154987175, 25.000098666429384 ], [ 80.449536438972601, 25.010116133063978 ], [ 80.444003772115053, 25.022203599936148 ], [ 80.433512814899487, 25.019860509206232 ], [ 80.433644027557321, 25.026555242173597 ], [ 80.454354530143362, 25.041188584010143 ], [ 80.492922064698234, 25.029804601317228 ], [ 80.501741700396607, 25.037515942763534 ], [ 80.493905929316725, 25.043219240342637 ], [ 80.478242137231078, 25.040589522839785 ], [ 80.468060839026364, 25.065575767552957 ], [ 80.464009947550608, 25.06969602307543 ], [ 80.454038021695055, 25.06170730558086 ], [ 80.448785871676705, 25.077922653076211 ], [ 80.432558912216166, 25.067356826727718 ], [ 80.417980280058558, 25.0725659984661 ], [ 80.413304697050762, 25.05669148112149 ], [ 80.402186704386239, 25.067855356504186 ], [ 80.387287465539288, 25.051792244384828 ], [ 80.373792888743026, 25.053583745340234 ], [ 80.37209122631532, 25.043558011006674 ], [ 80.38821683523291, 25.037458518653249 ], [ 80.380368612477696, 25.025038417458973 ], [ 80.388907251451712, 25.023525753853459 ], [ 80.395402937544176, 25.008310034041852 ], [ 80.380834714420374, 25.00420841831577 ], [ 80.375828284150003, 25.021281888257658 ], [ 80.366847607247777, 25.021931779955203 ], [ 80.355936269012901, 25.012325426051738 ], [ 80.345976244492419, 25.016785336738941 ], [ 80.333911526979847, 24.998968135880133 ], [ 80.322085191926817, 24.999356845257854 ], [ 80.274898679875989, 25.026035102996808 ], [ 80.289559195509383, 25.055824244821391 ], [ 80.311396972184355, 25.043100635709067 ], [ 80.335061595431668, 25.057389388485412 ], [ 80.353071418958606, 25.054368933942143 ], [ 80.354012894600359, 25.061356338946979 ], [ 80.34515678182872, 25.06711853156839 ], [ 80.350046114167512, 25.089256738041051 ], [ 80.376875149629257, 25.111137936095172 ], [ 80.355603896131427, 25.125772267474623 ], [ 80.359377015856325, 25.140644403963584 ], [ 80.394875157081714, 25.158635277407917 ], [ 80.423604458556895, 25.161058582488728 ], [ 80.431822401033529, 25.169905353197226 ], [ 80.409825846649866, 25.21665912351699 ], [ 80.407234330155376, 25.238661693125117 ], [ 80.398880141269672, 25.241373609618723 ], [ 80.386198593065473, 25.233197105126369 ], [ 80.365884476953426, 25.246791681603966 ], [ 80.349151884209974, 25.274222087633976 ], [ 80.320190870222163, 25.277759446175452 ], [ 80.312203918500543, 25.284483863986278 ], [ 80.31996383142986, 25.329776188198014 ], [ 80.310853470040072, 25.353823307492316 ], [ 80.321489926065638, 25.367792466404854 ], [ 80.318992050801711, 25.382842261718604 ], [ 80.281987117900869, 25.420508832087336 ], [ 80.264128143293078, 25.424166690553037 ], [ 80.253425719077057, 25.400361706415197 ], [ 80.234820023854255, 25.406097664002893 ], [ 80.219586556976139, 25.399398549781282 ], [ 80.20215536779493, 25.411659297031488 ], [ 80.196087843072434, 25.379113730049163 ], [ 80.167354940181113, 25.373088619172247 ], [ 80.167307046979701, 25.361654434784583 ], [ 80.145278160995645, 25.351183516103237 ], [ 80.131440376251717, 25.333886610040484 ], [ 80.091421520882548, 25.351249918970542 ], [ 80.078138314100656, 25.338520399230234 ], [ 80.028834970266118, 25.33855350752825 ], [ 80.017956280866983, 25.320150493303558 ], [ 80.020692087485898, 25.297145197695542 ], [ 79.999281131231967, 25.27858734555096 ], [ 80.004740196213703, 25.264094112809353 ], [ 79.957210371437696, 25.260721578468967 ], [ 79.950567160622526, 25.267289623158053 ], [ 79.941313343097619, 25.258431234836628 ], [ 79.940534714037014, 25.245744127516573 ], [ 79.928967859142816, 25.246123571897893 ], [ 79.921412411396489, 25.228871924153207 ], [ 79.910352076762692, 25.252318111596153 ], [ 79.901558990481973, 25.241621100814818 ], [ 79.880398146256809, 25.249177371687136 ], [ 79.868895380694426, 25.238386636034953 ], [ 79.855055319626302, 25.2355897880927 ], [ 79.855074242018944, 25.227802280395871 ], [ 79.870951195763183, 25.21459771197452 ], [ 79.859735966210366, 25.198893043410806 ], [ 79.870487854999496, 25.172416416918598 ], [ 79.8684582640348, 25.151518350401556 ], [ 79.880043680743213, 25.143981568865062 ], [ 79.855494459308758, 25.128865828635387 ], [ 79.850490933918024, 25.111809954704437 ], [ 79.863712553779493, 25.094002255131993 ], [ 79.857024098316202, 25.092484181380776 ], [ 79.839098265685905, 25.093605773284651 ], [ 79.826507995888093, 25.105628636062352 ], [ 79.776992435559393, 25.120696988253307 ], [ 79.753426264443618, 25.13929565109445 ], [ 79.725537446624386, 25.129228455869541 ], [ 79.684356339057175, 25.132383398318069 ], [ 79.67390455110322, 25.122504852602784 ], [ 79.645567250652931, 25.126449290879741 ], [ 79.627753610278361, 25.138018008937351 ], [ 79.605579370037091, 25.126785192686665 ], [ 79.610516754828424, 25.150099286782943 ], [ 79.597404367904431, 25.14261389436075 ], [ 79.581678441983911, 25.154769504157663 ], [ 79.573233277589367, 25.172848969340937 ], [ 79.558031647520082, 25.16470099996085 ], [ 79.521412430334905, 25.121040543923449 ], [ 79.524848086311209, 25.097130101098845 ], [ 79.507769452822359, 25.094535913944686 ], [ 79.497461137543795, 25.078091096714626 ], [ 79.468107661768869, 25.091654428599508 ], [ 79.476004448832086, 25.12974239177343 ], [ 79.438642298690255, 25.102797506889857 ], [ 79.442834000723735, 25.121815587250268 ], [ 79.438735169810613, 25.130668109543961 ], [ 79.42269996985813, 25.134362716135975 ], [ 79.422527191174424, 25.118272867755415 ], [ 79.406700844068013, 25.108738004269192 ], [ 79.396837002364748, 25.11584585293631 ], [ 79.387802679895671, 25.144364010580613 ], [ 79.391459619541109, 25.165509762186161 ], [ 79.411495878250264, 25.184803567652615 ], [ 79.417200743967044, 25.203965405943368 ], [ 79.439786119488545, 25.197998495045518 ], [ 79.450360548023326, 25.207775648954588 ], [ 79.450071592146358, 25.216167517693091 ], [ 79.434677000077983, 25.220249843678669 ], [ 79.446237246974704, 25.243465631862346 ], [ 79.456036877004991, 25.246011067491587 ], [ 79.466895993884506, 25.264638431395788 ], [ 79.49167787635551, 25.260181349376076 ], [ 79.49814315096171, 25.265543613044411 ], [ 79.484035056987295, 25.268343904780323 ], [ 79.480862938798396, 25.277315090726617 ], [ 79.465152852464939, 25.279047416348234 ], [ 79.43890538293023, 25.254733920462009 ], [ 79.422989215156875, 25.25439471854736 ], [ 79.408891770173028, 25.25753110697784 ], [ 79.409573218116151, 25.274408820042577 ], [ 79.375110757730198, 25.289450358747832 ], [ 79.37338107449068, 25.263220664349479 ], [ 79.360619016980792, 25.26052669075645 ], [ 79.357378049978152, 25.283553419626749 ], [ 79.33840795964872, 25.289166856909297 ], [ 79.349540434710221, 25.29969605656613 ], [ 79.342156025988814, 25.312494147711032 ], [ 79.353571425418394, 25.328128151366649 ], [ 79.311897149777934, 25.334923684887212 ], [ 79.302396784571869, 25.335283930092142 ], [ 79.298989958147686, 25.324360927939306 ], [ 79.28525053724529, 25.323117679171919 ], [ 79.267760029665695, 25.305319078182979 ], [ 79.264093612501185, 25.274568662850179 ], [ 79.269556700643349, 25.262835042333055 ], [ 79.278717502215613, 25.261614571025103 ], [ 79.294072565430582, 25.276171714617941 ], [ 79.295366072759805, 25.28534576472806 ], [ 79.311542526013923, 25.260530410275567 ], [ 79.322299219942366, 25.256527589694986 ], [ 79.339545031915065, 25.27139918416529 ], [ 79.347727828108972, 25.267892215447016 ], [ 79.35216663779795, 25.259444540787264 ], [ 79.34874480698619, 25.22565185489794 ], [ 79.336722420345637, 25.225066943313273 ], [ 79.354557188695097, 25.209417392671199 ], [ 79.34016866764334, 25.1960159128793 ], [ 79.332940895772524, 25.217601342436652 ], [ 79.318356508046278, 25.214642793207986 ], [ 79.300916680857725, 25.235338992817351 ], [ 79.281171638244572, 25.243252569470684 ], [ 79.289056386581791, 25.2222895446316 ], [ 79.286345277635235, 25.192566849217723 ], [ 79.293821546084686, 25.182946200632166 ], [ 79.301993529492734, 25.200040769540706 ], [ 79.310982096023082, 25.200081023476514 ], [ 79.310588658798409, 25.178630755081855 ], [ 79.304672009008314, 25.174185362796056 ], [ 79.322086146661718, 25.147091192971256 ], [ 79.308477244395107, 25.126055900258493 ], [ 79.289668506877405, 25.128727821012468 ], [ 79.284031345751259, 25.11548242816697 ], [ 79.277473665016615, 25.121368964208823 ], [ 79.265556165331802, 25.11923466306834 ], [ 79.266693506690004, 25.148461158609933 ], [ 79.253325062092486, 25.15714488598044 ], [ 79.23264765189812, 25.153343108318897 ], [ 79.221358476415773, 25.143556414033451 ], [ 79.232337709820854, 25.135420518242729 ], [ 79.251005915530996, 25.135983763062924 ], [ 79.24582736274715, 25.111574925965918 ], [ 79.230224808099564, 25.118450791922172 ], [ 79.213795575852771, 25.108957579561288 ], [ 79.214544520358558, 25.119577942113846 ], [ 79.203593626696787, 25.126847452189864 ], [ 79.204168482925269, 25.138099785339101 ], [ 79.192296848485483, 25.146291168552029 ], [ 79.174180923654092, 25.137510017838583 ], [ 79.17620699957692, 25.126745545491982 ], [ 79.187282393996782, 25.124010145084828 ], [ 79.186715903618719, 25.112877390342597 ], [ 79.164007977788501, 25.107085589540894 ], [ 79.145580405346621, 25.113578622746864 ], [ 79.140748273221533, 25.106233226953684 ], [ 79.13170875670319, 25.107034309894416 ], [ 79.122191649694273, 25.112962131512973 ], [ 79.132483763274777, 25.124375496414018 ], [ 79.11518787736658, 25.138843386750093 ], [ 79.127829680123838, 25.159305653302354 ], [ 79.097973623033297, 25.171345820927076 ], [ 79.091695047632726, 25.187625921257435 ], [ 79.071448583888369, 25.167594227882791 ], [ 79.065397719405112, 25.145954455535406 ], [ 79.050373572125224, 25.133274148226651 ], [ 79.029077754077875, 25.138299561952927 ], [ 79.043129046396828, 25.168991349164131 ], [ 79.031948956236377, 25.181648551231035 ], [ 79.062523303525793, 25.212292967322853 ], [ 79.063847657007315, 25.220779149833074 ], [ 79.033870547827959, 25.229719860274027 ], [ 79.036791505612413, 25.244386021480214 ], [ 79.019506800037334, 25.243271893125893 ], [ 79.023396331936965, 25.260169658122624 ], [ 79.012387501785668, 25.271981430606612 ], [ 78.994167321762518, 25.269963370880578 ], [ 78.978522251080022, 25.23994630755649 ], [ 79.002045543649842, 25.228793180107644 ], [ 79.000675519950136, 25.217268418188642 ], [ 79.007723554255335, 25.211106973109821 ], [ 79.003144079011463, 25.191009645364009 ], [ 78.989740732215253, 25.194211446743282 ], [ 78.971246979268884, 25.214466007525957 ], [ 78.955651721019009, 25.215210800752775 ], [ 78.931520359867704, 25.205635983660379 ], [ 78.907893328470635, 25.175582967075481 ], [ 78.884357586647837, 25.157229313356023 ], [ 78.874615819245776, 25.184996763058024 ], [ 78.889687510888265, 25.206082755821413 ], [ 78.874348547021768, 25.227540421464543 ], [ 78.879471966997343, 25.245781189951742 ], [ 78.883166124579134, 25.25076263761315 ], [ 78.898987472313493, 25.24046466626962 ], [ 78.915937267686587, 25.269346046885303 ], [ 78.922559750370553, 25.270683273367652 ], [ 78.940842937172775, 25.258524996986939 ], [ 78.953535222775059, 25.258774615354191 ], [ 78.954914003863522, 25.278687822327104 ], [ 78.977439292822808, 25.280207361155746 ], [ 78.960190773563582, 25.306844801277634 ], [ 78.963209317498766, 25.342711196851472 ], [ 78.953240695519241, 25.342211612228411 ], [ 78.935010040577751, 25.326660088029691 ], [ 78.926281212336889, 25.340931874822779 ], [ 78.915262829969393, 25.334342757383265 ], [ 78.883877044262221, 25.339387463052265 ], [ 78.882965330218937, 25.328944859844015 ], [ 78.863758164376861, 25.311902611894308 ], [ 78.874196084303364, 25.305944884062974 ], [ 78.879744770963697, 25.283177178791625 ], [ 78.869598686727002, 25.278102771267051 ], [ 78.849001316678866, 25.224162192828874 ], [ 78.812869532861441, 25.265889000916747 ], [ 78.81895579677952, 25.294784569435997 ], [ 78.810951426132007, 25.296941806279936 ], [ 78.798476771428895, 25.287955719994468 ], [ 78.790543761822278, 25.298111726342508 ], [ 78.799206914639271, 25.30970846031606 ], [ 78.82186094557791, 25.305903404604081 ], [ 78.840623903844062, 25.326265991686757 ], [ 78.850839412991732, 25.327292482256563 ], [ 78.845085095164691, 25.34708168361319 ], [ 78.882155404107607, 25.382559214548909 ], [ 78.908510012650993, 25.384164370689795 ], [ 78.938509927955366, 25.398071365528502 ], [ 78.95682633953507, 25.395079870042402 ], [ 78.938576319490977, 25.372045766659891 ], [ 78.902794115380004, 25.375699543835022 ], [ 78.899867359095012, 25.370218104906609 ], [ 78.904345860211052, 25.360133832778818 ], [ 78.936050993500913, 25.346743042544091 ], [ 78.946137107746168, 25.347769198022895 ], [ 78.955881522381631, 25.3649375733985 ], [ 78.985977503868583, 25.37095000868533 ], [ 78.975653482480226, 25.391472897975433 ], [ 78.976407960795967, 25.420034785824896 ], [ 78.96764611662077, 25.433783305092128 ], [ 78.950081200772857, 25.436587840835038 ], [ 78.936621208941418, 25.423223460254139 ], [ 78.910704592984288, 25.441811409062723 ], [ 78.934977502606245, 25.460558716486371 ], [ 78.943163040304285, 25.474878843471135 ], [ 78.942700330597461, 25.489148944087344 ], [ 78.923937099463771, 25.515575822110712 ], [ 78.927175053708851, 25.522259523663937 ], [ 78.939809473313076, 25.519184811972167 ], [ 78.949478928547549, 25.525976269645735 ], [ 78.949299589028996, 25.546253329778867 ], [ 78.93326404269358, 25.554765582848685 ], [ 78.924408436100407, 25.536106025779702 ], [ 78.917945579197536, 25.554139612118608 ], [ 78.888655500865667, 25.554982027341541 ], [ 78.876536131453079, 25.545958015232706 ], [ 78.883532751710135, 25.519124013098306 ], [ 78.841440629929892, 25.510808218320804 ], [ 78.835805095421804, 25.50479263437515 ], [ 78.834460045356053, 25.498523813730987 ], [ 78.853508273807108, 25.486214828751766 ], [ 78.864622578930067, 25.461988254672747 ], [ 78.861142528602556, 25.447159968158591 ], [ 78.841656939003386, 25.427320647186029 ], [ 78.821279348446581, 25.441155601760496 ], [ 78.844618638066265, 25.44282914724932 ], [ 78.853190826612547, 25.449246025461406 ], [ 78.837315736219438, 25.460532014892127 ], [ 78.796944230450492, 25.478329120766812 ], [ 78.763944522618061, 25.470968727761306 ], [ 78.75098410436857, 25.479694143929972 ], [ 78.74346905645865, 25.49912561889867 ], [ 78.739139146107647, 25.49544566953486 ], [ 78.732009250580475, 25.458128845757351 ], [ 78.755478445741147, 25.443274277981867 ], [ 78.762427078604659, 25.428690174845041 ], [ 78.772724393495764, 25.424880789014736 ], [ 78.79683740080074, 25.436869738881015 ], [ 78.820302895983602, 25.425291274145192 ], [ 78.750464486503802, 25.407550473211483 ], [ 78.748864281759495, 25.393447592986487 ], [ 78.761989597041591, 25.401096062826731 ], [ 78.76695244513769, 25.396938284305229 ], [ 78.760172421520494, 25.385205787487806 ], [ 78.768517111025076, 25.377038672683359 ], [ 78.77165051674973, 25.353294387998456 ], [ 78.742934402942666, 25.344084836492375 ], [ 78.72085131332031, 25.34787389982414 ], [ 78.71109968120544, 25.353532382049639 ], [ 78.716290303150615, 25.37362131389817 ], [ 78.700025454264789, 25.382600853385672 ], [ 78.694431011734423, 25.375493793704941 ], [ 78.678804356343306, 25.379413873357578 ], [ 78.676651006664585, 25.387755750832714 ], [ 78.665122375990521, 25.382831354942127 ], [ 78.65930856271217, 25.407979112912244 ], [ 78.663768539673285, 25.414962480888803 ], [ 78.676345028015405, 25.398722835977964 ], [ 78.708707759042852, 25.423691585804743 ], [ 78.693071905733206, 25.442611669306249 ], [ 78.682189561638211, 25.432960784899024 ], [ 78.659983912424025, 25.43881794678601 ], [ 78.640932823611891, 25.432874133751604 ], [ 78.644034922481538, 25.40894632631726 ], [ 78.635813305243829, 25.401294186725288 ], [ 78.610716590085303, 25.411896147462059 ], [ 78.595513732058976, 25.386943299038041 ], [ 78.568275523992611, 25.390523479705266 ], [ 78.564022193053205, 25.378985014357944 ], [ 78.577496884673437, 25.379615466607884 ], [ 78.584917467932598, 25.371978867303778 ], [ 78.583339543978795, 25.346791256547569 ], [ 78.563131486177156, 25.343470986257099 ], [ 78.542159433665688, 25.358850103604517 ], [ 78.532254855816831, 25.357856873897589 ], [ 78.538589029064354, 25.329712406024946 ], [ 78.548527726253027, 25.321472833891786 ], [ 78.532132212368381, 25.301402928202311 ], [ 78.507278889279235, 25.299002357104381 ], [ 78.49920517536971, 25.318690336957491 ], [ 78.476245652673299, 25.29818946060751 ], [ 78.474046959987604, 25.287883154126813 ], [ 78.44756748439039, 25.299018705613367 ], [ 78.434303542939873, 25.283539876333371 ], [ 78.442682387727828, 25.268124607079098 ], [ 78.460972975492965, 25.265485880027608 ], [ 78.503700103373504, 25.28873839993561 ], [ 78.512320740318287, 25.276437906286489 ], [ 78.527881300432412, 25.28292898488397 ], [ 78.535520914869082, 25.269409558807684 ], [ 78.571423556128053, 25.260115893328908 ], [ 78.575609472364405, 25.253524212763526 ], [ 78.568507024782392, 25.222383104018043 ], [ 78.600692678930429, 25.152375100799755 ], [ 78.604088967746264, 25.092890980711175 ], [ 78.627260249570753, 25.086628644743712 ], [ 78.648865547236355, 25.05654411265585 ], [ 78.65110689256808, 25.030330100893483 ], [ 78.628886155314831, 24.960026623877631 ], [ 78.649279912204207, 24.947788617068618 ], [ 78.647336561046544, 24.935499008151616 ], [ 78.660559700827434, 24.939359043690061 ], [ 78.675226334043813, 24.897580525238759 ], [ 78.703191093137249, 24.889856153893454 ], [ 78.709753003483144, 24.879228744141081 ], [ 78.725729104258207, 24.877865237691029 ], [ 78.741258020738982, 24.866212241992432 ], [ 78.753546692034007, 24.866077118524622 ], [ 78.774047343174033, 24.850913850846919 ], [ 78.787941795502419, 24.805793602695243 ], [ 78.771380071100609, 24.790279694232868 ], [ 78.779153487113533, 24.699489710558638 ], [ 78.766736419224515, 24.688924166282298 ], [ 78.761725654908275, 24.668944922921472 ], [ 78.746768064474679, 24.655341682854736 ], [ 78.756135296155676, 24.600398782691933 ], [ 78.783578646591067, 24.588532508384588 ], [ 78.800534796735235, 24.593674529066142 ], [ 78.808548044311507, 24.603271427889187 ], [ 78.83552500813893, 24.603256620814449 ], [ 78.842775644234166, 24.621013184175236 ], [ 78.851146087850722, 24.624427453949618 ], [ 78.859170124506605, 24.616384223719699 ], [ 78.869591999761525, 24.636554576134962 ], [ 78.87986992308582, 24.642379806194111 ], [ 78.911201986706516, 24.599781446054308 ], [ 78.919950313025893, 24.576793555895215 ], [ 78.951465237061598, 24.55173566193125 ], [ 78.946790884201079, 24.529630064920561 ], [ 78.950936553926823, 24.505077599748688 ], [ 78.972272432120164, 24.495863815179934 ], [ 78.961324966482564, 24.48415369773851 ], [ 78.937467933071147, 24.480125807162036 ], [ 78.924328231428561, 24.49807313534043 ], [ 78.907599714480014, 24.479152487210467 ], [ 78.915300010509029, 24.462360667804404 ], [ 78.937798332510852, 24.455588418428604 ], [ 78.951132865326059, 24.438888734552322 ], [ 78.988748786574135, 24.442879041196395 ], [ 78.994519381556771, 24.423623382047772 ], [ 78.980931932084502, 24.394309366558179 ], [ 78.973556950375396, 24.349374228798322 ], [ 78.914355873474534, 24.296960561049527 ], [ 78.918292990030665, 24.272254130792767 ], [ 78.885627432305938, 24.249768137794991 ], [ 78.885369512544344, 24.218841269938967 ], [ 78.869326622358969, 24.209821553866984 ], [ 78.845247829143446, 24.210452800716556 ], [ 78.830711508328804, 24.197082151106027 ], [ 78.819977256080236, 24.206052383150862 ], [ 78.812130694117258, 24.180089854153881 ], [ 78.79810428838735, 24.176023222899452 ], [ 78.766953816240431, 24.229576428450539 ], [ 78.772853219796914, 24.246298291188225 ], [ 78.766718751805215, 24.25420091674599 ], [ 78.752292288749061, 24.234985564577936 ], [ 78.743914144106995, 24.237811181630349 ], [ 78.738637574053868, 24.249518317483595 ], [ 78.72496415134691, 24.234857934473162 ], [ 78.705213857993172, 24.230180511184031 ], [ 78.675460192005175, 24.240703494357181 ], [ 78.660785483104661, 24.269399699495391 ], [ 78.640504734271602, 24.285003061644762 ], [ 78.62804452311093, 24.281892606301099 ], [ 78.623667092298945, 24.291743671183909 ], [ 78.629145441243978, 24.305469873195896 ], [ 78.608399896093289, 24.313900451643551 ], [ 78.584759054610899, 24.352644138078816 ], [ 78.558885299000877, 24.356184017497377 ], [ 78.511661706990651, 24.389467710163526 ], [ 78.49602517385145, 24.381559683852785 ], [ 78.481579614776564, 24.362954472041178 ], [ 78.474019793191147, 24.334889829280105 ], [ 78.446460588461989, 24.321074699676355 ], [ 78.439657493754495, 24.308960794306984 ], [ 78.440925179589826, 24.293231205036555 ], [ 78.417416551281164, 24.283151252593527 ], [ 78.413057920422318, 24.27258519514243 ], [ 78.388443178942467, 24.269501908235345 ], [ 78.367752453304732, 24.291656617674182 ], [ 78.348495718462843, 24.300917657647055 ], [ 78.33149142328331, 24.329880170974157 ], [ 78.368703718808334, 24.373631903372001 ], [ 78.367091465149585, 24.381267271124514 ], [ 78.27296597857611, 24.442784780285187 ], [ 78.266393477617143, 24.455409526119038 ], [ 78.275727255945554, 24.471571798042863 ], [ 78.245721299270173, 24.484833826142253 ], [ 78.246272910118918, 24.504944588647938 ], [ 78.22582439343438, 24.518124802161765 ], [ 78.222644890574529, 24.526981176074575 ], [ 78.230295421539893, 24.53667371502652 ], [ 78.26504079660566, 24.553519705502548 ], [ 78.276078658067007, 24.610663441540151 ], [ 78.262931506790167, 24.643890683458654 ], [ 78.274744095465039, 24.66235880731773 ], [ 78.257055706893865, 24.700789615838858 ], [ 78.226682139376265, 24.742555479582123 ], [ 78.230187679274238, 24.778165188075686 ], [ 78.193228548294044, 24.837924666944364 ], [ 78.171641922630542, 24.843284832959334 ], [ 78.030381284480811, 24.847662516421021 ], [ 77.980000447825347, 24.868326311686641 ], [ 77.961964191222364, 24.953346456201423 ], [ 77.908042475993696, 24.98307432554601 ], [ 77.758759284559261, 24.923128504765359 ], [ 77.729360519300243, 24.886159430644106 ], [ 77.642423858582887, 24.893991923014443 ], [ 77.625342719796379, 24.915045390840831 ], [ 77.582177872705799, 24.902195716280556 ], [ 77.519467915833161, 24.864660364372078 ], [ 77.425554602222249, 24.887484228022323 ], [ 77.354282890231005, 24.944136831155742 ], [ 77.310897423266525, 25.080002124578215 ], [ 77.362786883327104, 25.096529927908584 ], [ 77.39236104271211, 25.11693040470276 ], [ 77.40423550370754, 25.108240483092011 ], [ 77.392632978485423, 25.127928360987188 ], [ 77.396458203979165, 25.183128996372997 ], [ 77.42379751983708, 25.187954974012424 ], [ 77.412220723548486, 25.22120093514642 ], [ 77.397466071985093, 25.226058788465565 ], [ 77.381381574102505, 25.243927178103046 ], [ 77.368513425715648, 25.244979654737545 ], [ 77.355461922584141, 25.266673705173584 ], [ 77.375305807893994, 25.283421732928996 ], [ 77.380650497774766, 25.300730451608501 ], [ 77.369628398673299, 25.327872728324493 ], [ 77.35904065151685, 25.327225496188767 ], [ 77.355193720979543, 25.319014625217417 ], [ 77.342251176281081, 25.320468810827439 ], [ 77.361947868872406, 25.362750968697071 ], [ 77.350182015790764, 25.382778323725219 ], [ 77.367290966005129, 25.407796775630644 ], [ 77.360299451107451, 25.418851532239994 ], [ 77.349657613651729, 25.417270779426811 ], [ 77.31122022712222, 25.431253466894859 ], [ 77.288870643048483, 25.418445825963861 ], [ 77.265771119421856, 25.394332764474381 ], [ 77.226001058327242, 25.368321123411338 ], [ 77.220712066622013, 25.319409729660695 ], [ 77.216070726640595, 25.319386319947725 ], [ 77.216384522281629, 25.328598387855806 ], [ 77.203836278075173, 25.325437982572506 ], [ 77.21081388792372, 25.306349701858814 ], [ 77.159160588246834, 25.308180422674479 ], [ 77.121353144674501, 25.329999832209417 ], [ 77.081003742925589, 25.33463806455563 ], [ 77.063727372781045, 25.316883645377906 ], [ 77.044808863103199, 25.320020290687218 ], [ 77.029614834465235, 25.296082239706138 ], [ 76.964072638922019, 25.292178936730167 ], [ 76.958007802600989, 25.273560766368394 ], [ 76.94710930352916, 25.27037713798347 ], [ 76.93397341256258, 25.274175770481374 ], [ 76.934491247637141, 25.292312378717398 ], [ 76.898486147180577, 25.317426106343639 ], [ 76.848185625456608, 25.325572340537121 ], [ 76.775191873814066, 25.307265604665091 ], [ 76.764941961211292, 25.317753007309651 ], [ 76.771838498361021, 25.331295370624421 ], [ 76.745507142951311, 25.342868182260947 ], [ 76.71960657574958, 25.337539201422459 ], [ 76.708262955797807, 25.342705581795975 ], [ 76.68610049370686, 25.340583034066537 ], [ 76.648599895460876, 25.371513736758548 ], [ 76.641278425995736, 25.37544322289958 ], [ 76.630464876373281, 25.3702321769156 ], [ 76.607491993711662, 25.38410813162044 ], [ 76.59394463627801, 25.426607288390308 ], [ 76.569236745798207, 25.437532276270563 ], [ 76.561315685941935, 25.47493640347874 ], [ 76.525317751739848, 25.525067494557568 ], [ 76.527243825461881, 25.545488855231902 ], [ 76.514830607897409, 25.574939943536485 ], [ 76.519852586292629, 25.628792439848141 ], [ 76.504561032057723, 25.643459273922616 ], [ 76.515956353661323, 25.667935266557325 ], [ 76.486894125016306, 25.684516331206833 ], [ 76.483055401932958, 25.701142154720145 ], [ 76.487574341972689, 25.71323893715136 ], [ 76.535892050848446, 25.729044275805087 ], [ 76.527528399024632, 25.761416223527462 ], [ 76.534654604193676, 25.793032883334359 ], [ 76.575727489385713, 25.840002920709217 ], [ 76.373395276698389, 25.843568422293409 ], [ 76.250189256911625, 25.823602302929814 ], [ 76.131069535217293, 25.847475353765276 ], [ 76.025733494486261, 25.859433784348827 ], [ 75.902488870904676, 25.841626212990185 ], [ 75.711585994441165, 25.756108604863762 ], [ 75.61543619088576, 25.736377645706263 ], [ 75.530657667093536, 25.699862510154066 ], [ 75.473382259843305, 25.647050660470807 ], [ 75.326772369907516, 25.467304187434337 ], [ 75.289060543302682, 25.432650826548958 ], [ 74.942543109085747, 25.206706415869082 ], [ 74.847121140123448, 25.181626644093825 ], [ 74.729144002623229, 25.184964807620403 ], [ 74.594292413714072, 25.207121920043804 ], [ 74.380419123254669, 25.197067587080586 ], [ 74.297326960830361, 25.137968588513026 ], [ 74.236999314391483, 25.050420177991555 ], [ 74.183195673477528, 24.938710490976252 ], [ 74.148145175716039, 24.769176693722134 ], [ 74.178766911670891, 24.682570584640111 ], [ 74.205042359605386, 24.632363755832341 ], [ 74.312572366941538, 24.492531875841522 ], [ 74.330780450490579, 24.442005587634988 ], [ 74.365027598122651, 24.389627583913082 ], [ 74.386704618872784, 24.319717318925498 ], [ 74.374265140557114, 24.177852261878211 ], [ 74.375744792421472, 24.082818224443947 ], [ 74.35465701306579, 23.896738358282096 ], [ 74.163239609665993, 23.789588505786398 ], [ 74.144387119619353, 23.737661290785052 ], [ 74.127313489113845, 23.646784167088533 ], [ 74.094735685967677, 23.606513435519226 ], [ 74.038747280250149, 23.558007623087295 ], [ 74.008353312818471, 23.471469548761657 ], [ 73.961689295169961, 23.37848263243318 ], [ 73.944236114685197, 23.371741437385467 ], [ 73.935775384868222, 23.339655719274813 ], [ 73.891003924076571, 23.335435307918662 ], [ 73.891688068312476, 23.350886060446189 ], [ 73.833173558391138, 23.429066852201 ], [ 73.828854001629708, 23.445134019030263 ], [ 73.779645009021522, 23.433081804949218 ], [ 73.767578138401944, 23.451064614949495 ], [ 73.757187565644898, 23.455308874693767 ], [ 73.731249889706447, 23.424290414946316 ], [ 73.696566130850456, 23.348273222009606 ], [ 73.663077197493976, 23.222507896602337 ], [ 73.593414575247735, 23.190328570656519 ], [ 73.519343126057635, 23.088421529673546 ], [ 73.461988501917503, 23.049385314809552 ], [ 73.184047470729737, 22.996941642519168 ], [ 73.046013374880914, 22.917517002606388 ], [ 73.015244741477574, 22.828296551722651 ], [ 72.903844974282748, 22.771908856009006 ], [ 72.676629405734971, 22.742821587351365 ], [ 72.528212669800965, 22.647765690695572 ], [ 72.454226979006478, 22.563599321880901 ], [ 72.367494286227128, 22.497048575456073 ], [ 72.116446716483836, 22.480530564478137 ], [ 72.127345140555448, 22.495735720846845 ], [ 71.916617573621195, 22.400459926153356 ], [ 71.84043746110757, 22.359773638649564 ], [ 71.671848280123612, 22.288367238858193 ], [ 71.504625091782032, 22.198541161074832 ], [ 71.314925564492469, 22.154813664055265 ], [ 71.213153006386932, 22.148927854725184 ], [ 71.076298894879343, 22.254388998266489 ], [ 71.053523481089044, 22.280340002227852 ], [ 71.363166516411738, 22.396728536120538 ], [ 71.569758702783005, 22.652407616076321 ], [ 71.73431274920857, 22.960406044968291 ], [ 71.868258786656028, 23.242167450584212 ], [ 71.870277744863955, 23.315486197424722 ], [ 71.834752561032317, 23.369627735395778 ], [ 71.902754115120814, 23.387985369265625 ], [ 71.944423647522882, 23.419476315983758 ], [ 71.973798403187672, 23.457629354553649 ], [ 71.976522541968293, 23.541962639148423 ], [ 72.007869943810263, 23.613154427391294 ], [ 72.067042673914059, 23.619899412394094 ], [ 72.182545870283505, 23.614873646490153 ], [ 72.272976021406294, 23.63045480922171 ], [ 72.307820506336967, 23.712732126472478 ], [ 72.301317501902105, 23.822203077286911 ], [ 72.376137685185157, 23.902805542567688 ], [ 72.614732145974969, 23.976710637607169 ], [ 72.644430620829837, 24.014733309537085 ], [ 72.694017240035791, 24.053698365542072 ], [ 72.764532735746826, 24.075338805558427 ], [ 72.841271456564584, 24.056986398890089 ], [ 72.909439872306635, 24.049177405975136 ], [ 72.946395880907929, 24.102107517391651 ], [ 73.010068989692115, 24.251374671807895 ], [ 73.004110124178055, 24.287690673617206 ], [ 72.961449823952847, 24.351392567962694 ], [ 72.987348733416056, 24.364011459067861 ], [ 72.977193125544375, 24.380136001980016 ], [ 72.959129372495866, 24.383861810439853 ], [ 72.960056125260522, 24.392330919939123 ], [ 72.986619028262652, 24.420963684813231 ], [ 72.977037173968398, 24.451146247892616 ], [ 72.996466565369516, 24.470682841125189 ], [ 73.082660274433593, 24.639208316558985 ], [ 73.170146139012118, 24.750416294347669 ], [ 73.243319377964895, 24.831675090563152 ], [ 73.307440608736101, 24.934446045590011 ], [ 73.350679985913672, 25.028969681373553 ], [ 73.407174511195436, 25.075277550388286 ], [ 73.506219348881231, 25.128230639515341 ], [ 73.573141293233476, 25.182222533129334 ], [ 73.63587316747325, 25.267700430183993 ], [ 73.66740496394182, 25.334810393644794 ], [ 73.697370538949613, 25.379908682262975 ], [ 73.801033766008089, 25.510832787164585 ], [ 73.893949860501436, 25.702171079810892 ], [ 73.971316227783078, 25.829465884910775 ], [ 73.999848074845332, 25.852498298305903 ], [ 74.04891418841018, 25.839762967154833 ], [ 74.118011436147967, 25.859445760311232 ], [ 74.159809593623834, 25.946293372901767 ], [ 74.162736471419976, 26.000000822642939 ], [ 74.197974564128671, 26.054911850422773 ], [ 74.340653364412816, 26.181949403121244 ], [ 74.373214598734251, 26.23914689188587 ], [ 74.379582051140602, 26.278345172397245 ], [ 74.354982163614523, 26.284764691968725 ], [ 74.320677624280322, 26.266472277192211 ], [ 74.285398079162306, 26.270056644865136 ], [ 74.281496253999393, 26.296705204748658 ], [ 74.294477421937714, 26.428691640883994 ], [ 74.341349551480633, 26.469357405589079 ], [ 74.456340773144206, 26.500259064225808 ], [ 74.530216266193079, 26.544251498653374 ], [ 74.586150281183464, 26.565673784411224 ], [ 74.667915461657046, 26.617171981138434 ], [ 74.691598461015232, 26.698314059903321 ], [ 74.702483852270291, 26.761974135756461 ], [ 74.771676437363581, 26.859223781934595 ], [ 74.813439767130632, 26.899550713786578 ], [ 74.850401170689395, 26.925104418194078 ], [ 74.90877974175244, 26.958644429327769 ], [ 75.020559058054786, 26.947624364076937 ], [ 75.123244106526769, 26.960578374225868 ], [ 75.207735382573659, 27.024010700943844 ], [ 75.267692136460994, 27.091520907608714 ], [ 75.331615851919224, 27.200476145954159 ], [ 75.431364665600285, 27.300701441452212 ], [ 75.538613679618692, 27.34755319833334 ], [ 75.671445293893299, 27.365846778580668 ], [ 75.819758610184337, 27.411188844663389 ], [ 75.88935417182725, 27.449493192376771 ], [ 75.910034523524203, 27.484073304061088 ], [ 75.94293825424802, 27.562728705143705 ], [ 75.960065101037642, 27.623948464414234 ], [ 76.003488244055177, 27.717429112752964 ], [ 76.042741210715903, 27.771891462341557 ], [ 76.095793975312574, 27.863945560012208 ], [ 76.129868993143731, 27.849853426731642 ], [ 76.136198357510793, 27.84236013081523 ], [ 76.135466751284724, 27.828645059682827 ], [ 76.180648790095034, 27.802841742689555 ], [ 76.201907303292415, 27.826581554271716 ], [ 76.215524970294723, 27.823834438430179 ], [ 76.2311005453505, 27.836267570316139 ], [ 76.213764760496161, 27.84334580366772 ], [ 76.212891031844421, 27.850876097203059 ], [ 76.200940800418834, 27.859289460161353 ], [ 76.196846199717115, 27.87175327554132 ], [ 76.207627096770651, 27.883475652113781 ], [ 76.20653454008874, 27.894366853091316 ], [ 76.174336161592095, 27.910481155745423 ], [ 76.187450739299265, 27.968259727415312 ], [ 76.168944600344958, 27.975538440069979 ], [ 76.162937866597105, 27.994446920154445 ], [ 76.182318187998362, 28.017351805718466 ], [ 76.20395750042313, 28.017149814608135 ], [ 76.221929144489266, 28.027088711021843 ], [ 76.221682860781499, 28.035578049940913 ], [ 76.212285738555394, 28.037659329742254 ], [ 76.201521537072452, 28.030642712803239 ], [ 76.184985662445044, 28.044398738616824 ], [ 76.185468015933097, 28.054710008217512 ], [ 76.234112738787729, 28.050576720933186 ], [ 76.25177069396733, 28.064306150140641 ], [ 76.273149050046527, 28.064088393832741 ], [ 76.298315461523387, 28.044422639407617 ], [ 76.298312607887809, 28.025210015853592 ], [ 76.324812796408935, 28.016265250872994 ], [ 76.345035534371661, 28.02492422309 ], [ 76.36161120761615, 28.060822618578865 ], [ 76.362938777185803, 28.069453226873751 ], [ 76.345670783827117, 28.068331349942191 ], [ 76.3332035151969, 28.087438937775957 ], [ 76.305715743274519, 28.096370761918276 ], [ 76.316365701730405, 28.106590758043083 ], [ 76.34793860415482, 28.10497805820291 ], [ 76.364023185383445, 28.123712361297883 ], [ 76.339418921889305, 28.134267529023237 ], [ 76.325741642554647, 28.148377363129157 ], [ 76.309966531641209, 28.146331578623077 ], [ 76.303480435044222, 28.152392695688103 ], [ 76.306941383761867, 28.157890681342668 ], [ 76.285199841887305, 28.168127178783056 ], [ 76.297301710306414, 28.178023146372286 ], [ 76.321871673199553, 28.177064507075606 ], [ 76.316578752901364, 28.182589036591317 ], [ 76.335903357725812, 28.288704832629858 ], [ 76.309935881257999, 28.354892912658485 ], [ 76.303897162615854, 28.442781640212591 ], [ 76.329651889962051, 28.501044182781907 ], [ 76.376040436372975, 28.559766791415583 ], [ 76.418599313900785, 28.633555409938932 ], [ 76.41332451079829, 28.697154371813639 ], [ 76.386695103434818, 28.784534757496068 ], [ 76.339545653065059, 28.865364654267879 ], [ 76.297410572984603, 28.891693835442545 ], [ 76.247450293881997, 28.948157216912019 ], [ 76.255589007060806, 29.021131445271848 ], [ 76.283525519451516, 29.124875844004098 ], [ 76.271164252202723, 29.191287313959126 ], [ 76.23649517065094, 29.308697802540888 ], [ 76.210446097917952, 29.368701743350751 ], [ 76.164371162764112, 29.403976182926815 ], [ 76.083869756242819, 29.432340984834202 ], [ 76.006398765323155, 29.472861012100257 ], [ 75.956467406486482, 29.517065812964159 ], [ 75.936164871668439, 29.607446254960763 ], [ 75.937330867054243, 29.677148505601906 ], [ 75.951570151120819, 29.730591875461759 ], [ 75.924659494828063, 29.735434692850873 ], [ 75.907970434048025, 29.752225731287503 ], [ 75.889960578958977, 29.743791241611266 ], [ 75.874459950681455, 29.749078665772522 ], [ 75.844118906121935, 29.787497140554123 ], [ 75.839786228766428, 29.809176150494793 ], [ 75.830721965119906, 29.812248224536059 ], [ 75.806770857774168, 29.804027525112623 ], [ 75.782363045608406, 29.822347878461539 ], [ 75.759087609174628, 29.809110373362554 ], [ 75.747653550870552, 29.92604387909735 ], [ 75.708751899326543, 29.964980590390944 ], [ 75.634528499676094, 30.057444994037127 ], [ 75.5947661266176, 30.118114953343252 ], [ 75.49988056111475, 30.199036778263469 ], [ 75.329510218790546, 30.281368881589437 ], [ 75.225037141594228, 30.492510461309362 ], [ 75.139438752068983, 30.537155215141954 ], [ 74.974935743751828, 30.561190855911416 ], [ 74.87471958450935, 30.75036974988938 ], [ 74.754462130711644, 30.811839927667197 ], [ 74.581925399696289, 30.817083667347543 ], [ 74.544644276973187, 30.804959184402385 ], [ 74.492229003600499, 30.756037568545402 ], [ 74.452764093896448, 30.700276780047489 ], [ 74.394238303084521, 30.694645518326251 ], [ 74.27175412097975, 30.730745429894736 ], [ 74.287016060415269, 30.735273143416116 ], [ 74.287787297094852, 30.740488825527354 ], [ 74.264130006910236, 30.773179852046344 ], [ 74.283223987015432, 30.772995435380409 ], [ 74.308534956482148, 30.783909593595951 ], [ 74.307960988757102, 30.793625683369179 ], [ 74.296940671238261, 30.800823820026189 ], [ 74.318853002254528, 30.822339316986234 ], [ 74.327484829903824, 30.848796151324976 ], [ 74.354014473054718, 30.855620714237933 ], [ 74.362674372449021, 30.849092134126142 ], [ 74.371272481250799, 30.860398386077048 ], [ 74.384605415393381, 30.862667329847064 ], [ 74.364189864220933, 30.87877231351338 ], [ 74.372294353371288, 30.894945703424188 ], [ 74.407969691807651, 30.912420734272452 ], [ 74.426831129426631, 30.912215480961887 ], [ 74.428113924607274, 30.918332039041619 ], [ 74.41342179003253, 30.926507517346884 ], [ 74.428860922934973, 30.927117021283021 ], [ 74.42085746396927, 30.93569919997352 ], [ 74.425147949935678, 30.942927929302169 ], [ 74.447907493732572, 30.953796026786701 ], [ 74.46049358707009, 30.952930112741914 ], [ 74.46936522009301, 30.961961883372602 ], [ 74.459673887059836, 30.969665716563874 ], [ 74.492629397763437, 30.977116402256318 ], [ 74.506736041563983, 30.966425118070504 ], [ 74.526143809994466, 30.985721096366742 ], [ 74.548408396015816, 30.99297983226371 ], [ 74.543665719143377, 31.013530044111075 ], [ 74.565584383929504, 31.054211808263972 ], [ 74.591807723906527, 31.058282843730602 ], [ 74.605967341279921, 31.041342492703414 ], [ 74.668087126344446, 31.055090914503911 ], [ 74.695322982561919, 31.072711782270268 ], [ 74.696385136098272, 31.08694153359987 ], [ 74.706624356809968, 31.095955350028539 ], [ 74.702140880014284, 31.117654490668844 ], [ 74.688791574756735, 31.131662404778073 ], [ 74.671199721616631, 31.128099485050811 ], [ 74.664913247983606, 31.135767945056656 ], [ 74.643381904006787, 31.121999057316962 ], [ 74.637095668552874, 31.12333228155838 ], [ 74.637350516457388, 31.138023126834483 ], [ 74.6071804404055, 31.135785437216843 ], [ 74.603931247948736, 31.129165998771068 ], [ 74.612723356467754, 31.109584421702127 ], [ 74.608555505916016, 31.091708042176709 ], [ 74.604882777162558, 31.088188898582182 ], [ 74.597520114305865, 31.096016481965197 ], [ 74.577875291456394, 31.085181518737581 ], [ 74.559254241316808, 31.088322464587396 ], [ 74.555516598000878, 31.122667171434351 ], [ 74.538569376298682, 31.123395137747412 ], [ 74.535298986497338, 31.130575026268627 ], [ 74.517482972877829, 31.137565104740233 ], [ 74.513448509759243, 31.182731702353124 ], [ 74.521680143501001, 31.188162678858205 ], [ 74.526772667548784, 31.210520360466173 ], [ 74.523588422732928, 31.232458681464529 ], [ 74.534549519880471, 31.248722661666285 ], [ 74.523504917401397, 31.273574323331371 ], [ 74.544556338677523, 31.304297085321686 ], [ 74.530355491513561, 31.316268397071699 ], [ 74.54098088110274, 31.321721320953415 ], [ 74.541351258754375, 31.331890394257936 ], [ 74.552813478134397, 31.335042117377782 ], [ 74.548143373690124, 31.346905734822144 ], [ 74.553531821972967, 31.366899051843305 ], [ 74.587964872161066, 31.383848459303096 ], [ 74.602513630372684, 31.422723397561665 ], [ 74.623949928889473, 31.423640990050863 ], [ 74.631251028109659, 31.430004135388543 ], [ 74.647749703724003, 31.415847829974901 ], [ 74.656324243334424, 31.427905749310582 ], [ 74.642108547123229, 31.445837885469984 ], [ 74.65495426729278, 31.462702247649101 ], [ 74.633649235049063, 31.479210570083353 ], [ 74.639372634843554, 31.487911814653806 ], [ 74.62203164292923, 31.488458610008223 ], [ 74.608045724043336, 31.501565609499163 ], [ 74.592540792332983, 31.497041019493345 ], [ 74.579099732195942, 31.50225158230818 ], [ 74.585403779167294, 31.507209178266393 ], [ 74.585920089575836, 31.520982503899052 ], [ 74.614059091004052, 31.530954175843299 ], [ 74.620339901194598, 31.558113520774103 ], [ 74.613178761732826, 31.564103539721344 ] ] ] } },
{ "type": "Feature", "properties": { "objectid": 5, "ae_regcode": 5, "physio_reg": "CENTRAL HIGHLANDS ( MALWA )  GUJARAT PLAIN AND KATHIAWAR PENINSULA  SEMI-ARID ECO-REGION", "area_sqkm": 5613.8843521299996, "shape_Leng": 4006327.8215600001, "shape_Area": 169686188235.0 }, "geometry": { "type": "MultiPolygon", "coordinates": [ [ [ [ 76.131069535217293, 25.847475353765276 ], [ 76.250189256911625, 25.823602302929814 ], [ 76.373395276698389, 25.843568422293409 ], [ 76.575727489385713, 25.840002920709217 ], [ 76.534654604193676, 25.793032883334359 ], [ 76.527528399024632, 25.761416223527462 ], [ 76.535892050848446, 25.729044275805087 ], [ 76.487574341972689, 25.71323893715136 ], [ 76.482920653296389, 25.69017765525852 ], [ 76.515956353661323, 25.667935266557325 ], [ 76.504561032057723, 25.643459273922616 ], [ 76.519852586292629, 25.628792439848141 ], [ 76.514830607897409, 25.574939943536485 ], [ 76.527243825461881, 25.545488855231902 ], [ 76.525317751739848, 25.525067494557568 ], [ 76.561315685941935, 25.47493640347874 ], [ 76.569236745798207, 25.437532276270563 ], [ 76.59394463627801, 25.426607288390308 ], [ 76.607491993711662, 25.38410813162044 ], [ 76.630464876373281, 25.3702321769156 ], [ 76.641278425995736, 25.37544322289958 ], [ 76.648599895460876, 25.371513736758548 ], [ 76.68610049370686, 25.340583034066537 ], [ 76.708262955797807, 25.342705581795975 ], [ 76.71960657574958, 25.337539201422459 ], [ 76.745507142951311, 25.342868182260947 ], [ 76.771838498361021, 25.331295370624421 ], [ 76.764941961211292, 25.317753007309651 ], [ 76.775191873814066, 25.307265604665091 ], [ 76.848185625456608, 25.325572340537121 ], [ 76.898486147180577, 25.317426106343639 ], [ 76.934491247637141, 25.292312378717398 ], [ 76.93397341256258, 25.274175770481374 ], [ 76.94710930352916, 25.27037713798347 ], [ 76.958007802600989, 25.273560766368394 ], [ 76.964072638922019, 25.292178936730167 ], [ 77.029614834465235, 25.296082239706138 ], [ 77.044808863103199, 25.320020290687218 ], [ 77.063727372781045, 25.316883645377906 ], [ 77.081003742925589, 25.33463806455563 ], [ 77.121353144674501, 25.329999832209417 ], [ 77.159160588246834, 25.308180422674479 ], [ 77.21081388792372, 25.306349701858814 ], [ 77.203836278075173, 25.325437982572506 ], [ 77.216384522281629, 25.328598387855806 ], [ 77.216070726640595, 25.319386319947725 ], [ 77.220712066622013, 25.319409729660695 ], [ 77.226001058327242, 25.368321123411338 ], [ 77.31122022712222, 25.431253466894859 ], [ 77.349657613651729, 25.417270779426811 ], [ 77.360299451107451, 25.418851532239994 ], [ 77.367290966005129, 25.407796775630644 ], [ 77.350182015790764, 25.382778323725219 ], [ 77.361947868872406, 25.362750968697071 ], [ 77.342251176281081, 25.320468810827439 ], [ 77.355193720979543, 25.319014625217417 ], [ 77.35904065151685, 25.327225496188767 ], [ 77.369628398673299, 25.327872728324493 ], [ 77.380650497774766, 25.300730451608501 ], [ 77.375305807893994, 25.283421732928996 ], [ 77.355461922584141, 25.266673705173584 ], [ 77.368513425715648, 25.244979654737545 ], [ 77.381381574102505, 25.243927178103046 ], [ 77.397466071985093, 25.226058788465565 ], [ 77.412220723548486, 25.22120093514642 ], [ 77.42379751983708, 25.187954974012424 ], [ 77.396458203979165, 25.183128996372997 ], [ 77.392632978485423, 25.127928360987188 ], [ 77.40423550370754, 25.108240483092011 ], [ 77.39236104271211, 25.11693040470276 ], [ 77.362786883327104, 25.096529927908584 ], [ 77.310897423266525, 25.080002124578215 ], [ 77.322054199144631, 25.035485477860856 ], [ 77.164153096990617, 25.082367818919845 ], [ 76.993951212073398, 25.04017691047877 ], [ 76.933528405108973, 24.883074448907784 ], [ 76.916613118949684, 24.697574192668046 ], [ 76.910627228543333, 24.502532493373938 ], [ 76.88198710507622, 24.365502548192985 ], [ 76.69430491283596, 24.215373883139282 ], [ 76.438304274262649, 24.248642014508178 ], [ 76.205430310231733, 24.213821942769105 ], [ 76.020254710579664, 24.01415941393681 ], [ 75.953031335171588, 23.788168493697768 ], [ 75.956981392115878, 23.661531729829118 ], [ 76.012554531065646, 23.575247722620585 ], [ 76.110884688384957, 23.470542155940944 ], [ 76.123479519673253, 23.402619375074643 ], [ 76.084780696136249, 23.284643167539091 ], [ 76.005204951203524, 23.126594172727504 ], [ 76.011467884911013, 22.92203349828365 ], [ 76.069915677579445, 22.728589148205476 ], [ 76.179763009821002, 22.565682206944448 ], [ 76.320214123564426, 22.422950583151096 ], [ 76.426043163723449, 22.386498015923976 ], [ 76.604606023917839, 22.371113649725913 ], [ 76.784082919360529, 22.31655678068476 ], [ 76.968814269509338, 22.028027060564945 ], [ 77.166676463335861, 21.974476310849425 ], [ 77.235435446724011, 21.925573917351752 ], [ 77.145743531824962, 21.714671290974533 ], [ 77.123930947215655, 21.722849511066251 ], [ 77.086529723342494, 21.716126678073859 ], [ 77.071764002196161, 21.71930217344223 ], [ 77.062205022990298, 21.706906552599364 ], [ 76.999857138924867, 21.679116677089336 ], [ 76.913933681880252, 21.612482007795382 ], [ 76.903467668579978, 21.598378031403993 ], [ 76.854410382477013, 21.612569721526963 ], [ 76.835759160743009, 21.590621281959827 ], [ 76.797501856096787, 21.595078503793175 ], [ 76.782346357735037, 21.560045116763519 ], [ 76.789934090198869, 21.53772455396502 ], [ 76.764983836370362, 21.520254672249532 ], [ 76.793885629048575, 21.48753335648588 ], [ 76.786239980841714, 21.464154654277404 ], [ 76.745367028038189, 21.440822681651269 ], [ 76.734016773261857, 21.406518342687644 ], [ 76.626204312010117, 21.332856939272162 ], [ 76.662796007271368, 21.280225966397097 ], [ 76.660203611496812, 21.245659958878019 ], [ 76.64424654861719, 21.245569033083981 ], [ 76.633322390877936, 21.226753400817099 ], [ 76.633207269399975, 21.20325110724001 ], [ 76.624985430376455, 21.190544926731231 ], [ 76.618391303120035, 21.196450380956399 ], [ 76.560848981022062, 21.203678234946604 ], [ 76.530602741233196, 21.187165932476965 ], [ 76.492484385586621, 21.195689301887526 ], [ 76.483754347811285, 21.186097232200481 ], [ 76.47826434136914, 21.15320553465061 ], [ 76.466755196764097, 21.137155530412855 ], [ 76.458734831125312, 21.136253269938781 ], [ 76.453899637726067, 21.112806018751858 ], [ 76.4348928058008, 21.104627211451586 ], [ 76.412926707925436, 21.10520149915039 ], [ 76.410540358129609, 21.092036521973455 ], [ 76.377373516990829, 21.075264990957614 ], [ 76.282551310150723, 21.073254610879012 ], [ 76.262874616606624, 21.092624914641068 ], [ 76.184438518487312, 21.087874378063056 ], [ 76.173184895960475, 21.082528113063294 ], [ 76.16756865702493, 21.087495218243909 ], [ 76.169010143236349, 21.10332338078917 ], [ 76.136135339235338, 21.124098662838506 ], [ 76.140398027601947, 21.137947717619902 ], [ 76.128902997772414, 21.154571424287944 ], [ 76.114392744320085, 21.162503607077181 ], [ 76.127882006331944, 21.175768050291776 ], [ 76.167424553439091, 21.168579020172839 ], [ 76.173316904583245, 21.186130025210559 ], [ 76.166488186075867, 21.193324022949753 ], [ 76.164633141325439, 21.221974254345394 ], [ 76.144950771737442, 21.235887401773628 ], [ 76.159807881306833, 21.256921216336192 ], [ 76.145568698040321, 21.285524806978358 ], [ 76.129806480173229, 21.295252386862931 ], [ 76.099179350319247, 21.371609511024051 ], [ 76.05276937734881, 21.350401388440311 ], [ 76.02783311798224, 21.365827216734356 ], [ 75.985119626022851, 21.374863143853116 ], [ 75.959596779535929, 21.393855275811749 ], [ 75.916622636969464, 21.387507012073723 ], [ 75.888136714374326, 21.397304238243073 ], [ 75.862734343769787, 21.384984774119857 ], [ 75.843328262357801, 21.387140217639828 ], [ 75.832519950897336, 21.380995085229191 ], [ 75.801207925540567, 21.387841421465911 ], [ 75.758644190802187, 21.38319698252204 ], [ 75.732572116004008, 21.391028337317238 ], [ 75.694362254991333, 21.387267176499638 ], [ 75.672899078570467, 21.37807292584689 ], [ 75.628824274345476, 21.378957210681371 ], [ 75.618799619884101, 21.391179743341674 ], [ 75.608238639776872, 21.392731520602048 ], [ 75.575789097269364, 21.383259549080584 ], [ 75.580488046523712, 21.377611224880347 ], [ 75.559009763826438, 21.380007588831525 ], [ 75.547299539014702, 21.370247266030713 ], [ 75.52368523819105, 21.384910172808599 ], [ 75.467377926559379, 21.391963469101764 ], [ 75.412189394097524, 21.388846838335635 ], [ 75.397159026954853, 21.380770974005983 ], [ 75.383198723311708, 21.383390560823933 ], [ 75.360051103459341, 21.401016820055343 ], [ 75.352424746449842, 21.391290864925562 ], [ 75.310504726955529, 21.393099389127205 ], [ 75.300413157719461, 21.387075778368573 ], [ 75.298147545937439, 21.413469616925735 ], [ 75.257504692583751, 21.403048155049003 ], [ 75.23473815423354, 21.41492466337689 ], [ 75.218152778118878, 21.408712557010382 ], [ 75.121038480021795, 21.451189663141715 ], [ 75.104694780688035, 21.467486903258227 ], [ 75.088010112951153, 21.512163824540018 ], [ 75.055722198039959, 21.562756744239056 ], [ 75.015713735037579, 21.570441798639177 ], [ 74.992552802718265, 21.588927578189981 ], [ 74.917100605002005, 21.610996002948177 ], [ 74.899475630765892, 21.628098875838706 ], [ 74.862355513987126, 21.631921152062393 ], [ 74.833041265227422, 21.616880358200216 ], [ 74.829843492008195, 21.608829478520278 ], [ 74.800177959588424, 21.614066256487579 ], [ 74.799346752262423, 21.607991290288979 ], [ 74.790342384133453, 21.60829713179962 ], [ 74.706529545677753, 21.625586185583245 ], [ 74.663047525168054, 21.650034150136424 ], [ 74.601109235577141, 21.661490994043465 ], [ 74.432119769104645, 21.636363068820263 ], [ 74.305730895631214, 21.565677789624484 ], [ 74.311564831805654, 21.541522008697275 ], [ 74.331333474069581, 21.538569729306921 ], [ 74.323462658030749, 21.494120101938922 ], [ 74.301576494632855, 21.4777940195474 ], [ 74.263905418285049, 21.473171088097892 ], [ 74.258696830706697, 21.464146547415584 ], [ 74.245135542543963, 21.461318847244151 ], [ 74.23415554421949, 21.476871722014032 ], [ 74.224454263159885, 21.478065425041805 ], [ 74.218422843027142, 21.474002189889454 ], [ 74.218008880553768, 21.457474082688556 ], [ 74.180794223760074, 21.465535209897865 ], [ 74.151637245386567, 21.45168463601588 ], [ 74.123997380505784, 21.462090966400361 ], [ 74.118392447545602, 21.460294591401592 ], [ 74.117496563638426, 21.449280356899262 ], [ 74.103969244121075, 21.446606927876665 ], [ 74.098704939406133, 21.452495696813834 ], [ 74.073043500707854, 21.456437616241246 ], [ 74.071151980909832, 21.470872541458377 ], [ 74.062038014354286, 21.480566917243692 ], [ 74.04328834691745, 21.418105823232391 ], [ 74.010445359875931, 21.416686187845979 ], [ 73.963157085251027, 21.390828646820118 ], [ 73.947261306665752, 21.40115741464691 ], [ 73.951378145289979, 21.343254297595138 ], [ 73.942779759054289, 21.296377138120942 ], [ 73.88605323777513, 21.26132094968974 ], [ 73.852358612225402, 21.268898191364173 ], [ 73.826011150296608, 21.266433804729093 ], [ 73.830192342198501, 21.241314149570314 ], [ 73.813891645106096, 21.220860151278529 ], [ 73.812519457724122, 21.20287626409905 ], [ 73.815085295537926, 21.194333816543754 ], [ 73.829699127489718, 21.194172949470481 ], [ 73.816269080063847, 21.170943486741429 ], [ 73.789952315758597, 21.180777785634842 ], [ 73.777231872294408, 21.164126820408473 ], [ 73.735053053151049, 21.166224499670417 ], [ 73.741402974602622, 21.150646021882533 ], [ 73.730067786175425, 21.137415013874747 ], [ 73.710378097104638, 21.140899095029749 ], [ 73.706519342196685, 21.149615721059817 ], [ 73.674499953086112, 21.151309049221734 ], [ 73.629421683037904, 21.131914847397113 ], [ 73.630481651469822, 21.152380994341705 ], [ 73.612685162553618, 21.15721074270439 ], [ 73.606147469798515, 21.175327795809302 ], [ 73.599873653210139, 21.177731490746911 ], [ 73.581174200721449, 21.167199936481964 ], [ 73.31381783875257, 21.199668914751623 ], [ 73.148621432135954, 21.253149813071019 ], [ 73.021568141202721, 21.320421093967745 ], [ 72.926511309026168, 21.395197377502061 ], [ 72.82201072023247, 21.659859721975362 ], [ 72.835138315242389, 21.667360306042887 ], [ 72.832918160994851, 21.673196793628094 ], [ 72.79818915778489, 21.661531449137165 ], [ 72.779859537547949, 21.663194655646471 ], [ 72.761804575025806, 21.669305801039066 ], [ 72.736253732610777, 21.689584732890239 ], [ 72.71124839199102, 21.678472519613806 ], [ 72.600416178825284, 21.681531906584656 ], [ 72.562639230681967, 21.658750534333912 ], [ 72.547365182658154, 21.658472062191237 ], [ 72.524026864408128, 21.680139542623568 ], [ 72.517915720753606, 21.714582443220852 ], [ 72.521532053755138, 21.706529617880893 ], [ 72.521795267067645, 21.71624946542277 ], [ 72.540414805454688, 21.735692977232201 ], [ 72.543474191493317, 21.742921829615256 ], [ 72.544172282355945, 21.749914169772701 ], [ 72.544328683556984, 21.752016068114397 ], [ 72.544385904850472, 21.754835128137948 ], [ 72.544408793375084, 21.756368637622856 ], [ 72.544141763162301, 21.757223129882817 ], [ 72.544084543726456, 21.757360459069368 ], [ 72.54430579535078, 21.758474349431019 ], [ 72.542924876026632, 21.761529922376443 ], [ 72.547639840735812, 21.767362594490262 ], [ 72.55652599435507, 21.802082999328345 ], [ 72.557359689549813, 21.802640914896667 ], [ 72.561189645300516, 21.80710411132393 ], [ 72.561643594449635, 21.807790755811251 ], [ 72.561975474173337, 21.808729171360021 ], [ 72.562788003507706, 21.809843063115505 ], [ 72.563440316836463, 21.810899735564512 ], [ 72.563863748716884, 21.81209373551021 ], [ 72.564420695330625, 21.812940597106479 ], [ 72.564760202203828, 21.81375312805136 ], [ 72.564859385800219, 21.813753127871692 ], [ 72.56487845796596, 21.814031601333575 ], [ 72.565141673414232, 21.814027787057356 ], [ 72.565408700840848, 21.815141677854925 ], [ 72.567094797458481, 21.817079544245633 ], [ 72.567476267457607, 21.818922043580255 ], [ 72.571101700126064, 21.823547473404663 ], [ 72.616738599341815, 21.868077206173918 ], [ 72.621513323813744, 21.90011772868878 ], [ 72.628737690967455, 21.90906192219073 ], [ 72.623136429263909, 21.92215416847181 ], [ 72.614372163945987, 21.920917260197847 ], [ 72.608354563059521, 21.932420730701882 ], [ 72.63675702485655, 21.954174113879688 ], [ 72.625528117180465, 21.953006796229964 ], [ 72.588506693525019, 21.922903061948439 ], [ 72.57952915637226, 21.884410316057458 ], [ 72.545232308755573, 21.877400003065965 ], [ 72.51661975965294, 21.87948997956698 ], [ 72.504861825354368, 21.90958213755847 ], [ 72.5048618269483, 21.980974197299393 ], [ 72.526254649454174, 22.076810837028727 ], [ 72.555971141620006, 22.168474198364887 ], [ 72.582086558861548, 22.200971604310631 ], [ 72.614859996459984, 22.217640000351182 ], [ 72.648485178426242, 22.2168102270109 ], [ 72.700143808778108, 22.184305190595243 ], [ 72.757638927746029, 22.174028397767582 ], [ 72.808748240119456, 22.245973586886006 ], [ 72.817361828220754, 22.247922896852259 ], [ 72.877908701984225, 22.223752975231957 ], [ 72.910425181195208, 22.243192672881911 ], [ 72.919584269907375, 22.260690689732016 ], [ 72.915971751137889, 22.27819633548917 ], [ 72.909303661644898, 22.258752822250955 ], [ 72.88930701682051, 22.244028091272977 ], [ 72.865144725219309, 22.243463515578455 ], [ 72.852640147397665, 22.281812667425285 ], [ 72.843748087320307, 22.282365799039145 ], [ 72.752084727576772, 22.2309703830709 ], [ 72.687921518863931, 22.238470078862552 ], [ 72.658754344900032, 22.26875114505642 ], [ 72.656259532693369, 22.279031753935435 ], [ 72.63541221196337, 22.284582139221527 ], [ 72.595972057320424, 22.27347374034456 ], [ 72.559854502228944, 22.245969773859457 ], [ 72.557359690360997, 22.259309770689029 ], [ 72.541254039405374, 22.243196488472496 ], [ 72.541810984307929, 22.248750688182643 ], [ 72.533205027275457, 22.246252060176101 ], [ 72.540971752140749, 22.257081987253084 ], [ 72.534860606452469, 22.260416032663578 ], [ 72.537359232312738, 22.273752213039021 ], [ 72.55375098700253, 22.278192520397944 ], [ 72.542642589668503, 22.280973434745594 ], [ 72.525972361231013, 22.269311906710275 ], [ 72.524034496501102, 22.24485969674037 ], [ 72.50570106044006, 22.229032517493764 ], [ 72.485971447263537, 22.197359085753966 ], [ 72.473749156201904, 22.20125007722358 ], [ 72.485139842170881, 22.222639085250879 ], [ 72.478761668096567, 22.228479387349456 ], [ 72.491250986959912, 22.23013878065915 ], [ 72.49263953711953, 22.237085343733803 ], [ 72.489030834128229, 22.235418321638779 ], [ 72.47986030158323, 22.234304429729729 ], [ 72.477640147333034, 22.23513984844044 ], [ 72.492364879621846, 22.238752365794149 ], [ 72.492921824561677, 22.248193741969363 ], [ 72.470697398901549, 22.238752365645709 ], [ 72.435144419764342, 22.301252366888384 ], [ 72.388746256149744, 22.31041908327575 ], [ 72.405420299305433, 22.333471299167485 ], [ 72.412363048533621, 22.358472825706297 ], [ 72.399026866668763, 22.368749618867003 ], [ 72.393751139704165, 22.382642747976416 ], [ 72.37931251026022, 22.38541984760975 ], [ 72.360971446844971, 22.371530534206574 ], [ 72.382371897615087, 22.37542152487017 ], [ 72.404306407085102, 22.351530075772136 ], [ 72.379030223898454, 22.335973740821419 ], [ 72.372915262625412, 22.313753129515142 ], [ 72.383188243068801, 22.299860002387405 ], [ 72.413751597853491, 22.297639848211922 ], [ 72.416528696992415, 22.227361680516495 ], [ 72.411531443872363, 22.227083207128004 ], [ 72.411249156105683, 22.215692521396608 ], [ 72.399583811414601, 22.199308396088121 ], [ 72.392641061760287, 22.213193895157531 ], [ 72.377359385728099, 22.226251602941989 ], [ 72.375696177363309, 22.235971452736496 ], [ 72.38347053075853, 22.245702744233675 ], [ 72.37986182561319, 22.257360459089551 ], [ 72.356248849654918, 22.271249771480317 ], [ 72.370973580642755, 22.245141983262091 ], [ 72.360139841467586, 22.22514152563744 ], [ 72.362077707627421, 22.20514106929053 ], [ 72.386526102020696, 22.189031602375774 ], [ 72.391527169584151, 22.167917252222949 ], [ 72.386526103316839, 22.172361374429499 ], [ 72.387075419422786, 22.159860612828631 ], [ 72.377359385758808, 22.158472061981584 ], [ 72.375970835137608, 22.149862290185023 ], [ 72.372095102794788, 22.171808243578369 ], [ 72.35901832011082, 22.172643663234872 ], [ 72.363748545186724, 22.189031602474575 ], [ 72.357645030059075, 22.192922593066474 ], [ 72.359582894701731, 22.185968400214971 ], [ 72.351808543221807, 22.182085038167997 ], [ 72.353204721901051, 22.164579393467072 ], [ 72.344026560683062, 22.168474198453445 ], [ 72.356798165634913, 22.150140763057664 ], [ 72.35041999171942, 22.146532059987958 ], [ 72.350137705485508, 22.126806260160794 ], [ 72.343492501835328, 22.12486076420231 ], [ 72.339578622278111, 22.138750077984639 ], [ 72.316244119275282, 22.146532059568411 ], [ 72.317644113237208, 22.180696488850593 ], [ 72.294305796415941, 22.202363968170129 ], [ 72.300142283011027, 22.185968400928356 ], [ 72.312639230702075, 22.18069648793529 ], [ 72.310419076577944, 22.144582749730908 ], [ 72.323755258699947, 22.130136490501567 ], [ 72.311250682167625, 22.111532211608949 ], [ 72.315416329965558, 22.099584580399977 ], [ 72.279863351659344, 21.964307786154166 ], [ 72.270982737411856, 21.967641831139257 ], [ 72.279031747887842, 21.954862596496756 ], [ 72.278474802554882, 21.932081221889458 ], [ 72.269304270068716, 21.934583664754385 ], [ 72.263193124370304, 21.946531296665896 ], [ 72.261529917733782, 21.980974198354154 ], [ 72.251806253038922, 21.987363817090241 ], [ 72.26069831283651, 22.019311905331076 ], [ 72.24514197797933, 22.032915115959053 ], [ 72.241533273295786, 22.049585344031403 ], [ 72.286531442773267, 22.074304580887514 ], [ 72.297922128432603, 22.063470840735061 ], [ 72.304033274966642, 22.072080612693071 ], [ 72.295152658281765, 22.080690384175757 ], [ 72.302633280701357, 22.089025498108064 ], [ 72.300142281922533, 22.108751298486471 ], [ 72.277360911476279, 22.090696336280768 ], [ 72.276803964702125, 22.098196031188387 ], [ 72.265417094109694, 22.105421068233706 ], [ 72.27485846827706, 22.097360611896811 ], [ 72.278192514720871, 22.080419541709659 ], [ 72.233194344851157, 22.053754806654471 ], [ 72.232637399673493, 22.017641069283389 ], [ 72.223199838846739, 22.020971299471935 ], [ 72.209588999706298, 22.010419846977527 ], [ 72.195970529967482, 22.022642135803693 ], [ 72.185968394177053, 22.019582749165441 ], [ 72.182085031159019, 22.035142899035311 ], [ 72.172365183467292, 22.041532517189275 ], [ 72.180971139803219, 22.03319358914106 ], [ 72.179861063542248, 22.019029617973217 ], [ 72.197084421851912, 22.016809465313973 ], [ 72.200418467286113, 22.004304887398657 ], [ 72.213739390516551, 21.999029159842625 ], [ 72.230974191267705, 22.007642746363526 ], [ 72.220972055513712, 21.956251145379763 ], [ 72.190698618812931, 21.94236183211332 ], [ 72.17402839035077, 21.958753586890211 ], [ 72.16401862553279, 21.959863663859796 ], [ 72.156251901190643, 21.975694657561601 ], [ 72.14653205404629, 21.983472825275271 ], [ 72.160974497683583, 21.961812974445131 ], [ 72.147088998901594, 21.954862595956971 ], [ 72.167078012291398, 21.95486259597719 ], [ 72.190141673148574, 21.93708229099726 ], [ 72.220140452659749, 21.947919846257793 ], [ 72.253198619045648, 21.897363662181398 ], [ 72.258188242186193, 21.882371902856786 ], [ 72.260141366764941, 21.784311294912317 ], [ 72.270982737282196, 21.751531601208089 ], [ 72.26458167575251, 21.740419388063636 ], [ 72.263196940498901, 21.740694046372433 ], [ 72.259859078894181, 21.7493114467858 ], [ 72.255144114511126, 21.758752822595977 ], [ 72.254026406751095, 21.760423660703733 ], [ 72.252641673112137, 21.760972976406826 ], [ 72.247087473393648, 21.790971755374688 ], [ 72.218751901332624, 21.801805495587367 ], [ 72.20903205238541, 21.820695877726514 ], [ 72.203195565655562, 21.824861527348475 ], [ 72.197084421711338, 21.827360153689124 ], [ 72.189310068837472, 21.828199386219151 ], [ 72.185415262961811, 21.827360153525682 ], [ 72.182916636632527, 21.823751450242291 ], [ 72.194864267534825, 21.82708549562026 ], [ 72.205141062898633, 21.822362899603259 ], [ 72.215417855567466, 21.8020801544059 ], [ 72.241247172649423, 21.787363053087919 ], [ 72.247087473072725, 21.751249312990971 ], [ 72.305971140014762, 21.628469467126823 ], [ 72.26902961138569, 21.573751449985664 ], [ 72.254026407799387, 21.501810074792761 ], [ 72.235139840992744, 21.456529616745886 ], [ 72.201246255513055, 21.412916183388916 ], [ 72.176530833106725, 21.396528245053684 ], [ 72.166810984249253, 21.376527787266813 ], [ 72.121530527047184, 21.325422287331712 ], [ 72.109025950473566, 21.301530838696781 ], [ 72.109018319908728, 21.282922744950387 ], [ 72.101808541761741, 21.277917861425173 ], [ 72.092912642988708, 21.287363052582585 ], [ 72.098199839472159, 21.264028550197033 ], [ 72.081254953946186, 21.248472213812896 ], [ 72.090974802178408, 21.226530074588151 ], [ 72.112359994633749, 21.222639083771512 ], [ 72.105142587721033, 21.215421676360034 ], [ 72.114290231064018, 21.211812973652346 ], [ 72.113748545575987, 21.196527480875112 ], [ 72.055688852751047, 21.174032211039453 ], [ 72.046518320983964, 21.159032821144837 ], [ 72.041528696526413, 21.162641526227819 ], [ 72.018190378025182, 21.154310226211411 ], [ 72.008188242468037, 21.132642745764684 ], [ 72.003732676444486, 21.141530990929915 ], [ 71.989862437569982, 21.14153099047703 ], [ 71.974031443913276, 21.129030228118683 ], [ 71.976808543444221, 21.120969772125459 ], [ 71.960138315234261, 21.124586105377247 ], [ 71.926248543726587, 21.110971450687806 ], [ 71.899309151474952, 21.109312058262809 ], [ 71.879030220735885, 21.089582443551418 ], [ 71.802087777047987, 21.062921523937593 ], [ 71.796251290680516, 21.0531902323381 ], [ 71.806810372581509, 21.037916183721183 ], [ 71.778200142214345, 21.039865494301015 ], [ 71.785425180063442, 21.031530379454004 ], [ 71.760698312604973, 21.020139694488122 ], [ 71.735696786085768, 21.020696640352917 ], [ 71.729303354466779, 21.013471602660218 ], [ 71.727365488007948, 21.021249771187051 ], [ 71.71514319807747, 21.020418167218349 ], [ 71.682085031671022, 21.004308700842746 ], [ 71.679582588691943, 20.9973621367585 ], [ 71.646532051796996, 20.994863510585294 ], [ 71.638467782039783, 20.989862442699682 ], [ 71.638193123455011, 20.975141525689516 ], [ 71.627916329717223, 20.969305039348235 ], [ 71.612340347712404, 20.972669862120874 ], [ 71.606798165494595, 20.964860915872649 ], [ 71.597360603702583, 20.967363357851998 ], [ 71.565141670651045, 20.949583053639788 ], [ 71.545694344964943, 20.950700760096193 ], [ 71.53402900108442, 20.943197251229002 ], [ 71.514863960903398, 20.948194503200472 ], [ 71.506532662821726, 20.931806563991792 ], [ 71.515977854084355, 20.922361373642875 ], [ 71.488199227892878, 20.914861679568396 ], [ 71.485139840963001, 20.910696030477141 ], [ 71.495138160934005, 20.907640457948741 ], [ 71.482355110771095, 20.90625190682713 ], [ 71.477083199543685, 20.889860153265701 ], [ 71.462640755452014, 20.880971908032723 ], [ 71.448472970095025, 20.881532669441199 ], [ 71.438188545738271, 20.868749618467341 ], [ 71.386804574928647, 20.863470077000155 ], [ 71.389032358453633, 20.8740291599267 ], [ 71.377908700151778, 20.874029160340296 ], [ 71.381803505878295, 20.859861374875823 ], [ 71.387918465908925, 20.860418319083077 ], [ 71.384584421396085, 20.857084274858867 ], [ 71.322641365382268, 20.846250533911729 ], [ 71.291807167995316, 20.82875251720133 ], [ 71.2387638018876, 20.811532974316787 ], [ 71.232637399808354, 20.804029464909544 ], [ 71.209032052034601, 20.802087784372379 ], [ 71.202081674925296, 20.788473128989171 ], [ 71.155694955009182, 20.778474807048106 ], [ 71.148176186776823, 20.76569938586379 ], [ 71.154863351030073, 20.759305953361057 ], [ 71.085977548504417, 20.756250382253132 ], [ 71.077638619805143, 20.750143050453474 ], [ 71.081529610076288, 20.738470077748779 ], [ 71.065408699823593, 20.733751297010148 ], [ 71.045694344475962, 20.730970381967641 ], [ 71.010972969735022, 20.739862441883883 ], [ 70.994024269756252, 20.732362747221035 ], [ 70.986810676564843, 20.722082137870196 ], [ 70.983751288777015, 20.726251601912374 ], [ 70.999029152328774, 20.742361068112302 ], [ 70.991250985544013, 20.745973587119483 ], [ 70.940126213424378, 20.733229995612874 ], [ 70.921953123378273, 20.744351696277729 ], [ 70.874864570061874, 20.726804733631962 ], [ 70.863473884509744, 20.73986244154263 ], [ 70.863195411420861, 20.754861831216527 ], [ 70.852914802146032, 20.754030228459719 ], [ 70.862359993684038, 20.752084732443052 ], [ 70.857362739648693, 20.743192672082692 ], [ 70.872644417267907, 20.724309921980119 ], [ 70.867921820995846, 20.712640762364252 ], [ 70.874032967787301, 20.70486259540052 ], [ 70.844858162220575, 20.707361222147608 ], [ 70.834032050944089, 20.699312209702779 ], [ 70.838472359623978, 20.690416336432111 ], [ 70.827638618835948, 20.690141678442149 ], [ 70.792085640513136, 20.712362290208581 ], [ 70.758470528742549, 20.722642898299707 ], [ 70.743753426101165, 20.719861983457257 ], [ 70.703477852722628, 20.73791694559073 ], [ 70.67457770634735, 20.757364272342794 ], [ 70.673471444059729, 20.764585494663624 ], [ 70.662916176126075, 20.762083052736468 ], [ 70.666528693916206, 20.755971909345575 ], [ 70.666254037058067, 20.752359390481189 ], [ 70.657083503647826, 20.764585495672371 ], [ 70.614587775792984, 20.769861221370991 ], [ 70.607362740608963, 20.777360917241921 ], [ 70.562082282337073, 20.79263878030121 ], [ 70.553476326316016, 20.803472519473519 ], [ 70.541807166333811, 20.801530839388299 ], [ 70.488748543043116, 20.828191758680084 ], [ 70.476518623111687, 20.840421677256938 ], [ 70.469026558433853, 20.838193893633253 ], [ 70.447366707831392, 20.847917557986214 ], [ 70.412919989982015, 20.87541771019022 ], [ 70.41208838657505, 20.880975724998176 ], [ 70.419584267654031, 20.881528855301983 ], [ 70.417085639894438, 20.887083054034818 ], [ 70.407354347277604, 20.882360459098198 ], [ 70.370973580387101, 20.902639389926989 ], [ 70.374582284062797, 20.896249771577224 ], [ 70.373750679569127, 20.894861222835981 ], [ 70.35097312205086, 20.910417556794588 ], [ 70.347085946014076, 20.91625022984244 ], [ 70.351251595594604, 20.92069435209525 ], [ 70.345140450185681, 20.915697098774576 ], [ 70.320703498803297, 20.927362442250768 ], [ 70.258188239472105, 20.972642899069633 ], [ 70.239587777259814, 20.992639543288416 ], [ 70.247644416680885, 21.000421525034064 ], [ 70.238199225760269, 20.993749619677455 ], [ 70.240419379651172, 20.99958229062787 ], [ 70.226251594802719, 20.999029160141205 ], [ 70.180421820996344, 21.035696030199709 ], [ 70.142084113434052, 21.069307327401614 ], [ 70.137918464356204, 21.077924729213247 ], [ 70.146249763171355, 21.080694199354824 ], [ 70.135972969603728, 21.085702897789385 ], [ 70.132364265579838, 21.079862595597305 ], [ 70.104860298772905, 21.105695726121688 ], [ 70.099584571502788, 21.104581834010766 ], [ 70.046525948184637, 21.156530381723478 ], [ 70.031801216307457, 21.174581529423552 ], [ 70.038194649027488, 21.183473588829525 ], [ 70.028474800597991, 21.178750992084446 ], [ 69.990419380647694, 21.21597099469869 ], [ 69.778200141668876, 21.457914354399087 ], [ 69.787637703748587, 21.451532366033131 ], [ 69.799859993048699, 21.452081682326753 ], [ 69.804864875285446, 21.464029314612112 ], [ 69.795694343881337, 21.452642441708722 ], [ 69.775140753870886, 21.459859850307332 ], [ 69.613748543332449, 21.627641680514561 ], [ 69.590974800088219, 21.638471604952279 ], [ 69.5931949541488, 21.629304887449798 ], [ 69.587640755043836, 21.620969773843566 ], [ 69.590974799815527, 21.635419848167277 ], [ 69.560419074587372, 21.655420304298197 ], [ 69.470693580739891, 21.740972520818818 ], [ 69.432359687946231, 21.767362597142455 ], [ 69.365740144944695, 21.833471300438877 ], [ 69.600716364538599, 21.943892021446157 ], [ 69.652022438494527, 21.874165603790647 ], [ 69.716277782171133, 21.805312749205175 ], [ 69.877015502097208, 21.755165338836825 ], [ 70.000521940229063, 21.763418133123672 ], [ 70.177111008327955, 21.848274120488078 ], [ 70.249510221550238, 22.017756484241652 ], [ 70.41148854845828, 22.040343354841156 ], [ 70.583965699377728, 22.008488203215865 ], [ 70.686049921646912, 22.045334542659795 ], [ 70.897948089191274, 22.198600159023535 ], [ 71.053523481089044, 22.280340002227852 ], [ 71.076298894879343, 22.254388998266489 ], [ 71.213153006386932, 22.148927854725184 ], [ 71.314925564492469, 22.154813664055265 ], [ 71.504625091782032, 22.198541161074832 ], [ 71.671848280123612, 22.288367238858193 ], [ 71.84043746110757, 22.359773638649564 ], [ 71.916617573621195, 22.400459926153356 ], [ 72.127345140555448, 22.495735720846845 ], [ 72.116446716483836, 22.480530564478137 ], [ 72.367494286227128, 22.497048575456073 ], [ 72.454226979006478, 22.563599321880901 ], [ 72.528212669800965, 22.647765690695572 ], [ 72.676629405734971, 22.742821587351365 ], [ 72.903844974282748, 22.771908856009006 ], [ 73.015244741477574, 22.828296551722651 ], [ 73.046013374880914, 22.917517002606388 ], [ 73.184047470729737, 22.996941642519168 ], [ 73.461988501917503, 23.049385314809552 ], [ 73.519343126057635, 23.088421529673546 ], [ 73.593414575247735, 23.190328570656519 ], [ 73.663077197493976, 23.222507896602337 ], [ 73.696566130850456, 23.348273222009606 ], [ 73.731249889706447, 23.424290414946316 ], [ 73.757187565644898, 23.455308874693767 ], [ 73.767578138401944, 23.451064614949495 ], [ 73.779645009021522, 23.433081804949218 ], [ 73.828854001629708, 23.445134019030263 ], [ 73.833173558391138, 23.429066852201 ], [ 73.891688068312476, 23.350886060446189 ], [ 73.891003924076571, 23.335435307918662 ], [ 73.935775384868222, 23.339655719274813 ], [ 73.944236114685197, 23.371741437385467 ], [ 73.961689295169961, 23.37848263243318 ], [ 74.008353312818471, 23.471469548761657 ], [ 74.038747280250149, 23.558007623087295 ], [ 74.094735685967677, 23.606513435519226 ], [ 74.127313489113845, 23.646784167088533 ], [ 74.144387119619353, 23.737661290785052 ], [ 74.163239609665993, 23.789588505786398 ], [ 74.35465701306579, 23.896738358282096 ], [ 74.375744792421472, 24.082818224443947 ], [ 74.374265140557114, 24.177852261878211 ], [ 74.386704618872784, 24.319717318925498 ], [ 74.365027598122651, 24.389627583913082 ], [ 74.330780450490579, 24.442005587634988 ], [ 74.312572366941538, 24.492531875841522 ], [ 74.205042359605386, 24.632363755832341 ], [ 74.178766911670891, 24.682570584640111 ], [ 74.148145175716039, 24.769176693722134 ], [ 74.183195673477528, 24.938710490976252 ], [ 74.236999314391483, 25.050420177991555 ], [ 74.297326960830361, 25.137968588513026 ], [ 74.380419123254669, 25.197067587080586 ], [ 74.594292413714072, 25.207121920043804 ], [ 74.729144002623229, 25.184964807620403 ], [ 74.847121140123448, 25.181626644093825 ], [ 74.942543109085747, 25.206706415869082 ], [ 75.289060543302682, 25.432650826548958 ], [ 75.326772369907516, 25.467304187434337 ], [ 75.473382259843305, 25.647050660470807 ], [ 75.530657667093536, 25.699862510154066 ], [ 75.61543619088576, 25.736377645706263 ], [ 75.711585994441165, 25.756108604863762 ], [ 75.902488870904676, 25.841626212990185 ], [ 76.025733494486261, 25.859433784348827 ], [ 76.131069535217293, 25.847475353765276 ] ] ], [ [ [ 70.924246257800391, 20.738504202912004 ], [ 70.939323615725357, 20.732599382357574 ], [ 70.960138312709446, 20.736249922916983 ], [ 70.962366096654307, 20.721807479694185 ], [ 70.96763419307662, 20.72847175556857 ], [ 70.997644416741778, 20.714029311572151 ], [ 70.977083198806241, 20.701532363003345 ], [ 70.970140449646536, 20.707086562492542 ], [ 70.9518146433673, 20.703752516978927 ], [ 70.923471443131476, 20.711530684693415 ], [ 70.914018623329113, 20.699029922429723 ], [ 70.899309150698343, 20.698751449528491 ], [ 70.893754951236943, 20.707639693888751 ], [ 70.873476020991646, 20.709863662499611 ], [ 70.882360450839712, 20.728750228137368 ], [ 70.924246257800391, 20.738504202912004 ] ] ], [ [ [ 72.353194993938487, 21.613470999327234 ], [ 72.365141995069209, 21.597640000410994 ], [ 72.35874899365048, 21.57986100076247 ], [ 72.345413993824906, 21.602350999319896 ], [ 72.353194993938487, 21.613470999327234 ] ] ], [ [ [ 72.27430699393561, 21.749582999360776 ], [ 72.282639994259171, 21.734582000101035 ], [ 72.287635995438492, 21.707362000953882 ], [ 72.267637995052482, 21.736531000213855 ], [ 72.27430699393561, 21.749582999360776 ] ] ], [ [ [ 72.370695994031564, 22.235139001072262 ], [ 72.368186995444077, 22.224029000266718 ], [ 72.376525995289882, 22.20375100073905 ], [ 72.363470993769653, 22.214028001493986 ], [ 72.370695994031564, 22.235139001072262 ] ] ], [ [ [ 72.354858993891952, 21.943200000384078 ], [ 72.357360995295224, 21.929309000105079 ], [ 72.360419994515155, 21.92458400072228 ], [ 72.347640994397977, 21.929028999673871 ], [ 72.354858993891952, 21.943200000384078 ] ] ], [ [ [ 71.698198312419109, 20.999311447207614 ], [ 71.703752511856905, 20.995138167622752 ], [ 71.695421212108968, 20.996812821280155 ], [ 71.698198312419109, 20.999311447207614 ] ] ], [ [ [ 72.388190994641661, 22.214582000229406 ], [ 72.387641994480603, 22.21013700082511 ], [ 72.382636994950261, 22.215694001797221 ], [ 72.388190994641661, 22.214582000229406 ] ] ], [ [ [ 71.706529611042342, 20.998754500742724 ], [ 71.714029306468817, 20.997743606503875 ], [ 71.705972665111332, 20.997362137426247 ], [ 71.706529611042342, 20.998754500742724 ] ] ], [ [ [ 72.472641995008061, 22.208195002002959 ], [ 72.4723589962326, 22.203190001362707 ], [ 72.46791699612838, 22.202361001237431 ], [ 72.467916995167869, 22.205419001179738 ], [ 72.472641995008061, 22.208195002002959 ] ] ], [ [ [ 72.21235599430949, 22.005421000362162 ], [ 72.215972993797124, 22.002082001514655 ], [ 72.210417994188987, 22.003192000395867 ], [ 72.21235599430949, 22.005421000362162 ] ] ], [ [ [ 72.102081995597999, 21.270690999477736 ], [ 72.103202995350543, 21.270419999922659 ], [ 72.099029993902107, 21.265409999667348 ], [ 72.102081995597999, 21.270690999477736 ] ] ], [ [ [ 72.542914993851056, 21.75458400082594 ], [ 72.544326347435501, 21.752016971860197 ], [ 72.54402899459204, 21.748994783532357 ], [ 72.542914993851056, 21.75458400082594 ] ] ], [ [ [ 72.564759282904078, 21.813752000669801 ], [ 72.564418014657164, 21.812939688835289 ], [ 72.563863477589962, 21.812094166379438 ], [ 72.563438357061855, 21.810897076647411 ], [ 72.561973036564126, 21.808728225266073 ], [ 72.56164272991623, 21.807791487349668 ], [ 72.560142995469036, 21.806126717822274 ], [ 72.564759282904078, 21.813752000669801 ] ] ], [ [ [ 72.256249995360577, 21.754306000827576 ], [ 72.258232464062019, 21.752321451835055 ], [ 72.258339827726871, 21.751250591144288 ], [ 72.256249995360577, 21.754306000827576 ] ] ], [ [ [ 72.260413995368936, 21.746207721372475 ], [ 72.261507009150463, 21.744039163812964 ], [ 72.260413994510003, 21.745139000817836 ], [ 72.260413995368936, 21.746207721372475 ] ] ], [ [ [ 72.2554179950872, 21.757767832271611 ], [ 72.255913463122582, 21.756809069572299 ], [ 72.255417995557337, 21.757083999430758 ], [ 72.2554179950872, 21.757767832271611 ] ] ], [ [ [ 72.254302994687961, 21.759992089153418 ], [ 72.254776205177095, 21.759042000617622 ], [ 72.254302995165958, 21.759311000150291 ], [ 72.254302994687961, 21.759992089153418 ] ] ], [ [ [ 72.261585907433101, 21.743882625244321 ], [ 72.261792407887995, 21.743472916494667 ], [ 72.261527993623702, 21.743471000800206 ], [ 72.261585907433101, 21.743882625244321 ] ] ], [ [ [ 72.249477248687569, 21.774063780959853 ], [ 72.24930499499267, 21.774026999316309 ], [ 72.249309163840238, 21.774413298423902 ], [ 72.249477248687569, 21.774063780959853 ] ] ], [ [ [ 72.249580994072602, 21.773836977249164 ], [ 72.2497483996966, 21.773471000824323 ], [ 72.249580994831803, 21.773471000027111 ], [ 72.249580994072602, 21.773836977249164 ] ] ], [ [ [ 72.556122151994956, 21.80069192068461 ], [ 72.555969994045029, 21.800335718319786 ], [ 72.55596999398027, 21.800692999837796 ], [ 72.556122151994956, 21.80069192068461 ] ] ], [ [ [ 72.261803993758008, 21.743449927939277 ], [ 72.2619324823592, 21.743195000330747 ], [ 72.26180399486968, 21.743195000588255 ], [ 72.261803993758008, 21.743449927939277 ] ] ], [ [ [ 72.547652999795957, 21.769618384921277 ], [ 72.547636995071869, 21.769860999974924 ], [ 72.547748399039207, 21.76986099949875 ], [ 72.547652999795957, 21.769618384921277 ] ] ], [ [ [ 72.557487303647633, 21.80319300046078 ], [ 72.557357993859867, 21.802949002920482 ], [ 72.557357994380624, 21.803193001010502 ], [ 72.557487303647633, 21.80319300046078 ] ] ], [ [ [ 72.573066858675034, 22.192081854051278 ], [ 72.572914995614937, 22.191899494818053 ], [ 72.572914995082925, 22.192084001277653 ], [ 72.573066858675034, 22.192081854051278 ] ] ], [ [ [ 72.56722267291056, 22.185140001398516 ], [ 72.567093994840462, 22.184930798644167 ], [ 72.567093995382464, 22.185140000875233 ], [ 72.56722267291056, 22.185140001398516 ] ] ], [ [ [ 72.564406462740152, 22.180918838488985 ], [ 72.56430899481883, 22.18078698192954 ], [ 72.564308995277571, 22.180973001814408 ], [ 72.564406462740152, 22.180918838488985 ] ] ], [ [ [ 72.561675848505928, 22.17680831323516 ], [ 72.56153099564672, 22.176648256166203 ], [ 72.561530995042773, 22.17681200076936 ], [ 72.561675848505928, 22.17680831323516 ] ] ], [ [ [ 72.567734431218796, 22.185972001582698 ], [ 72.567642996177042, 22.185823349454125 ], [ 72.567642995845731, 22.185972000264876 ], [ 72.567734431218796, 22.185972001582698 ] ] ], [ [ [ 72.249031995336267, 21.774989636109495 ], [ 72.249093857765743, 21.774861000789766 ], [ 72.249031994317747, 21.774861000705855 ], [ 72.249031995336267, 21.774989636109495 ] ] ], [ [ [ 72.254858994661944, 21.758875776724832 ], [ 72.254921640390748, 21.758749999810217 ], [ 72.254858995245755, 21.758750000258924 ], [ 72.254858994661944, 21.758875776724832 ] ] ], [ [ [ 72.255141994432876, 21.758307574779895 ], [ 72.255200523755008, 21.758190060793982 ], [ 72.255141994783855, 21.758189000907731 ], [ 72.255141994432876, 21.758307574779895 ] ] ], [ [ [ 72.563825142391607, 22.180139001752043 ], [ 72.563750996059383, 22.180046627497649 ], [ 72.563750996390709, 22.180139000448793 ], [ 72.563825142391607, 22.180139001752043 ] ] ], [ [ [ 72.568828502836453, 22.187642000567507 ], [ 72.56874899481511, 22.187559702663055 ], [ 72.568748995618506, 22.187642001981732 ], [ 72.568828502836453, 22.187642000567507 ] ] ], [ [ [ 72.568255632552976, 22.186809106657176 ], [ 72.568192994994249, 22.18670870169111 ], [ 72.568192995216634, 22.186810001758822 ], [ 72.568255632552976, 22.186809106657176 ] ] ], [ [ [ 72.559102308290363, 21.805139000926133 ], [ 72.559027995400214, 21.8050547697014 ], [ 72.559027994409789, 21.805139000710589 ], [ 72.559102308290363, 21.805139000926133 ] ] ], [ [ [ 72.559377547623825, 21.805418700203042 ], [ 72.559303993909737, 21.80535616758813 ], [ 72.559303994951946, 21.805420000388583 ], [ 72.559377547623825, 21.805418700203042 ] ] ], [ [ [ 72.573531668429126, 22.192640001481507 ], [ 72.573470995382237, 22.192567143775932 ], [ 72.573470995548405, 22.192640001688641 ], [ 72.573531668429126, 22.192640001481507 ] ] ], [ [ [ 72.569361781968908, 22.188194001487734 ], [ 72.569304995187125, 22.18813522140124 ], [ 72.569304995194685, 22.188194001071757 ], [ 72.569361781968908, 22.188194001487734 ] ] ], [ [ [ 72.567394751236137, 22.185419762111479 ], [ 72.56736099605105, 22.18536488302734 ], [ 72.567360994921259, 22.185420001102536 ], [ 72.567394751236137, 22.185419762111479 ] ] ], [ [ [ 72.564876023088971, 21.814029872006333 ], [ 72.564857995372606, 21.813986960283806 ], [ 72.564857994796327, 21.814030000326785 ], [ 72.564876023088971, 21.814029872006333 ] ] ], [ [ [ 72.557663909304054, 21.803472820898975 ], [ 72.557639994490174, 21.803441079533375 ], [ 72.557639995331598, 21.803473000544525 ], [ 72.557663909304054, 21.803472820898975 ] ] ], [ [ [ 72.566288103488773, 22.183749001236539 ], [ 72.566245996003943, 22.183732616057224 ], [ 72.566245995366316, 22.183749000648955 ], [ 72.566288103488773, 22.183749001236539 ] ] ], [ [ [ 72.554596005703203, 21.797639001133206 ], [ 72.554581995398181, 21.797612205708223 ], [ 72.554581993717719, 21.797639000236931 ], [ 72.554596005703203, 21.797639001133206 ] ] ], [ [ [ 72.263191994406839, 21.740695980575264 ], [ 72.263194981319629, 21.7406900523393 ], [ 72.263191995023973, 21.740690000371377 ], [ 72.263191994406839, 21.740695980575264 ] ] ] ] } },
{ "type": "Feature", "properties": { "objectid": 6, "ae_regcode": 6, "physio_reg": "DECCAN PLATU  HOT SEMI-ARID ECO-REGION", "area_sqkm": 117936.89946, "shape_Leng": 3510496.4969500001, "shape_Area": 293324379996.0 }, "geometry": { "type": "Polygon", "coordinates": [ [ [ 74.797337610977763, 21.607802163990712 ], [ 74.800177959588424, 21.614066256487579 ], [ 74.829843492008195, 21.608829478520278 ], [ 74.833041265227422, 21.616880358200216 ], [ 74.862355513987126, 21.631921152062393 ], [ 74.896631512949398, 21.628730108647236 ], [ 74.918927360503488, 21.610235707408677 ], [ 74.992552802718265, 21.588927578189981 ], [ 75.015713735037579, 21.570441798639177 ], [ 75.051534471605436, 21.565013527843377 ], [ 75.088010112951153, 21.512163824540018 ], [ 75.104694780688035, 21.467486903258227 ], [ 75.121038480021795, 21.451189663141715 ], [ 75.218152778118878, 21.408712557010382 ], [ 75.23473815423354, 21.41492466337689 ], [ 75.257504692583751, 21.403048155049003 ], [ 75.298147545937439, 21.413469616925735 ], [ 75.300413157719461, 21.387075778368573 ], [ 75.310504726955529, 21.393099389127205 ], [ 75.352424746449842, 21.391290864925562 ], [ 75.360051103459341, 21.401016820055343 ], [ 75.383198723311708, 21.383390560823933 ], [ 75.397159026954853, 21.380770974005983 ], [ 75.412189394097524, 21.388846838335635 ], [ 75.467377926559379, 21.391963469101764 ], [ 75.52368523819105, 21.384910172808599 ], [ 75.547299539014702, 21.370247266030713 ], [ 75.559009763826438, 21.380007588831525 ], [ 75.580488046523712, 21.377611224880347 ], [ 75.575789097269364, 21.383259549080584 ], [ 75.608238639776872, 21.392731520602048 ], [ 75.618799619884101, 21.391179743341674 ], [ 75.628824274345476, 21.378957210681371 ], [ 75.672899078570467, 21.37807292584689 ], [ 75.694362254991333, 21.387267176499638 ], [ 75.732572116004008, 21.391028337317238 ], [ 75.758644190802187, 21.38319698252204 ], [ 75.801207925540567, 21.387841421465911 ], [ 75.832519950897336, 21.380995085229191 ], [ 75.843328262357801, 21.387140217639828 ], [ 75.862734343769787, 21.384984774119857 ], [ 75.888136714374326, 21.397304238243073 ], [ 75.916622636969464, 21.387507012073723 ], [ 75.959596779535929, 21.393855275811749 ], [ 75.985119626022851, 21.374863143853116 ], [ 76.02783311798224, 21.365827216734356 ], [ 76.05276937734881, 21.350401388440311 ], [ 76.099179350319247, 21.371609511024051 ], [ 76.129806480173229, 21.295252386862931 ], [ 76.145568698040321, 21.285524806978358 ], [ 76.159807881306833, 21.256921216336192 ], [ 76.144950771737442, 21.235887401773628 ], [ 76.164633141325439, 21.221974254345394 ], [ 76.166488186075867, 21.193324022949753 ], [ 76.173316904583245, 21.186130025210559 ], [ 76.167424553439091, 21.168579020172839 ], [ 76.127882006331944, 21.175768050291776 ], [ 76.114761776146196, 21.168309587924401 ], [ 76.114392744320085, 21.162503607077181 ], [ 76.128902997772414, 21.154571424287944 ], [ 76.140398027601947, 21.137947717619902 ], [ 76.136135339235338, 21.124098662838506 ], [ 76.169010143236349, 21.10332338078917 ], [ 76.16917544145565, 21.08374425973766 ], [ 76.262874616606624, 21.092624914641068 ], [ 76.282551310150723, 21.073254610879012 ], [ 76.377373516990829, 21.075264990957614 ], [ 76.410540358129609, 21.092036521973455 ], [ 76.412926707925436, 21.10520149915039 ], [ 76.4348928058008, 21.104627211451586 ], [ 76.453899637726067, 21.112806018751858 ], [ 76.458734831125312, 21.136253269938781 ], [ 76.466755196764097, 21.137155530412855 ], [ 76.47826434136914, 21.15320553465061 ], [ 76.483754347811285, 21.186097232200481 ], [ 76.492484385586621, 21.195689301887526 ], [ 76.530602741233196, 21.187165932476965 ], [ 76.560848981022062, 21.203678234946604 ], [ 76.618391303120035, 21.196450380956399 ], [ 76.624985430376455, 21.190544926731231 ], [ 76.633207269399975, 21.20325110724001 ], [ 76.633322390877936, 21.226753400817099 ], [ 76.64424654861719, 21.245569033083981 ], [ 76.660203611496812, 21.245659958878019 ], [ 76.662796007271368, 21.280225966397097 ], [ 76.626204312010117, 21.332856939272162 ], [ 76.734016773261857, 21.406518342687644 ], [ 76.745367028038189, 21.440822681651269 ], [ 76.786239980841714, 21.464154654277404 ], [ 76.793885629048575, 21.48753335648588 ], [ 76.764983836370362, 21.520254672249532 ], [ 76.789934090198869, 21.53772455396502 ], [ 76.782346357735037, 21.560045116763519 ], [ 76.797501856096787, 21.595078503793175 ], [ 76.835759160743009, 21.590621281959827 ], [ 76.854410382477013, 21.612569721526963 ], [ 76.903467668579978, 21.598378031403993 ], [ 76.913933681880252, 21.612482007795382 ], [ 76.999857138924867, 21.679116677089336 ], [ 77.062205022990298, 21.706906552599364 ], [ 77.075074225003434, 21.720422792254183 ], [ 77.086529723342494, 21.716126678073859 ], [ 77.123930947215655, 21.722849511066251 ], [ 77.146030276169526, 21.716738602451915 ], [ 77.274974871090961, 21.568403107645434 ], [ 77.440000426180717, 21.449540376488287 ], [ 77.616399663766629, 21.403738147211765 ], [ 77.772262753768942, 21.412214191741654 ], [ 77.908936586621948, 21.402001498743711 ], [ 78.007611130255782, 21.324210511049444 ], [ 78.094328707532796, 21.16708844259357 ], [ 78.096782470763287, 20.996721151183294 ], [ 78.124595105286929, 20.86320309487331 ], [ 78.263307405404831, 20.651935141357217 ], [ 78.419776124954836, 20.538091131608187 ], [ 78.56906668421, 20.466604500073593 ], [ 78.777587789173495, 20.249519896636865 ], [ 78.862696268991314, 20.092103268642386 ], [ 78.935234231675665, 19.873790419620089 ], [ 78.849719644186592, 19.760103170031002 ], [ 78.868904800996162, 19.697974094985831 ], [ 78.864227969163224, 19.657568248354817 ], [ 78.896458813031842, 19.656563635937051 ], [ 78.921412781183278, 19.669037827582144 ], [ 78.9672332449789, 19.660136078449096 ], [ 78.974529835163665, 19.650617441665521 ], [ 78.971208015790324, 19.605963854395547 ], [ 78.986123421398943, 19.586582658201721 ], [ 78.955135018905466, 19.558981883859623 ], [ 78.96013864875853, 19.553351089103689 ], [ 78.984090355860374, 19.552469449775291 ], [ 78.998478558315256, 19.563586550040689 ], [ 79.024018320102044, 19.541568395503177 ], [ 79.057233599202988, 19.546906583486493 ], [ 79.069112783512551, 19.532919247799647 ], [ 79.102399965878135, 19.532184727803394 ], [ 79.108637637503932, 19.529668425106308 ], [ 79.11053614932726, 19.51448109774806 ], [ 79.146096713530426, 19.502910821251124 ], [ 79.174977534428905, 19.469653612232243 ], [ 79.19494718775475, 19.460623502333299 ], [ 79.228882618884882, 19.46974111915879 ], [ 79.212780972904085, 19.493558098255072 ], [ 79.221638562753455, 19.512456706836808 ], [ 79.242575168447047, 19.528668338381394 ], [ 79.245709504346792, 19.561307712515898 ], [ 79.256048787832768, 19.579489945999384 ], [ 79.243634300995708, 19.601303813217278 ], [ 79.243022975862061, 19.611234317888595 ], [ 79.249804769417864, 19.614291278096086 ], [ 79.310842698900785, 19.591995606273372 ], [ 79.320286207348474, 19.567420636403703 ], [ 79.335719301492105, 19.575581637331517 ], [ 79.375117482649742, 19.573177895593737 ], [ 79.377285252761268, 19.563513401920307 ], [ 79.419760676399974, 19.535535609197122 ], [ 79.447446955944756, 19.535599771441454 ], [ 79.46439225781981, 19.521087860084585 ], [ 79.476657641487705, 19.499624795833064 ], [ 79.519679837869006, 19.520266351026802 ], [ 79.521253606165672, 19.544116693307959 ], [ 79.548958346970437, 19.550705022371769 ], [ 79.558811085904139, 19.522282355452738 ], [ 79.589012691217576, 19.505347207063153 ], [ 79.604423642275933, 19.506084881532075 ], [ 79.617268016907673, 19.551438607624082 ], [ 79.627762625695283, 19.567353413283573 ], [ 79.64610313885396, 19.577255484647207 ], [ 79.719383163637673, 19.585657033450619 ], [ 79.746804842679296, 19.605471913999164 ], [ 79.760750051113476, 19.604670494717929 ], [ 79.784049415178401, 19.600059803753389 ], [ 79.799831787862217, 19.58251432788968 ], [ 79.817656514683122, 19.576299444375604 ], [ 79.834800103218512, 19.539543631646602 ], [ 79.876843563368809, 19.507598366043943 ], [ 79.9177121019884, 19.49504890240814 ], [ 79.951717990642408, 19.461632858357397 ], [ 79.952487044762805, 19.443620717812671 ], [ 79.979804470558818, 19.403952475909723 ], [ 79.963922471379192, 19.337592489320745 ], [ 79.96857780922852, 19.300578432685821 ], [ 79.951959794209529, 19.287225850201132 ], [ 79.926948448776614, 19.229569167340539 ], [ 79.929295331092902, 19.206607041389944 ], [ 79.950038800551994, 19.173880923213524 ], [ 79.877974542622724, 19.125970254542512 ], [ 79.864814336006191, 19.107389617656452 ], [ 79.866373394338908, 19.038034973671344 ], [ 79.92295471076541, 19.050810715884257 ], [ 79.939930915877312, 19.033189956065446 ], [ 79.938235441586571, 18.978385165418146 ], [ 79.947856018576346, 18.941327296343363 ], [ 79.945943888642958, 18.862689038747877 ], [ 79.932454452485572, 18.84136080036188 ], [ 79.900918232965353, 18.83463875919572 ], [ 79.842950468441686, 18.78500318526924 ], [ 79.777888572429347, 18.70309273027528 ], [ 79.726019733246119, 18.694972201690948 ], [ 79.462936090405066, 18.838885076280626 ], [ 79.355372015844139, 18.829904193931831 ], [ 79.205602941790346, 18.873492293117312 ], [ 79.09225554907502, 18.991862235858264 ], [ 78.955619957232088, 19.071408208165341 ], [ 78.877216554245692, 19.038490845699034 ], [ 78.742117668051989, 19.01094491039245 ], [ 78.626464566631, 18.928833382168285 ], [ 78.603230535195365, 18.815311417120181 ], [ 78.659499937531507, 18.643274415839716 ], [ 78.594494522101385, 18.54705618955758 ], [ 78.566169604957608, 18.390802895934353 ], [ 78.568577428694596, 18.229805445096694 ], [ 78.52406285137306, 18.180913104057911 ], [ 78.441492401307627, 18.166479311962188 ], [ 78.173072884326373, 18.152535955254123 ], [ 78.177170811898392, 18.114617169296871 ], [ 78.063115290275121, 18.088208456878878 ], [ 77.953676212351155, 18.114756500710865 ], [ 77.900899408666831, 18.156147368426907 ], [ 77.66818856483043, 18.283264718328244 ], [ 77.606676220113627, 18.279913138664913 ], [ 77.585105383005285, 18.258240760940197 ], [ 77.576137775660499, 18.242477801615738 ], [ 77.588592595905666, 18.218714590990452 ], [ 77.578017285351564, 18.201903949210266 ], [ 77.567899703641032, 18.202526007885417 ], [ 77.567929688576484, 18.19196935198342 ], [ 77.573638905527105, 18.191148726388256 ], [ 77.583020011877394, 18.164160094111629 ], [ 77.601462146424637, 18.153914093605742 ], [ 77.597196686556018, 18.129958557064413 ], [ 77.604283267122895, 18.101551805577095 ], [ 77.601189021360739, 18.086455819132187 ], [ 77.570994924153695, 18.078442954981099 ], [ 77.560343364639877, 18.064328853519839 ], [ 77.551061997877582, 18.065781572218089 ], [ 77.549374619908704, 18.055916102763042 ], [ 77.556753278115181, 18.036852572636416 ], [ 77.588691646474928, 18.027028683206467 ], [ 77.595985791596249, 18.012436461434639 ], [ 77.610442348934583, 18.020278413865217 ], [ 77.632633928516725, 17.994847136109808 ], [ 77.650034437558844, 17.995547585345648 ], [ 77.652773070795277, 17.980772948818402 ], [ 77.647490325389555, 17.975811948845429 ], [ 77.657281646667258, 17.971735367587382 ], [ 77.64813502534237, 17.965074368808398 ], [ 77.647863734348661, 17.948781297721581 ], [ 77.635668905705614, 17.955912128706814 ], [ 77.63357123802281, 17.965331369377783 ], [ 77.627568685342695, 17.960117557472987 ], [ 77.632706546433965, 17.950889475994444 ], [ 77.62061892961971, 17.940490210844736 ], [ 77.62044021325535, 17.905303917115891 ], [ 77.588946297002607, 17.910625299115463 ], [ 77.586826951905522, 17.900778671748945 ], [ 77.600523009069093, 17.87290386221348 ], [ 77.576517598204077, 17.87523707609585 ], [ 77.553491301608048, 17.820506349909056 ], [ 77.548529571646426, 17.819484405426323 ], [ 77.54743101847248, 17.82872901775896 ], [ 77.529685284158134, 17.82926379850359 ], [ 77.529773060644104, 17.814148539533647 ], [ 77.514533507338825, 17.803902751300708 ], [ 77.508124636302327, 17.785060769411647 ], [ 77.526729141537785, 17.782117095579427 ], [ 77.558220049612572, 17.763823540472881 ], [ 77.569760481730384, 17.76668130497881 ], [ 77.565841614816478, 17.749698584649032 ], [ 77.5431100064269, 17.728009441532105 ], [ 77.531289508389307, 17.729694372799884 ], [ 77.509135328252128, 17.717085976056229 ], [ 77.497932905610895, 17.718595466983228 ], [ 77.488112135297627, 17.706211758838272 ], [ 77.4751705900172, 17.706558134164208 ], [ 77.453918817856149, 17.69383811969298 ], [ 77.448590917455746, 17.651008990860102 ], [ 77.456832995551594, 17.633392075173187 ], [ 77.450110282107943, 17.609889067414596 ], [ 77.444091569030917, 17.606733834204846 ], [ 77.443525484602034, 17.584144710188557 ], [ 77.464865513531663, 17.579737298694916 ], [ 77.477771650987847, 17.567847033795129 ], [ 77.493734941130043, 17.569024878862582 ], [ 77.505384242400652, 17.543677813648912 ], [ 77.531241135434968, 17.576017395572581 ], [ 77.540523206461458, 17.57413717594887 ], [ 77.552258067879436, 17.552298307276502 ], [ 77.593779780933872, 17.565627676775058 ], [ 77.595703793881384, 17.535593935808667 ], [ 77.620615447833259, 17.532296876592348 ], [ 77.625277629379298, 17.525207276632162 ], [ 77.660746455367473, 17.524345405865766 ], [ 77.670231803585722, 17.512980606666698 ], [ 77.68981999454266, 17.508710506464411 ], [ 77.688220464220919, 17.475953755558091 ], [ 77.652218332313083, 17.484227445405068 ], [ 77.656885271878409, 17.506272062595986 ], [ 77.648341214735069, 17.497928926119183 ], [ 77.644546505978781, 17.479053492305145 ], [ 77.615005372447939, 17.472959996760434 ], [ 77.614683190037752, 17.44727227065734 ], [ 77.599930380271317, 17.445722166225202 ], [ 77.577170473410547, 17.457194492074603 ], [ 77.576546036891799, 17.432539464131189 ], [ 77.537364281530145, 17.443923352885442 ], [ 77.513993348372495, 17.430220320829278 ], [ 77.514537794338139, 17.415524263758964 ], [ 77.539417540889218, 17.407122321394915 ], [ 77.525224087021215, 17.389356250352176 ], [ 77.534090474839658, 17.380934326775648 ], [ 77.531932947909127, 17.375170306665336 ], [ 77.524728295539532, 17.365113582164927 ], [ 77.502988139240799, 17.357110661013618 ], [ 77.478275099467183, 17.362177486198043 ], [ 77.48313500665364, 17.372612926479899 ], [ 77.455343350838334, 17.373459030988283 ], [ 77.453503123898926, 17.353048285274966 ], [ 77.460120205366664, 17.347994031677139 ], [ 77.458870480169111, 17.340921793584503 ], [ 77.437766100806527, 17.291317372019371 ], [ 77.456593829841196, 17.289713278457214 ], [ 77.458308292749621, 17.278987471136631 ], [ 77.426333937984836, 17.256342504692892 ], [ 77.418670110238949, 17.233006855667508 ], [ 77.409171181178507, 17.240501900256909 ], [ 77.384018839235665, 17.222860335431559 ], [ 77.402517322522399, 17.211894880113981 ], [ 77.397158753129546, 17.210060486832266 ], [ 77.395204957092076, 17.195511714668299 ], [ 77.374398802397636, 17.193188376460945 ], [ 77.363635073124186, 17.164764663391647 ], [ 77.379096277326127, 17.151874660199695 ], [ 77.38003584128964, 17.14108144299453 ], [ 77.402646701591735, 17.135145461690001 ], [ 77.407503992075405, 17.126460640459641 ], [ 77.427342079249186, 17.117339474375921 ], [ 77.442483562894736, 17.117874561738859 ], [ 77.466564447582172, 17.107405945917797 ], [ 77.464225905542477, 17.096192703492587 ], [ 77.480896592173337, 17.079624394691226 ], [ 77.502255812199493, 17.018698626717157 ], [ 77.503468352261635, 17.010835912575846 ], [ 77.482399342997866, 16.99376394186071 ], [ 77.483244051940162, 16.971575459232181 ], [ 77.468100624601121, 16.956233057122517 ], [ 77.471798190543666, 16.92071706534988 ], [ 77.457416927500503, 16.912618079006076 ], [ 77.456291512437886, 16.885209526423584 ], [ 77.461662948313645, 16.882915043982447 ], [ 77.464391355182215, 16.858200455997892 ], [ 77.460724822291851, 16.827457837219008 ], [ 77.47590990519177, 16.800045964032737 ], [ 77.475305054210466, 16.782917452428318 ], [ 77.441610829367519, 16.78694867859766 ], [ 77.439443966288778, 16.753329907560072 ], [ 77.427507232306567, 16.718336897962335 ], [ 77.441509195992396, 16.711382971258519 ], [ 77.449558020933978, 16.717644061665869 ], [ 77.471020123736494, 16.715803720005876 ], [ 77.469264543926968, 16.682192958270161 ], [ 77.46592133763626, 16.676271059698557 ], [ 77.450609983278511, 16.678055464178485 ], [ 77.420687255700258, 16.666682795681012 ], [ 77.420977728806108, 16.658634061299278 ], [ 77.440396483938642, 16.646452544602568 ], [ 77.437114103759583, 16.641566969109554 ], [ 77.448258549213136, 16.639727438138372 ], [ 77.465662598995934, 16.652772451299764 ], [ 77.473649797685269, 16.650871616416939 ], [ 77.458074091389918, 16.61777767966052 ], [ 77.458126992589754, 16.611405652481938 ], [ 77.467898018726345, 16.608818610948692 ], [ 77.463060339128447, 16.596064559325519 ], [ 77.468471051827464, 16.588247453384103 ], [ 77.440953066870449, 16.585205772463862 ], [ 77.421474365087761, 16.567912692817217 ], [ 77.395561806980595, 16.569164950197454 ], [ 77.405741729403459, 16.55078243305832 ], [ 77.41985162345523, 16.548026857733333 ], [ 77.419547090739428, 16.521889319077474 ], [ 77.383223396523491, 16.514754740809327 ], [ 77.373221488791913, 16.506135297922892 ], [ 77.370421084194007, 16.488149784226021 ], [ 77.328446838094322, 16.484919785819432 ], [ 77.300588870731147, 16.495411133609103 ], [ 77.295954355618406, 16.477603058589207 ], [ 77.255362682180404, 16.471818152798356 ], [ 77.242677947223996, 16.476800949885217 ], [ 77.238991066239336, 16.471971134742894 ], [ 77.262098202796992, 16.451261540168513 ], [ 77.288648051606231, 16.407044059624297 ], [ 77.069772048667133, 15.903699988253369 ], [ 77.026036204686477, 15.836192202028027 ], [ 77.045336285213565, 15.8261130441002 ], [ 77.067778207039908, 15.827641802749776 ], [ 77.065416480446217, 15.802431231379689 ], [ 77.071162670323886, 15.800564084966897 ], [ 77.066396973717545, 15.782925453035602 ], [ 77.052391059912566, 15.765294423095984 ], [ 77.057080322113137, 15.763424847469999 ], [ 77.047132336949119, 15.739038233200992 ], [ 77.051018837351961, 15.729584905078625 ], [ 77.080293251794004, 15.72603231705091 ], [ 77.080286653679408, 15.715003748048066 ], [ 77.088404893784841, 15.713608298360949 ], [ 77.079961251519833, 15.695539588405625 ], [ 77.129182983225107, 15.663814002911149 ], [ 77.120409829263238, 15.629902012743338 ], [ 77.085532168909268, 15.657553154091646 ], [ 77.072923704487508, 15.645614014463051 ], [ 77.033240165381045, 15.638504951851175 ], [ 77.027710456432459, 15.581099367010243 ], [ 77.030685055023213, 15.504809601637229 ], [ 76.975806164870519, 15.51105220563284 ], [ 76.974068004112851, 15.499696612037514 ], [ 76.61786437802985, 15.668909268679768 ], [ 76.357065724436154, 15.86570123923423 ], [ 76.189072755638378, 16.297494718857664 ], [ 75.95385013263548, 16.617634797547225 ], [ 75.634961353134159, 16.967585817491152 ], [ 75.60918404722004, 16.9713798240922 ], [ 75.608024077493567, 17.004830129360382 ], [ 75.568279782181264, 17.007870518629435 ], [ 75.568737610370547, 16.965357877854782 ], [ 75.531125654011163, 16.968369760408489 ], [ 75.50882213269945, 16.949031052922056 ], [ 75.490612204762385, 16.944604009105252 ], [ 75.487781411443748, 16.967078833336412 ], [ 75.465923631778523, 16.986986987435348 ], [ 75.441724029173031, 16.981141477996324 ], [ 75.428901651962079, 16.965114460602091 ], [ 75.392497577019014, 16.978009807289961 ], [ 75.342891266892934, 16.954146562287878 ], [ 75.281973899394856, 16.955145006295862 ], [ 75.282942386625777, 16.911056520355768 ], [ 75.289155890485532, 16.902779215943259 ], [ 75.284868375244315, 16.884862833821149 ], [ 75.265604152952051, 16.862529974940205 ], [ 75.25391855357519, 16.864130869344049 ], [ 75.265675795741956, 16.68749087187949 ], [ 75.070299995763804, 16.567839290313135 ], [ 75.070398935877265, 16.401753402348817 ], [ 75.214941514141415, 16.208107510857179 ], [ 75.324297277413052, 16.113317337623727 ], [ 75.49957267711028, 15.924717895087305 ], [ 75.701396143457643, 15.826199376988239 ], [ 75.812631011927394, 15.528653850352399 ], [ 75.861640265746772, 15.267043527745731 ], [ 75.846028657595568, 15.085723251357045 ], [ 75.836054398832985, 14.798127736163478 ], [ 75.794256127889426, 14.709618896471666 ], [ 75.781642139039306, 14.63699524635026 ], [ 75.804209845396272, 14.546146972325269 ], [ 75.726231344513536, 14.510156450721865 ], [ 75.640407017534585, 14.411304495093683 ], [ 75.602627632986071, 14.357211160458901 ], [ 75.549463946696108, 14.32189240016524 ], [ 75.490135194386781, 14.324865114767368 ], [ 75.428563215995126, 14.395130346449209 ], [ 75.307040137325046, 14.482710905723421 ], [ 75.261948087348927, 14.50050113758661 ], [ 75.168484772759541, 14.487776738218537 ], [ 75.098225189720594, 14.426419946735429 ], [ 75.097546507360946, 14.413769289385584 ], [ 74.973212461400891, 14.528843915427469 ], [ 74.725221992178916, 14.999539717399024 ], [ 74.665789226672132, 15.187898088432698 ], [ 74.390857151984221, 15.713458484965443 ], [ 74.31140863032573, 15.884338347784601 ], [ 74.254581011904236, 15.988454268327523 ], [ 73.85822595800893, 17.020246342162359 ], [ 73.801838490169985, 17.206892422278919 ], [ 73.746024588807884, 17.432411356783795 ], [ 73.744065082208039, 17.529332027355846 ], [ 73.706643571532595, 17.627180052109537 ], [ 73.617263143614124, 17.751905699512662 ], [ 73.593942861809325, 17.816407303724148 ], [ 73.590259815343927, 17.893905562805816 ], [ 73.620861632602839, 17.997178250598818 ], [ 73.611548332217225, 18.086594961022012 ], [ 73.590471076190937, 18.156088585317679 ], [ 73.562576067107372, 18.208292032707284 ], [ 73.53603140824417, 18.284840414909684 ], [ 73.5384552940574, 18.65784623956182 ], [ 73.598582270259371, 19.134468053151963 ], [ 73.645035926707692, 19.233736724661295 ], [ 73.675902504323176, 19.393143351707685 ], [ 73.670152327040981, 19.514524918306453 ], [ 73.589541871422455, 19.723961526719609 ], [ 73.511636928566517, 19.872685662215332 ], [ 73.464191893020981, 20.05317020287481 ], [ 73.435923771274844, 20.234525084428299 ], [ 73.467668599814417, 20.375931732798964 ], [ 73.551961088984129, 20.501358796153394 ], [ 73.881712122413404, 20.636988263438614 ], [ 73.926675836205391, 20.784955044093213 ], [ 73.893536565798243, 20.941941163104381 ], [ 73.864270730790139, 21.013830619313431 ], [ 73.734689787855771, 21.142166852105674 ], [ 73.741402974602622, 21.150646021882533 ], [ 73.735053053151049, 21.166224499670417 ], [ 73.777231872294408, 21.164126820408473 ], [ 73.789952315758597, 21.180777785634842 ], [ 73.816269080063847, 21.170943486741429 ], [ 73.829699127489718, 21.194172949470481 ], [ 73.815085295537926, 21.194333816543754 ], [ 73.812519457724122, 21.20287626409905 ], [ 73.813891645106096, 21.220860151278529 ], [ 73.830192342198501, 21.241314149570314 ], [ 73.826011150296608, 21.266433804729093 ], [ 73.852358612225402, 21.268898191364173 ], [ 73.88605323777513, 21.26132094968974 ], [ 73.942779759054289, 21.296377138120942 ], [ 73.951378145289979, 21.343254297595138 ], [ 73.947261306665752, 21.40115741464691 ], [ 73.963157085251027, 21.390828646820118 ], [ 74.010445359875931, 21.416686187845979 ], [ 74.04328834691745, 21.418105823232391 ], [ 74.062038014354286, 21.480566917243692 ], [ 74.071151980909832, 21.470872541458377 ], [ 74.073043500707854, 21.456437616241246 ], [ 74.098704939406133, 21.452495696813834 ], [ 74.103969244121075, 21.446606927876665 ], [ 74.117496563638426, 21.449280356899262 ], [ 74.122026173575193, 21.461776765696861 ], [ 74.151637245386567, 21.45168463601588 ], [ 74.180794223760074, 21.465535209897865 ], [ 74.216033041017852, 21.457262276144785 ], [ 74.222500090039972, 21.477633502407503 ], [ 74.23415554421949, 21.476871722014032 ], [ 74.239747571314226, 21.463362313335352 ], [ 74.24714526390116, 21.461319735216101 ], [ 74.258696830706697, 21.464146547415584 ], [ 74.263905418285049, 21.473171088097892 ], [ 74.303424847465038, 21.478515649517355 ], [ 74.309093845518888, 21.488014257982243 ], [ 74.323462658030749, 21.494120101938922 ], [ 74.331333474069581, 21.538569729306921 ], [ 74.311564831805654, 21.541522008697275 ], [ 74.305730895631214, 21.565677789624484 ], [ 74.432119769104645, 21.636363068820263 ], [ 74.603173343374692, 21.661435998044411 ], [ 74.663991696793616, 21.649710672053722 ], [ 74.708452154031534, 21.625052783786316 ], [ 74.797337610977763, 21.607802163990712 ] ] ] } },
{ "type": "Feature", "properties": { "objectid": 7, "ae_regcode": 16, "physio_reg": "EASTERN HIMALAYAS  WARM PERHUMID ECO-REGION", "area_sqkm": 74454.830882299997, "shape_Leng": 3293074.0866899998, "shape_Area": 96517187494.600006 }, "geometry": { "type": "Polygon", "coordinates": [ [ [ 96.154865121540936, 29.396997804056252 ], [ 96.190461141610086, 29.342005973609677 ], [ 96.187670178016276, 29.306670604099395 ], [ 96.207761261417716, 29.29096386358739 ], [ 96.214527924663813, 29.272140381288445 ], [ 96.24788572994575, 29.232223539837211 ], [ 96.297275339118485, 29.232815881549016 ], [ 96.316931402340686, 29.256157010335613 ], [ 96.349663299110659, 29.264378075439915 ], [ 96.367512368770662, 29.282681259412197 ], [ 96.379325673149168, 29.280757432045899 ], [ 96.397055611324944, 29.253410721772386 ], [ 96.39189596883449, 29.230562215471959 ], [ 96.375527675734602, 29.214862622637817 ], [ 96.362582890852465, 29.178375147072998 ], [ 96.350408206143015, 29.167769902081158 ], [ 96.264310086533115, 29.157009879719006 ], [ 96.221585698581023, 29.134966745464062 ], [ 96.204335273140941, 29.102737653131939 ], [ 96.189616363853943, 29.091424159934281 ], [ 96.118525177572053, 29.074465494074946 ], [ 96.154310239341385, 29.049881878394753 ], [ 96.188557353031101, 28.984620263426663 ], [ 96.184109354004221, 28.965000231985631 ], [ 96.158818903092069, 28.952060676365438 ], [ 96.148874379552808, 28.93392352289743 ], [ 96.166540903751965, 28.918424103011681 ], [ 96.170048973382663, 28.902245073937159 ], [ 96.178228454235168, 28.900552299836782 ], [ 96.251827822929812, 28.939102907117697 ], [ 96.259215006349336, 28.955548428389434 ], [ 96.297339347105236, 28.995061540183503 ], [ 96.350385630523164, 29.028598531576616 ], [ 96.439380844358411, 29.033775043179812 ], [ 96.528832673207944, 29.075418369378855 ], [ 96.480842645551078, 28.990017840125486 ], [ 96.49089147286449, 28.961218643856796 ], [ 96.496593088942333, 28.958173515864445 ], [ 96.52217076617039, 28.966819682217825 ], [ 96.541927691643565, 28.916620392887765 ], [ 96.540550709614038, 28.87965491988864 ], [ 96.578792361891715, 28.825803395768645 ], [ 96.606666967123857, 28.799588123371045 ], [ 96.618756017815272, 28.773647872229812 ], [ 96.616313575778975, 28.754823874297816 ], [ 96.588582410576308, 28.716556764778137 ], [ 96.56263651826454, 28.70685260795193 ], [ 96.525021661388394, 28.704046027946148 ], [ 96.493206954730738, 28.683568059726017 ], [ 96.475390839281872, 28.683318214589402 ], [ 96.496572910977008, 28.633112477286275 ], [ 96.446914084038596, 28.60092751853173 ], [ 96.43050695118356, 28.582065672078397 ], [ 96.40340173111548, 28.589299143362474 ], [ 96.409018872967522, 28.558928648017755 ], [ 96.357054833044799, 28.555587116167626 ], [ 96.328093246170781, 28.529002731061059 ], [ 96.368890407271749, 28.499546132308815 ], [ 96.375196840403703, 28.481793848445989 ], [ 96.265940522692759, 28.408177684390314 ], [ 96.306761662476632, 28.399405221186683 ], [ 96.321932745494067, 28.380759549620311 ], [ 96.372961572823598, 28.388826098476095 ], [ 96.381958909481426, 28.358509310653869 ], [ 96.394083434123729, 28.35703446030562 ], [ 96.401285096047403, 28.338823348211879 ], [ 96.424740851895649, 28.345255426426778 ], [ 96.433964229263054, 28.386110961958071 ], [ 96.460258635215581, 28.41360891426574 ], [ 96.481981096267305, 28.418970876677061 ], [ 96.512205769008432, 28.412584988917963 ], [ 96.581578323205406, 28.457333381208805 ], [ 96.662006891641468, 28.46043059952795 ], [ 96.708002774641287, 28.431353160369774 ], [ 96.752764327084151, 28.415446687092363 ], [ 96.775957621897149, 28.367620282195144 ], [ 96.784153055114629, 28.363901780948559 ], [ 96.853710999310948, 28.36170713102965 ], [ 96.863993407860363, 28.371662912423329 ], [ 96.900146671180153, 28.379186069513807 ], [ 96.921368585803492, 28.356523694444533 ], [ 96.927254219964681, 28.338129960986109 ], [ 96.954100337879893, 28.33297249541295 ], [ 96.97532193737996, 28.316613088432547 ], [ 96.997724675961493, 28.309066992493928 ], [ 97.023920416488522, 28.319057885466787 ], [ 97.053092440391239, 28.350892182019454 ], [ 97.093830899249113, 28.362445579592247 ], [ 97.127127787032578, 28.348853026538038 ], [ 97.159890282727218, 28.319394649211521 ], [ 97.174905075017506, 28.291398976107342 ], [ 97.193585290730255, 28.286667883493028 ], [ 97.22521854621823, 28.292107133165498 ], [ 97.242126158073077, 28.267220325045653 ], [ 97.282930662514246, 28.268246241710468 ], [ 97.307127145136263, 28.255852009541304 ], [ 97.31380223527205, 28.243655209345082 ], [ 97.328150714817923, 28.242603138332324 ], [ 97.375295289315574, 28.217176928708344 ], [ 97.401125008625058, 28.191933569313449 ], [ 97.400960885931269, 28.184913008369637 ], [ 97.392758142106686, 28.18261941917131 ], [ 97.372594138345733, 28.191900974162664 ], [ 97.364148710488507, 28.187981638794664 ], [ 97.33133404023468, 28.154468816812056 ], [ 97.325210138887883, 28.139703004887572 ], [ 97.339449549731057, 28.110884332176141 ], [ 97.310583925159918, 28.08459663966665 ], [ 97.30810596371829, 28.068407926242219 ], [ 97.312127178501157, 28.061224303179493 ], [ 97.3319684833331, 28.05656115190115 ], [ 97.373795362322468, 28.061338913232291 ], [ 97.368205522010328, 28.043493755373298 ], [ 97.377276084455573, 28.030090992788363 ], [ 97.415292668035022, 28.01491862806354 ], [ 97.411740192032056, 28.005961673187308 ], [ 97.391326497069684, 28.002807751922578 ], [ 97.37814465508292, 27.976980666122966 ], [ 97.375610971765425, 27.935098456437355 ], [ 97.387601895598337, 27.921370611994995 ], [ 97.378491284866584, 27.90863883340252 ], [ 97.388883334739859, 27.886911301882858 ], [ 97.364669410580845, 27.875698961853761 ], [ 97.343427768418366, 27.884715976615578 ], [ 97.321084732607062, 27.880217256504594 ], [ 97.323898895020022, 27.902622722019284 ], [ 97.308728201037866, 27.920820585871464 ], [ 97.256481137062863, 27.900489362042642 ], [ 97.186931525748349, 27.836866106420853 ], [ 97.167757674328627, 27.827255470158946 ], [ 97.168835366726626, 27.820384255557332 ], [ 97.160275223692338, 27.813576800241499 ], [ 97.13728868339166, 27.806084666062599 ], [ 97.124175564332532, 27.78951454510263 ], [ 97.102381041453654, 27.784478802029085 ], [ 97.098314116794924, 27.779627914812792 ], [ 97.104651998124197, 27.766186472052503 ], [ 97.096258361598643, 27.740885716016287 ], [ 97.067422899603542, 27.75077918242366 ], [ 97.015636733421175, 27.731792329147698 ], [ 96.990650987158347, 27.662086950099951 ], [ 96.948585291252968, 27.662585846890344 ], [ 96.912846263131911, 27.618613462051417 ], [ 96.900336952043673, 27.615446460869421 ], [ 96.864973132153139, 27.630516999315077 ], [ 96.750268784280763, 27.632196413612711 ], [ 96.703607188248029, 27.66005688571709 ], [ 96.661753289063526, 27.633340651185314 ], [ 96.607160272269908, 27.646331428123574 ], [ 96.514763093248277, 27.64180815457453 ], [ 96.416519200018328, 27.650848713402976 ], [ 96.397712544308391, 27.648294601745736 ], [ 96.355422850959329, 27.62414358954873 ], [ 96.337728220148989, 27.593880735079441 ], [ 96.299252208508918, 27.55794045539966 ], [ 96.279568879038649, 27.558594971944537 ], [ 96.211638664618221, 27.579333904052426 ], [ 96.1293257558319, 27.619179866588901 ], [ 96.065055958456526, 27.605953291468257 ], [ 96.00542811964425, 27.55627296350422 ], [ 95.867669713916769, 27.54473912218079 ], [ 95.821991120541469, 27.575531519225986 ], [ 95.824987516023512, 27.596866813034829 ], [ 95.798867570582871, 27.601730908053828 ], [ 95.796924334744674, 27.61213565492557 ], [ 95.785925284232619, 27.621386679521688 ], [ 95.798319683231327, 27.629863866872512 ], [ 95.802373760122705, 27.643003738964726 ], [ 95.778825563202176, 27.660337780861131 ], [ 95.781449020278558, 27.673297330955965 ], [ 95.795524331314212, 27.67827880364537 ], [ 95.794161063219263, 27.686382910369993 ], [ 95.775593979075282, 27.690853383373774 ], [ 95.771611289066328, 27.710213112064945 ], [ 95.759364485058413, 27.725375163880219 ], [ 95.785935016037115, 27.734011465593294 ], [ 95.781706702216965, 27.752493863682883 ], [ 95.824359503575124, 27.803543173877916 ], [ 95.853350703380471, 27.828390821584861 ], [ 95.874981907446994, 27.834044288048204 ], [ 95.896335536725758, 27.861482491584631 ], [ 95.908292178528384, 27.864707646610178 ], [ 95.907471039982468, 27.87149231661666 ], [ 95.912661577071447, 27.867263343786444 ], [ 95.922603745965716, 27.884730344802549 ], [ 95.929869334138957, 27.88477380845401 ], [ 95.926339932047881, 27.895207587156843 ], [ 95.939663427724227, 27.897513687589214 ], [ 95.95892170805088, 27.927151176966806 ], [ 95.953694904737489, 27.936144047601964 ], [ 95.978867215812983, 27.962801792108227 ], [ 95.827471272549971, 27.972031839628873 ], [ 95.60851209809563, 27.95283466365256 ], [ 95.590403155503822, 27.936700011336008 ], [ 95.572993449154268, 27.937483804911 ], [ 95.566790073501053, 27.917595216443708 ], [ 95.545547789465914, 27.908559303349417 ], [ 95.545247048969671, 27.897391753956946 ], [ 95.527962696660111, 27.892999238899858 ], [ 95.517658237623749, 27.876879096146162 ], [ 95.386095384552931, 27.837289044791767 ], [ 95.318436263012728, 27.866583015095571 ], [ 95.053804110954161, 27.786026784095593 ], [ 95.033192370522471, 27.770580846177982 ], [ 94.999877184258821, 27.772421035868874 ], [ 94.885977419353011, 27.738075745420357 ], [ 94.867965631091025, 27.741638988685377 ], [ 94.862768898211982, 27.729416473386571 ], [ 94.855632050425697, 27.727664307006517 ], [ 94.850814998895444, 27.706704673445326 ], [ 94.841405717354476, 27.699568933231685 ], [ 94.823292220908044, 27.692262680225873 ], [ 94.80226397394955, 27.69317567464838 ], [ 94.768994183033229, 27.676244178663257 ], [ 94.761585130122, 27.664548148772681 ], [ 94.744708695418254, 27.659546745968239 ], [ 94.722783228251458, 27.66617652130099 ], [ 94.718712996298208, 27.657819676957789 ], [ 94.691510309830335, 27.6634182699013 ], [ 94.684575663357151, 27.645801266518863 ], [ 94.671181092211327, 27.646508040424976 ], [ 94.636510529385646, 27.625030901748485 ], [ 94.588410993373472, 27.616435822353377 ], [ 94.5756343824129, 27.603289475379203 ], [ 94.528389761283606, 27.592155400311135 ], [ 94.502327520806787, 27.573712663021443 ], [ 94.485222221455246, 27.573628510521413 ], [ 94.46184833000639, 27.554142690422406 ], [ 94.455618977055821, 27.567403228738911 ], [ 94.438220625384318, 27.580929747892064 ], [ 94.433267898654691, 27.599626105471366 ], [ 94.405402512421631, 27.583762453548417 ], [ 94.389852269759587, 27.585889627839975 ], [ 94.369726261990095, 27.573357737879373 ], [ 94.314737422579341, 27.58636835273418 ], [ 94.300387367634002, 27.601041341791248 ], [ 94.290844982227284, 27.591274570233988 ], [ 94.278407245945431, 27.590130453281699 ], [ 94.274838757244908, 27.600273380438527 ], [ 94.256529980420368, 27.610549510753746 ], [ 94.269625203043176, 27.624709942885055 ], [ 94.254724443407937, 27.637815922901627 ], [ 94.237585011980428, 27.62942093640747 ], [ 94.21990419104975, 27.605894393849653 ], [ 94.213586164914886, 27.607756828154834 ], [ 94.227501993024518, 27.595375568780067 ], [ 94.223865711805288, 27.584767387718166 ], [ 94.228865618143757, 27.572465217084279 ], [ 94.258823309559986, 27.554198596088629 ], [ 94.261983487537421, 27.520199459741125 ], [ 94.21458578422849, 27.494695558009301 ], [ 94.193527830300596, 27.493095145792942 ], [ 94.159474199600155, 27.474858692143339 ], [ 94.162453858158315, 27.463260332541726 ], [ 94.088550862485945, 27.401371150736892 ], [ 94.063075149822112, 27.360364195756787 ], [ 94.00216640658951, 27.331571238420654 ], [ 93.958647447737874, 27.291650714188432 ], [ 93.903134687924691, 27.238434226776111 ], [ 93.86950827035605, 27.195735246695712 ], [ 93.810611643107151, 27.148678428724104 ], [ 93.807611545872746, 27.13472009573745 ], [ 93.829172982478639, 27.108805017191166 ], [ 93.838621611660329, 27.075013755864003 ], [ 93.830113269535573, 27.065765935631728 ], [ 93.820649920996132, 27.061755557348466 ], [ 93.814751290581995, 27.067507330920023 ], [ 93.810404644914783, 27.059402158074096 ], [ 93.799531232178282, 27.060729217957707 ], [ 93.789297277302467, 27.051080817886067 ], [ 93.783074124403711, 27.057691120296237 ], [ 93.781032609442065, 27.050218527629177 ], [ 93.775583996846393, 27.059240298611055 ], [ 93.770359223113445, 27.040169664865026 ], [ 93.720816972098845, 27.016148142916975 ], [ 93.677628258003608, 26.968010617485596 ], [ 93.586133219236757, 26.949710019894834 ], [ 93.470130438657208, 26.936116996121051 ], [ 93.142771342228642, 26.814844409134221 ], [ 92.99180916310803, 26.80301481235615 ], [ 92.753454670765549, 26.801238374023342 ], [ 92.660850421966913, 26.759907062641933 ], [ 92.566798665742127, 26.703375964436667 ], [ 92.381322191488763, 26.614370527310026 ], [ 92.32739712066045, 26.618631553347196 ], [ 92.20414515394144, 26.643562087442024 ], [ 92.111951314041534, 26.638519724407509 ], [ 92.068308916201914, 26.608318902043013 ], [ 92.058097327512357, 26.572479050933289 ], [ 92.015066516070249, 26.548321802631804 ], [ 91.910328977635018, 26.553286650840466 ], [ 91.826903953260924, 26.532153526111731 ], [ 91.733113761956858, 26.472080520302342 ], [ 91.645826754831859, 26.48166475808819 ], [ 91.604510141669863, 26.54882497566269 ], [ 91.561529957533253, 26.561164494057142 ], [ 91.490747419999963, 26.566383294302732 ], [ 91.400370197785676, 26.542487549768904 ], [ 91.342908973789363, 26.507002254706794 ], [ 91.309213886119466, 26.509444477493453 ], [ 91.296697881592536, 26.559167301497407 ], [ 91.271621923513379, 26.58233386857145 ], [ 91.212275777775972, 26.601854241478872 ], [ 91.181925296306574, 26.604027077835866 ], [ 91.157515777098254, 26.596618268785583 ], [ 91.111718380934562, 26.538865151067146 ], [ 90.929680336699235, 26.551697894802931 ], [ 90.865100141393768, 26.550098363004739 ], [ 90.743226151678812, 26.512767388340887 ], [ 90.580983741445294, 26.478083905803995 ], [ 90.49994540569358, 26.440850463841223 ], [ 90.431058477510959, 26.427165695800877 ], [ 90.141522747258591, 26.449278923693438 ], [ 89.874529572931536, 26.448336675796249 ], [ 89.806791893679858, 26.457228035532474 ], [ 89.728813714030849, 26.447467548241537 ], [ 89.686553364498138, 26.426312431174203 ], [ 89.627217158239134, 26.42083360299565 ], [ 89.422710040960581, 26.484511897797574 ], [ 89.315467445697593, 26.490938577537172 ], [ 89.036887539626434, 26.545686112439068 ], [ 88.943267735097677, 26.573006918723781 ], [ 88.865446777495649, 26.623142180635309 ], [ 88.42673451979725, 26.695016843896621 ], [ 88.359938420416341, 26.729539086757775 ], [ 88.18882095139638, 26.743486980901004 ], [ 88.184815057846933, 26.797095873596255 ], [ 88.168870883415707, 26.838343127034733 ], [ 88.176483216530528, 26.861006606029427 ], [ 88.144273201684229, 26.889276841773246 ], [ 88.144185975288806, 26.9277087713347 ], [ 88.123461380537222, 26.947447385219505 ], [ 88.134869934195265, 26.985728304813502 ], [ 88.115886379271387, 26.987810510319239 ], [ 88.093030086792567, 27.006907426437497 ], [ 88.084469553166144, 27.035559145145545 ], [ 88.069122200331947, 27.031122782703626 ], [ 88.045827938155554, 27.038191019732409 ], [ 88.028233614050137, 27.055437340400534 ], [ 88.025177428636212, 27.084791973000357 ], [ 87.991357723753737, 27.111628696504535 ], [ 87.994221014569064, 27.126590159770561 ], [ 88.017372489062481, 27.162962243130444 ], [ 88.017061837923322, 27.219493990149068 ], [ 88.033228752237534, 27.247646953844121 ], [ 88.035205373075584, 27.280443368505392 ], [ 88.065017090290652, 27.337909817092154 ], [ 88.061326488687513, 27.353243512030346 ], [ 88.045515294645213, 27.367350565805602 ], [ 88.044237384629255, 27.38273490883897 ], [ 88.050913645306622, 27.410813727394679 ], [ 88.070797494118906, 27.425672748056115 ], [ 88.07076950990384, 27.442971008814645 ], [ 88.050607477157698, 27.471838918578786 ], [ 88.04736032060157, 27.493289426222589 ], [ 88.070088948106815, 27.53124209953301 ], [ 88.063307373721841, 27.537753746102759 ], [ 88.067142021365129, 27.549064553192267 ], [ 88.083505686347891, 27.561639048881514 ], [ 88.083518463268504, 27.586748939656545 ], [ 88.111235717473932, 27.607084419844334 ], [ 88.125612267733331, 27.646742356956992 ], [ 88.151049252742482, 27.668641188266641 ], [ 88.157882705589017, 27.730182995495785 ], [ 88.180845766369941, 27.749319315329604 ], [ 88.198824554800098, 27.788098353269763 ], [ 88.186413976359603, 27.812888432638218 ], [ 88.176829586225637, 27.819165292862291 ], [ 88.201215177983997, 27.838076778468995 ], [ 88.20237886843951, 27.850301262050696 ], [ 88.178870731668255, 27.865981646042552 ], [ 88.134031390532016, 27.873055542390144 ], [ 88.138526880610243, 27.88543040324128 ], [ 88.122239251847844, 27.917087591967473 ], [ 88.137565212575211, 27.937781614332994 ], [ 88.132627839009714, 27.950395990358253 ], [ 88.147766523385528, 27.962963398252636 ], [ 88.182281267610932, 27.944212081526551 ], [ 88.197310305330632, 27.943196299057586 ], [ 88.204396927831553, 27.946623514479551 ], [ 88.212152462327879, 27.966133953699654 ], [ 88.23833841004793, 27.967437753626257 ], [ 88.25250033053446, 27.94807637997549 ], [ 88.280658279281496, 27.95800346382353 ], [ 88.288994320610868, 27.967330859339167 ], [ 88.313411614079342, 27.969505819124745 ], [ 88.353802345684372, 27.989065558039901 ], [ 88.398353974479704, 27.977679664707633 ], [ 88.43510308580403, 28.007736437500181 ], [ 88.470164387822678, 28.019443002989973 ], [ 88.491709727501487, 28.045234536464879 ], [ 88.509722137313958, 28.048578152418148 ], [ 88.536285820596916, 28.036486429986265 ], [ 88.547478386794324, 28.038560131146586 ], [ 88.560347071340644, 28.063485544063045 ], [ 88.563044190037189, 28.084511804324269 ], [ 88.583439890123572, 28.085295194791847 ], [ 88.625062927767374, 28.103377611781912 ], [ 88.615363371541804, 28.125889473481514 ], [ 88.629871094876634, 28.130679192115782 ], [ 88.675283800558816, 28.07380219471656 ], [ 88.694302464412573, 28.078711979647174 ], [ 88.759516340542277, 28.073059967439093 ], [ 88.813646692554229, 28.026010490391432 ], [ 88.841151251365361, 28.011315677785959 ], [ 88.852233055521623, 27.956199761650321 ], [ 88.844602824547806, 27.947136181170727 ], [ 88.844374834741473, 27.931766543110182 ], [ 88.869336172979573, 27.923240962808588 ], [ 88.889422911859299, 27.892314459885249 ], [ 88.893732843368809, 27.861115849004605 ], [ 88.888329244974699, 27.837385565027269 ], [ 88.862187688058938, 27.816289321972761 ], [ 88.860462937075027, 27.768117534910356 ], [ 88.87017708050837, 27.73876974071095 ], [ 88.857786947405785, 27.717295072986914 ], [ 88.846393425933925, 27.710234890268637 ], [ 88.853280574901405, 27.700071286022713 ], [ 88.854327061651972, 27.668657655412449 ], [ 88.833705931094144, 27.645229389084957 ], [ 88.817616777228963, 27.641673547995666 ], [ 88.81312961989741, 27.603001574062045 ], [ 88.796163785917429, 27.587821990962222 ], [ 88.792428005091566, 27.575135123784644 ], [ 88.774680348798512, 27.56470458402044 ], [ 88.782649021472494, 27.53735257794321 ], [ 88.79648246773047, 27.525886512674752 ], [ 88.790823787092691, 27.455304210858031 ], [ 88.802139319099069, 27.446770236137816 ], [ 88.802307072517891, 27.432533438845311 ], [ 88.810527483665027, 27.426905326965084 ], [ 88.816657428607314, 27.404960800093505 ], [ 88.847093545185842, 27.377942843575344 ], [ 88.866088785061478, 27.385654046845254 ], [ 88.87445133375337, 27.368031423994008 ], [ 88.88819705360666, 27.362984843411311 ], [ 88.897035687263298, 27.336204546878413 ], [ 88.929476885332576, 27.326114919869212 ], [ 88.906269447343917, 27.274756287597523 ], [ 88.880243633154279, 27.258855344516022 ], [ 88.837509319366404, 27.262382998944798 ], [ 88.808209993506836, 27.247377136205422 ], [ 88.807762959687679, 27.220473541627175 ], [ 88.796694685562741, 27.201686376834331 ], [ 88.795221489878614, 27.185621936652776 ], [ 88.76791717932845, 27.174972297489361 ], [ 88.767498584095037, 27.156919382859609 ], [ 88.758027611384151, 27.14272237270135 ], [ 88.806985782844833, 27.136618314068734 ], [ 88.833048670041833, 27.117465999132701 ], [ 88.851476813497271, 27.116148892008184 ], [ 88.863634530554606, 27.106903945577184 ], [ 88.876763338950681, 27.108539365013311 ], [ 88.88545913067297, 27.040931146980451 ], [ 88.877220659517988, 27.010648067225944 ], [ 88.881611262214903, 26.951395540256168 ], [ 88.895197274179012, 26.959809929992776 ], [ 88.900450910763084, 26.977003924893324 ], [ 88.925656532466093, 26.996049366778362 ], [ 88.960268279249561, 26.968061955852566 ], [ 88.962033022851401, 26.954056771559859 ], [ 88.946419927941776, 26.942267685064049 ], [ 88.968889135461055, 26.923994842922241 ], [ 88.991063796060246, 26.920635220776386 ], [ 89.031399881934206, 26.94014262987556 ], [ 89.052845417681709, 26.919585278109032 ], [ 89.052859599903485, 26.903532240679525 ], [ 89.074038745285435, 26.903115244566777 ], [ 89.096702018789557, 26.893852845831944 ], [ 89.101619988118699, 26.885041433686268 ], [ 89.093939369586323, 26.871921102438051 ], [ 89.110446990662282, 26.859732965123495 ], [ 89.108302087578622, 26.836207706977913 ], [ 89.137270116567663, 26.807974393970863 ], [ 89.179090262269057, 26.821558986976608 ], [ 89.195940941764206, 26.808423529799928 ], [ 89.239762172751369, 26.820409957536882 ], [ 89.26169383582436, 26.816775835947244 ], [ 89.322207329251327, 26.852704522075364 ], [ 89.334414407471385, 26.840037234542805 ], [ 89.365819684834463, 26.863273366734237 ], [ 89.383215090931913, 26.866195882649784 ], [ 89.393026320378084, 26.858043926802971 ], [ 89.397027495513385, 26.840863918375135 ], [ 89.455181890159949, 26.833765795357149 ], [ 89.460947134501097, 26.826060126501712 ], [ 89.457144512873739, 26.814310321847163 ], [ 89.465181637958437, 26.806167769661858 ], [ 89.496153380065621, 26.802249144874018 ], [ 89.517340076160821, 26.81689744396698 ], [ 89.5647035812204, 26.815457571735742 ], [ 89.572559499769696, 26.801625030310753 ], [ 89.616973673992163, 26.789308591121223 ], [ 89.627487599877711, 26.776830038388312 ], [ 89.650426239789098, 26.780852206469703 ], [ 89.660161620181043, 26.763414641923021 ], [ 89.648242805694423, 26.747375351123718 ], [ 89.621500464391701, 26.732554868618017 ], [ 89.619940468975329, 26.725549452206177 ], [ 89.664221228512432, 26.718390964736383 ], [ 89.679416242153835, 26.740286934086324 ], [ 89.708858451788359, 26.737022897981632 ], [ 89.731940316223401, 26.722235662363062 ], [ 89.762192814276688, 26.736358659046207 ], [ 89.76210606524468, 26.716243356441257 ], [ 89.781354255122864, 26.698986162038157 ], [ 89.812670997496966, 26.714908948806251 ], [ 89.860409022374469, 26.702734972447505 ], [ 89.867873495881852, 26.736881365772415 ], [ 89.894839805424553, 26.724262273722793 ], [ 89.963151420600298, 26.723029604872966 ], [ 90.007413328556609, 26.734192039805418 ], [ 90.072838648844979, 26.731939227900195 ], [ 90.133083267868301, 26.748869386842443 ], [ 90.193942744530645, 26.770392550041191 ], [ 90.18931776412964, 26.809544351099412 ], [ 90.199953383953329, 26.832833716206725 ], [ 90.220118651983839, 26.853500937870351 ], [ 90.249614476422465, 26.857728903566827 ], [ 90.306717140380144, 26.848012666510982 ], [ 90.350999340534727, 26.876208107774602 ], [ 90.360278697372735, 26.895866388003412 ], [ 90.414896256331247, 26.901670947476042 ], [ 90.564829022194345, 26.800715086329404 ], [ 90.635128206151634, 26.79134070482953 ], [ 90.653869613466682, 26.773940584855737 ], [ 90.684135592270493, 26.779892582343354 ], [ 90.704580935573873, 26.767657713426861 ], [ 90.716958251239134, 26.767212631730256 ], [ 90.74562418062186, 26.774668532694086 ], [ 90.901450220777903, 26.778187852723949 ], [ 91.000396334296042, 26.787779674868908 ], [ 91.058291096330237, 26.778945129404523 ], [ 91.093413152687347, 26.817909351310149 ], [ 91.100933472849746, 26.819262831579948 ], [ 91.133999416840922, 26.807924747484357 ], [ 91.184569938644614, 26.81085791760194 ], [ 91.266463106668112, 26.804363852859577 ], [ 91.299119641486001, 26.784496062308612 ], [ 91.340335992533483, 26.778967216135037 ], [ 91.383611635136916, 26.800794125914283 ], [ 91.406142761913813, 26.834424419799571 ], [ 91.4123758499384, 26.834842317471892 ], [ 91.482118241281057, 26.791008662744694 ], [ 91.496627591286824, 26.788975908503144 ], [ 91.594548196831724, 26.803922734364551 ], [ 91.627573813643025, 26.820451940259005 ], [ 91.690924087178118, 26.804168540574711 ], [ 91.700922540250062, 26.8109227891151 ], [ 91.730589008418505, 26.811601260627199 ], [ 91.80560510166616, 26.851064429470007 ], [ 91.835491077434753, 26.87537698418123 ], [ 91.857135571354078, 26.911277176023773 ], [ 91.887111887319676, 26.915170465947778 ], [ 91.900910510323854, 26.915083269957712 ], [ 91.945576420222011, 26.893778350979549 ], [ 91.989044891696324, 26.857109315787405 ], [ 92.058557486821115, 26.846843683744076 ], [ 92.100793935083956, 26.867372093806683 ], [ 92.120498073511996, 26.931193316716467 ], [ 92.11542262699956, 26.948157226930086 ], [ 92.120878864828043, 26.959010904677331 ], [ 92.116746649920074, 26.974549678083061 ], [ 92.105674303864205, 26.981816979168578 ], [ 92.10687068827086, 27.006576051734946 ], [ 92.08342176290482, 27.019463962864258 ], [ 92.080294532174818, 27.038723951296223 ], [ 92.067664414645961, 27.051098432506201 ], [ 92.048605900397462, 27.050874055046243 ], [ 92.037476018598099, 27.063729858915565 ], [ 92.026038633574075, 27.113877610234283 ], [ 92.040341258786384, 27.137393374741428 ], [ 92.027286552970494, 27.161315984979776 ], [ 92.029147816256582, 27.170743758663146 ], [ 92.060174651581306, 27.188562218603909 ], [ 92.073607611693291, 27.222624054807991 ], [ 92.06980032891056, 27.243946646565689 ], [ 92.043666376528392, 27.265702146983486 ], [ 92.074088179634686, 27.276370171633804 ], [ 92.105636886160767, 27.268092989434429 ], [ 92.123038796333631, 27.274869354229558 ], [ 92.124652014206333, 27.286551399441738 ], [ 92.062957324918514, 27.326253654422896 ], [ 92.064396508675472, 27.344344286518034 ], [ 92.050626544294559, 27.367445159075363 ], [ 92.058772806149506, 27.399218701353803 ], [ 92.046398213169184, 27.411955846902085 ], [ 92.043128951127926, 27.435647066977829 ], [ 92.023597617766868, 27.44677984670373 ], [ 92.023232812252104, 27.478924607051862 ], [ 92.001220678976068, 27.476545204196853 ], [ 91.983545708719603, 27.464151327326505 ], [ 91.943894841567882, 27.459849699691681 ], [ 91.927296862885058, 27.47058549368715 ], [ 91.876837291644321, 27.472096001588696 ], [ 91.867670151495616, 27.481347348571834 ], [ 91.853786263540471, 27.481843578328153 ], [ 91.833127042672302, 27.468280053213736 ], [ 91.814087072298335, 27.471907426449025 ], [ 91.778488930369804, 27.463849482811106 ], [ 91.754516865277353, 27.473581900809691 ], [ 91.724768245149534, 27.469722271589216 ], [ 91.718588815511524, 27.473002917751607 ], [ 91.715434456585442, 27.490629285871737 ], [ 91.69493374043131, 27.502149414314879 ], [ 91.652251461902836, 27.484148437227493 ], [ 91.648977606587522, 27.498421208660439 ], [ 91.625448184733102, 27.512750337055845 ], [ 91.614245679750482, 27.541091844540471 ], [ 91.59942060630911, 27.539021098261145 ], [ 91.571863263409625, 27.574541886817745 ], [ 91.567120149862262, 27.583724389906617 ], [ 91.581942422477155, 27.599085052701472 ], [ 91.581255840739203, 27.607827102245245 ], [ 91.562929193827415, 27.63301458886108 ], [ 91.572064488519871, 27.652017780018667 ], [ 91.594982547951076, 27.671368123032906 ], [ 91.601637535050912, 27.692122666256186 ], [ 91.61532566395168, 27.692457523846912 ], [ 91.629012114750239, 27.705527998232142 ], [ 91.634957060321639, 27.746570815884198 ], [ 91.644945445728922, 27.764786826245579 ], [ 91.636525708324967, 27.771166690316615 ], [ 91.633587613079087, 27.800442872260703 ], [ 91.604328538381566, 27.820492741348293 ], [ 91.570993129401572, 27.814974357205838 ], [ 91.549499051103183, 27.855244968155599 ], [ 91.558138937083754, 27.85825797527448 ], [ 91.570007734577089, 27.852414665214301 ], [ 91.582721034563463, 27.861674929691496 ], [ 91.590012905908623, 27.85589805023287 ], [ 91.599678379660787, 27.861736129838597 ], [ 91.612934880275319, 27.853659358349258 ], [ 91.667458749062789, 27.857884443724263 ], [ 91.674826294672812, 27.856341010864984 ], [ 91.699542629956838, 27.821728231822256 ], [ 91.714950930577345, 27.812883517510937 ], [ 91.763434964423425, 27.800851151361254 ], [ 91.809405822213904, 27.808427293932205 ], [ 91.82053885558561, 27.802904376774169 ], [ 91.829475210143542, 27.809880565430571 ], [ 91.838694035278124, 27.779394628404706 ], [ 91.850384096586481, 27.775140693135022 ], [ 91.865612506118509, 27.736389039626431 ], [ 91.875524224758678, 27.733911449716185 ], [ 91.883703510751502, 27.721272545653267 ], [ 91.91340073956944, 27.725731967785062 ], [ 91.923761036932092, 27.714502215601261 ], [ 91.950062998072738, 27.728087617003808 ], [ 91.960608957911006, 27.750079740326299 ], [ 91.970836104694669, 27.750844483111877 ], [ 91.988897654183006, 27.769398413223591 ], [ 92.042741152724489, 27.756570427462851 ], [ 92.060344282813276, 27.758481564070941 ], [ 92.161111316537202, 27.836360035712861 ], [ 92.215381639551168, 27.858322219790509 ], [ 92.251233307827533, 27.862835357131637 ], [ 92.26894319495149, 27.857231402121336 ], [ 92.289501459467388, 27.806801387932257 ], [ 92.312139389879732, 27.778438575913697 ], [ 92.320695268883952, 27.777430515571258 ], [ 92.384529542919509, 27.794188610442443 ], [ 92.387697606806242, 27.814747797897379 ], [ 92.41150324413664, 27.82125129624869 ], [ 92.418582057497304, 27.82220301959806 ], [ 92.44845548809873, 27.799906571529785 ], [ 92.459566970015203, 27.802368429799021 ], [ 92.505989435767788, 27.840614098531191 ], [ 92.519732249192145, 27.839318973053544 ], [ 92.548472080633857, 27.816540290311639 ], [ 92.565255592313662, 27.820088868043115 ], [ 92.609693280113447, 27.876585233561386 ], [ 92.673821300245478, 27.899173333522487 ], [ 92.718510676728329, 27.948331364243849 ], [ 92.744197808263621, 27.988488706805171 ], [ 92.700328598424221, 28.047540688272917 ], [ 92.667866326254554, 28.061980320853028 ], [ 92.692049402715554, 28.125063301786021 ], [ 92.741614865095329, 28.150806787456361 ], [ 92.788099123525228, 28.182996101108682 ], [ 92.80473707798825, 28.201496966287888 ], [ 92.821255803389334, 28.200862955487732 ], [ 92.826294454301035, 28.173127613164983 ], [ 92.832961823552864, 28.170703323975452 ], [ 92.900263907277804, 28.203802470410359 ], [ 92.918010271275904, 28.234234967937063 ], [ 92.969587516244445, 28.261014094603535 ], [ 92.990985095541063, 28.250493887144405 ], [ 92.994968716316507, 28.233572289470125 ], [ 93.005333715728852, 28.229925413169191 ], [ 93.038782606464096, 28.262283968703258 ], [ 93.026995731374271, 28.299142223291064 ], [ 93.077100412879958, 28.308437430002812 ], [ 93.100395073409061, 28.306231095675141 ], [ 93.129828124725719, 28.325961566282867 ], [ 93.1599642553184, 28.317604481530854 ], [ 93.198729320375719, 28.31712391267472 ], [ 93.223964849491963, 28.332808708572198 ], [ 93.227317990715164, 28.377089118248982 ], [ 93.236634318948518, 28.399875329587051 ], [ 93.186285834573681, 28.431995227852795 ], [ 93.187895421189566, 28.439248103351918 ], [ 93.212804021295483, 28.451491269677803 ], [ 93.240594766819797, 28.482004559413976 ], [ 93.28120835066899, 28.504102734662876 ], [ 93.294277475514065, 28.542732239383113 ], [ 93.310678631349361, 28.565595674174354 ], [ 93.305347649868111, 28.598941035612675 ], [ 93.333130499664236, 28.607677828484061 ], [ 93.342452806274522, 28.639573971843344 ], [ 93.417348193521747, 28.652280048502494 ], [ 93.451193109730553, 28.675417529125422 ], [ 93.472204601179328, 28.651449536487412 ], [ 93.47964650565838, 28.652975898082971 ], [ 93.484672369191046, 28.674342018670743 ], [ 93.496621120921446, 28.683318023436026 ], [ 93.514685469412285, 28.679178799429941 ], [ 93.52988308659026, 28.660570104700959 ], [ 93.539233901805801, 28.658135162720544 ], [ 93.625405103272158, 28.656941100029972 ], [ 93.736853744696759, 28.688435510844087 ], [ 93.780386594971631, 28.667607237799121 ], [ 93.849245809113555, 28.706470406081042 ], [ 93.870480243856449, 28.70276580251787 ], [ 93.909235999248608, 28.675630656454288 ], [ 93.931187835328089, 28.670739385087739 ], [ 93.962072389634088, 28.703657769112549 ], [ 93.973711650057268, 28.750419621718503 ], [ 94.00667133262111, 28.774584540055191 ], [ 94.006888397834601, 28.783339039429514 ], [ 93.990573936922871, 28.797396967277351 ], [ 93.990906514434087, 28.805887428657996 ], [ 94.005333233100572, 28.818899929159077 ], [ 94.000326629191065, 28.840534300328894 ], [ 94.035471176125952, 28.852604147869105 ], [ 94.072009674838853, 28.895288730640026 ], [ 94.160670521017735, 28.95398466250699 ], [ 94.163899106405253, 28.9733195771494 ], [ 94.178546227298611, 28.991097131326395 ], [ 94.180891806041529, 29.019819374342404 ], [ 94.220485018307585, 29.083500245428247 ], [ 94.293626641416992, 29.147618943749606 ], [ 94.362781437333751, 29.151999799720652 ], [ 94.373502652562721, 29.16577198091823 ], [ 94.378201019716741, 29.189711162166809 ], [ 94.437147368115248, 29.226322805352613 ], [ 94.500356369948776, 29.216076535693887 ], [ 94.538915645382801, 29.218096606062257 ], [ 94.563771165812682, 29.228282968115312 ], [ 94.577993375776089, 29.249982568203873 ], [ 94.583747010038948, 29.28024063141234 ], [ 94.611380183847615, 29.296463184108323 ], [ 94.625032993261442, 29.312300218159219 ], [ 94.634285027236743, 29.34815315797163 ], [ 94.683258100715307, 29.327313330450782 ], [ 94.71698857945114, 29.303725784387684 ], [ 94.783079229196019, 29.240276873426946 ], [ 94.803495852533032, 29.20907011306717 ], [ 94.798398512111888, 29.179368251706592 ], [ 94.803457990498103, 29.16358002903085 ], [ 94.852075302262222, 29.181945378651616 ], [ 94.87726048838293, 29.183226627213301 ], [ 94.924157874782068, 29.161131145362848 ], [ 94.972986124045875, 29.158507008641482 ], [ 95.027968483983472, 29.12924660111144 ], [ 95.023455634284403, 29.141616222731233 ], [ 94.99201817405779, 29.172313619839947 ], [ 95.002816281599706, 29.171771066956723 ], [ 95.0449429663838, 29.151075773781162 ], [ 95.103533366304319, 29.142358119161571 ], [ 95.126815331947171, 29.114715213044203 ], [ 95.201602040730251, 29.105927905684073 ], [ 95.255654489381698, 29.108161885682563 ], [ 95.254926169577345, 29.066738592474387 ], [ 95.271321226705254, 29.055781473291333 ], [ 95.272296077366704, 29.047722151162723 ], [ 95.277144446562346, 29.056746155004021 ], [ 95.307494513776575, 29.061018620821702 ], [ 95.350150949104545, 29.044112633753851 ], [ 95.414695814566542, 29.031993831075305 ], [ 95.42611792682078, 29.039084317264244 ], [ 95.458864183972054, 29.034810985850569 ], [ 95.487576837501251, 29.068994487973011 ], [ 95.501087262701844, 29.138326907756657 ], [ 95.508304012040057, 29.141006241541554 ], [ 95.55148763875907, 29.126561377672839 ], [ 95.550151702303381, 29.178631459494238 ], [ 95.542630001539138, 29.212144086438869 ], [ 95.590684478160242, 29.216074226352966 ], [ 95.59258298732486, 29.240519747301967 ], [ 95.60371627717636, 29.26004911915744 ], [ 95.642951110168724, 29.247939171817201 ], [ 95.688110884337206, 29.275386250762619 ], [ 95.706912456086741, 29.2985595289753 ], [ 95.732041384953746, 29.300577257952739 ], [ 95.748518393778212, 29.314372211607544 ], [ 95.750470553524181, 29.327271702620056 ], [ 95.782726008147421, 29.354583798933159 ], [ 95.80150444055387, 29.334436303484072 ], [ 95.831847343230947, 29.353815120707701 ], [ 95.853299315913048, 29.356740737541394 ], [ 95.885945173233381, 29.389623456072428 ], [ 95.962104023746235, 29.380670089028548 ], [ 96.007546134792818, 29.410079029944463 ], [ 96.060710073398027, 29.456468137912047 ], [ 96.085721688451898, 29.461386555987552 ], [ 96.097915237430527, 29.454427871591641 ], [ 96.118190525215198, 29.425384583110358 ], [ 96.154865121540936, 29.396997804056252 ] ] ] } },
{ "type": "Feature", "properties": { "objectid": 8, "ae_regcode": 17, "physio_reg": "NORTH EASTERN HILLS (PURVACHAL)  WARM PERHUMID ECO-REGION", "area_sqkm": 51515.400534799999, "shape_Leng": 4264826.6230899999, "shape_Area": 110335958861.0 }, "geometry": { "type": "Polygon", "coordinates": [ [ [ 96.703607188248029, 27.66005688571709 ], [ 96.750268784280763, 27.632196413612711 ], [ 96.864973132153139, 27.630516999315077 ], [ 96.900336952043673, 27.615446460869421 ], [ 96.898906327817187, 27.58472016381857 ], [ 96.913704741765443, 27.579466384477062 ], [ 96.91541643847593, 27.54923340676936 ], [ 96.937202818818562, 27.520887141072244 ], [ 96.913100192581993, 27.478646861523238 ], [ 96.911256035693128, 27.453424434482592 ], [ 96.932700707385138, 27.441134831719186 ], [ 96.940691296067143, 27.417488728700611 ], [ 96.964769457022541, 27.405793173870393 ], [ 96.974743018516193, 27.386353368131878 ], [ 96.968207688262538, 27.376619332281848 ], [ 96.970913218053155, 27.369274244301604 ], [ 96.996566958992247, 27.345290228031281 ], [ 97.002395585138686, 27.320046906364485 ], [ 97.039295234247859, 27.297796257861989 ], [ 97.042506848089459, 27.279627790222033 ], [ 97.055564569142703, 27.275464333084805 ], [ 97.062194033641774, 27.262028530581688 ], [ 97.092859354906722, 27.237504157823349 ], [ 97.093886649249342, 27.210978838910652 ], [ 97.099215542452356, 27.20449568964689 ], [ 97.11536634373148, 27.198669241053757 ], [ 97.125927457487791, 27.174521935658902 ], [ 97.148503574569446, 27.167605041744526 ], [ 97.15456549294656, 27.151376871728765 ], [ 97.165736403919851, 27.144621206942105 ], [ 97.170231526286855, 27.125892029371432 ], [ 97.154397179029345, 27.115486801197331 ], [ 97.14487954959705, 27.091920748159829 ], [ 97.129458947136271, 27.092871585184032 ], [ 97.107089925120746, 27.110510743546811 ], [ 97.077636717357422, 27.099302601889523 ], [ 97.061213613724817, 27.100531766318898 ], [ 97.028866249737376, 27.131290057062579 ], [ 96.997702383479776, 27.143625975612018 ], [ 96.983393453864124, 27.156457900030357 ], [ 96.91723626784372, 27.165467406489256 ], [ 96.874537548342332, 27.183704331364822 ], [ 96.865150058185876, 27.189870282923529 ], [ 96.862337261185132, 27.20948182292782 ], [ 96.888987920752641, 27.227085152842172 ], [ 96.891682751969014, 27.237860943196466 ], [ 96.88414778412654, 27.258262837428749 ], [ 96.860788036600326, 27.262894390172995 ], [ 96.84890136043029, 27.296778416545379 ], [ 96.82407158868223, 27.311079957795574 ], [ 96.801665756994836, 27.345185992142422 ], [ 96.772315434598667, 27.355828520707099 ], [ 96.740063324678346, 27.355419731527171 ], [ 96.711998061418925, 27.371812288681475 ], [ 96.698525605633179, 27.356639623229533 ], [ 96.669618598939095, 27.363476289966886 ], [ 96.612051073504318, 27.360705939116009 ], [ 96.597810028999518, 27.347795509947161 ], [ 96.600274745571824, 27.335941077472558 ], [ 96.561299366692381, 27.316618628162374 ], [ 96.521780955164544, 27.285380567146454 ], [ 96.504887730094879, 27.299089059104983 ], [ 96.485549486869431, 27.296762838482092 ], [ 96.470288564430433, 27.304054750561605 ], [ 96.43306574445721, 27.301626528837701 ], [ 96.391149972895747, 27.286343048329687 ], [ 96.363739167284479, 27.292015023835091 ], [ 96.347339381996917, 27.280257729884191 ], [ 96.310516432648996, 27.294046761111716 ], [ 96.290119582420076, 27.286108350742399 ], [ 96.278337572852919, 27.271413781333713 ], [ 96.267113993833277, 27.269894380593289 ], [ 96.234060488513435, 27.277039477801232 ], [ 96.217829386588448, 27.261741839954389 ], [ 96.098788611416893, 27.223803556663078 ], [ 96.086134857577676, 27.209458765879614 ], [ 96.036180686206308, 27.188532762789848 ], [ 96.016649393841504, 27.147245668528992 ], [ 95.978849228093523, 27.103193312238851 ], [ 95.956722012012065, 27.060650299514474 ], [ 95.935836610570433, 27.045448541044486 ], [ 95.876729949924837, 27.013049056453831 ], [ 95.857387929728418, 27.014961982692434 ], [ 95.837586354298125, 27.00794580806626 ], [ 95.807594766553194, 27.013167553656988 ], [ 95.7604787166824, 26.956724282731617 ], [ 95.763277577875684, 26.937672910776087 ], [ 95.752114429714794, 26.922922312129725 ], [ 95.757655766374086, 26.907553797975986 ], [ 95.730310711753901, 26.880165014649119 ], [ 95.703029894922096, 26.87993095402333 ], [ 95.672962081654205, 26.903074576738423 ], [ 95.662559018083087, 26.897793366966955 ], [ 95.650569182463556, 26.87672248720725 ], [ 95.636357001026283, 26.87218141218229 ], [ 95.631776924816009, 26.84232958930966 ], [ 95.611023565438586, 26.814069149559423 ], [ 95.574314916073334, 26.818621598025157 ], [ 95.55435352714872, 26.832596514062946 ], [ 95.532384337710383, 26.824275996486914 ], [ 95.514402190698021, 26.806283991091242 ], [ 95.488668967133535, 26.754725518550668 ], [ 95.465204369638187, 26.743510814658912 ], [ 95.428348599566675, 26.693149484267554 ], [ 95.405932155536632, 26.68977414819193 ], [ 95.36538297954236, 26.670817441369021 ], [ 95.346187340153307, 26.671219732518431 ], [ 95.302136863347798, 26.649358841561213 ], [ 95.271616165359617, 26.656263193338521 ], [ 95.259691199305976, 26.679840482459976 ], [ 95.243626253593447, 26.687443947117334 ], [ 95.214492459616039, 26.649235321703841 ], [ 95.181685796324786, 26.636874785335753 ], [ 95.154372663880068, 26.613130108605194 ], [ 95.154077018792265, 26.574389549838475 ], [ 95.143973909388933, 26.556593241413616 ], [ 95.126388647235444, 26.555976880497944 ], [ 95.114365091633474, 26.541634757749428 ], [ 95.120314808116646, 26.523391285980942 ], [ 95.075522476636479, 26.471283497651847 ], [ 95.065858230133898, 26.443986304961346 ], [ 95.086448953851487, 26.445556730550813 ], [ 95.108052260438384, 26.417216551431704 ], [ 95.104097881234409, 26.394704194540772 ], [ 95.135007600643846, 26.381191703469703 ], [ 95.127522135997367, 26.347994322748999 ], [ 95.132682763146477, 26.335901119685008 ], [ 95.1267451444035, 26.329224648933444 ], [ 95.130279825042095, 26.285736121777173 ], [ 95.119813605366389, 26.268110309598658 ], [ 95.12874266886115, 26.249363237770456 ], [ 95.120283606977324, 26.231893718105937 ], [ 95.141518196889422, 26.207345771828891 ], [ 95.123656271493431, 26.189754502957921 ], [ 95.124772593921293, 26.175831843042531 ], [ 95.117000374386024, 26.16205143392024 ], [ 95.126765653807425, 26.130016939476501 ], [ 95.119423492998294, 26.102768305659975 ], [ 95.125546255035772, 26.094002063903918 ], [ 95.169756333828161, 26.089666044733899 ], [ 95.18442791787983, 26.073168318586752 ], [ 95.164286837904513, 26.046226085735043 ], [ 95.161340391626084, 26.02424401468199 ], [ 95.116200240805057, 25.980633986109012 ], [ 95.105127307761578, 25.961033414142204 ], [ 95.035384677707185, 25.928099487253338 ], [ 95.020531288721855, 25.903034721013849 ], [ 95.020802154681064, 25.880549219646579 ], [ 95.014020630278438, 25.865029556115832 ], [ 95.031800152659514, 25.839464359844182 ], [ 95.035988418128298, 25.813118193571746 ], [ 95.05026587373888, 25.797999237213663 ], [ 95.043955189683587, 25.775613582999153 ], [ 95.05095068075903, 25.755448250374538 ], [ 95.032106406561752, 25.734250671972777 ], [ 95.007830030593311, 25.73137448514581 ], [ 94.987442795192294, 25.701973742319126 ], [ 94.93598825762524, 25.662015793382587 ], [ 94.918021617267669, 25.604118548570302 ], [ 94.887323116460507, 25.586139239866352 ], [ 94.903295137513481, 25.560076319281777 ], [ 94.85136951113266, 25.556400896713829 ], [ 94.832271936223449, 25.539866482876828 ], [ 94.810797460344332, 25.488505079253688 ], [ 94.782849673824856, 25.483386246261297 ], [ 94.771069117406242, 25.474516733104466 ], [ 94.755031098327279, 25.485302245606704 ], [ 94.744864404261833, 25.47243171133459 ], [ 94.687060806121309, 25.45892838537554 ], [ 94.680847389711118, 25.453174664801558 ], [ 94.672164300691861, 25.409624684371689 ], [ 94.642805178282543, 25.395098599418443 ], [ 94.634298461891035, 25.352580373470527 ], [ 94.596972166338134, 25.282590401164384 ], [ 94.597524682079424, 25.260364288818256 ], [ 94.583567654849389, 25.209237352089385 ], [ 94.607011854777213, 25.184461111024827 ], [ 94.629031145025593, 25.183730820360637 ], [ 94.645854839640549, 25.167714947702883 ], [ 94.685190251684688, 25.151040598826704 ], [ 94.701483228267691, 25.152908529800072 ], [ 94.743570170421989, 25.129587551277432 ], [ 94.748545900395129, 25.056446729287028 ], [ 94.739997591707791, 25.018171706154558 ], [ 94.700903837313632, 24.971269256744996 ], [ 94.701561890223218, 24.956534715476991 ], [ 94.716782079657932, 24.935377855947738 ], [ 94.699217566269951, 24.920520818257259 ], [ 94.686628752388515, 24.887993110898005 ], [ 94.654525484961979, 24.866636481972559 ], [ 94.653767986312971, 24.855892208033836 ], [ 94.635538042837652, 24.835443770292077 ], [ 94.632445483861744, 24.807836020506084 ], [ 94.622470129125716, 24.788899000319436 ], [ 94.630907961106175, 24.757997890641885 ], [ 94.615264618617331, 24.737142106741178 ], [ 94.608419478017112, 24.715185270626172 ], [ 94.588571645128098, 24.704053107589377 ], [ 94.582110613674203, 24.708010272900939 ], [ 94.579282560742001, 24.72449391464195 ], [ 94.571044944148412, 24.715192268775368 ], [ 94.574157985631629, 24.705221606706932 ], [ 94.548626751402026, 24.709774145476306 ], [ 94.54423882673224, 24.70070388144881 ], [ 94.55055020439697, 24.685999506355319 ], [ 94.548321566054184, 24.668137034181282 ], [ 94.529036955889893, 24.625634599319039 ], [ 94.499980429967664, 24.589667570090835 ], [ 94.463064586209057, 24.568955416370567 ], [ 94.427111529038982, 24.48679701032065 ], [ 94.400985314457358, 24.481300435118527 ], [ 94.409028301700957, 24.463143563958248 ], [ 94.397977758396237, 24.455589115220391 ], [ 94.406423901952309, 24.43761184255446 ], [ 94.401392073197925, 24.41463124780454 ], [ 94.396655536941537, 24.406638952814728 ], [ 94.36285549356657, 24.393272719396297 ], [ 94.383566164907478, 24.378143290400327 ], [ 94.38083648669307, 24.372938187883822 ], [ 94.349209086842606, 24.335610159970727 ], [ 94.323842024909524, 24.332621678227671 ], [ 94.32542817444174, 24.28608217016351 ], [ 94.310663303415822, 24.247751540873068 ], [ 94.292562723247485, 24.233572543264433 ], [ 94.281112250301106, 24.173614133561884 ], [ 94.260095219447663, 24.161532505293035 ], [ 94.257004498374656, 24.083330308797269 ], [ 94.244485428364726, 24.056351811576768 ], [ 94.230373089609984, 24.060734050415384 ], [ 94.242603055956167, 24.038033795357574 ], [ 94.191754175440508, 23.958931158904676 ], [ 94.193208191488495, 23.931630551031212 ], [ 94.168028962038761, 23.929069168076595 ], [ 94.158672863704723, 23.84676390955471 ], [ 94.136520170368215, 23.849948146923957 ], [ 94.132382213685233, 23.840136383449654 ], [ 94.119884596450348, 23.836822434203519 ], [ 94.093413740991437, 23.887749132013692 ], [ 94.053973707229289, 23.891890094528645 ], [ 94.040629787388482, 23.912332542276484 ], [ 94.015142408313253, 23.928358199925803 ], [ 93.966898111437757, 23.928482106351542 ], [ 93.951332618305855, 23.944782565919937 ], [ 93.904631098738363, 23.951833891676014 ], [ 93.863875949310255, 23.932719636132081 ], [ 93.813699286006042, 23.924774394418524 ], [ 93.805767584062053, 23.928077541253657 ], [ 93.791306169786736, 23.962516525214852 ], [ 93.771287044391059, 23.977465416663264 ], [ 93.754787434285006, 24.004590499696274 ], [ 93.744465239587683, 24.003665924320671 ], [ 93.737798878896754, 23.994316118926989 ], [ 93.675470548801343, 24.006375987284159 ], [ 93.660774960049508, 24.000047357939419 ], [ 93.650418720103758, 24.008875902120089 ], [ 93.618671939830975, 24.009692190534007 ], [ 93.614314541195043, 24.006196740865693 ], [ 93.618904530641629, 23.986657294209444 ], [ 93.601458718143988, 23.965073843414459 ], [ 93.578074818703499, 23.965839051393893 ], [ 93.561585074625299, 23.985167744751038 ], [ 93.552981574633449, 23.960824305887087 ], [ 93.506792289073886, 23.944624658339457 ], [ 93.467040799700257, 23.969756657369555 ], [ 93.465225641097049, 23.995060693448817 ], [ 93.451493262290384, 24.018707369038928 ], [ 93.442282640980864, 24.023636129942162 ], [ 93.423049771191771, 24.067628532617363 ], [ 93.402561603659251, 24.080277831693291 ], [ 93.364826761752752, 24.089024497804324 ], [ 93.355165973674687, 24.105151481677169 ], [ 93.345348185093044, 24.109074325055818 ], [ 93.352264105119318, 24.093770392235999 ], [ 93.332453450605897, 24.086268442420565 ], [ 93.340596611594236, 24.040700435823666 ], [ 93.334395678403951, 24.038738933170382 ], [ 93.340532246952364, 24.026782278704275 ], [ 93.332753663002649, 23.983087721603255 ], [ 93.349908776974686, 23.974074959511864 ], [ 93.369282503895604, 23.936594440831264 ], [ 93.39694085362774, 23.926267910063327 ], [ 93.395204180512906, 23.836917904353253 ], [ 93.397276902883291, 23.820195862457311 ], [ 93.409069545379012, 23.803693436570512 ], [ 93.403334370248587, 23.757554690881232 ], [ 93.415737274289086, 23.728494936597059 ], [ 93.414940936758811, 23.708081234612663 ], [ 93.442632597965712, 23.678318446711895 ], [ 93.42620448152725, 23.649482401011298 ], [ 93.43261667610777, 23.584761997553276 ], [ 93.421882951533689, 23.557524624725666 ], [ 93.425580921757984, 23.534196335884687 ], [ 93.405436991031493, 23.504475590816494 ], [ 93.403757595817183, 23.463281506659452 ], [ 93.394969963228974, 23.429348256638431 ], [ 93.396024264794164, 23.407298800771596 ], [ 93.411958537778943, 23.384005863956791 ], [ 93.394178312494702, 23.370074527769439 ], [ 93.396471368637592, 23.360311988031764 ], [ 93.374064436200698, 23.358689332003966 ], [ 93.363557072663156, 23.350604850709367 ], [ 93.377045573162789, 23.328772163366786 ], [ 93.376071322342156, 23.252244932427988 ], [ 93.392324825991309, 23.220363394148208 ], [ 93.371539843556093, 23.146455578452596 ], [ 93.376681638437248, 23.139751944041983 ], [ 93.38822648834153, 23.144033071203491 ], [ 93.391202692981494, 23.134719124885596 ], [ 93.362583476495701, 23.112876545608451 ], [ 93.359552499020424, 23.091569295321246 ], [ 93.34864304610791, 23.076530550558164 ], [ 93.354953283175533, 23.069001091742514 ], [ 93.350518820999753, 23.061063655100661 ], [ 93.342715691996162, 23.061009659135941 ], [ 93.330180009671054, 23.031965213711732 ], [ 93.295302815246714, 23.002192347261836 ], [ 93.276182424741322, 23.002088042426276 ], [ 93.265677071508534, 23.008808527066002 ], [ 93.250824919854338, 23.002988583493586 ], [ 93.231756586926025, 23.018415359905553 ], [ 93.217892823563318, 23.041775337864184 ], [ 93.19218699244577, 23.056946187011953 ], [ 93.165597474563896, 23.045730000258882 ], [ 93.139669698561718, 23.057377773555004 ], [ 93.130757004993214, 23.044296530407912 ], [ 93.133561421515523, 23.00968106320347 ], [ 93.12699164453953, 22.99759964530223 ], [ 93.140336868894593, 22.990507025209578 ], [ 93.145832518462569, 22.972331250065359 ], [ 93.140246211430465, 22.961231192036337 ], [ 93.149359798253897, 22.946751186785846 ], [ 93.151144587495352, 22.927407748159187 ], [ 93.166021071930743, 22.915892662987709 ], [ 93.160449100667705, 22.910309132810958 ], [ 93.136462102474823, 22.910009572717918 ], [ 93.130887445551423, 22.87207644829056 ], [ 93.119348636728276, 22.859639802121148 ], [ 93.118487188884359, 22.834253749289335 ], [ 93.108910200745385, 22.82515435502463 ], [ 93.113843550971197, 22.8132112338882 ], [ 93.096965806328228, 22.80738091312967 ], [ 93.110306572143202, 22.741210828014815 ], [ 93.09306959949528, 22.708093910408969 ], [ 93.104477344141685, 22.683298476518971 ], [ 93.101129831471027, 22.671112857515666 ], [ 93.11605330191469, 22.648478964808547 ], [ 93.112322517188545, 22.636199786716279 ], [ 93.133867170902349, 22.619874834973256 ], [ 93.143079127189779, 22.583075490821084 ], [ 93.113026447698232, 22.551802346677906 ], [ 93.109163887343371, 22.52886579156608 ], [ 93.128301175654713, 22.523118285804735 ], [ 93.131096415965089, 22.516964046858682 ], [ 93.128045850229455, 22.502964646346932 ], [ 93.135752480149975, 22.483610725764361 ], [ 93.131930064689925, 22.471877209019713 ], [ 93.139470161109145, 22.460284560400428 ], [ 93.154106840317652, 22.449130563968598 ], [ 93.172763092103764, 22.448261685104452 ], [ 93.188119175030749, 22.424173271022543 ], [ 93.19369538060532, 22.381052805832336 ], [ 93.189859221129865, 22.367777837237032 ], [ 93.196722773036782, 22.334139646707008 ], [ 93.2037880569805, 22.326440884678036 ], [ 93.193572238371004, 22.321591197390603 ], [ 93.205756257811061, 22.25802385336798 ], [ 93.18756621050575, 22.246700856598114 ], [ 93.148752472302945, 22.245191218521857 ], [ 93.143689234992934, 22.238251126585823 ], [ 93.153729347844816, 22.22583639647733 ], [ 93.156288774056776, 22.206946542744149 ], [ 93.167016520781942, 22.197156938432759 ], [ 93.160162329473096, 22.179462933228923 ], [ 93.151621085926308, 22.175337246822288 ], [ 93.127955562219199, 22.176307585059121 ], [ 93.117153927580091, 22.195767715574529 ], [ 93.094557019868574, 22.196634963182628 ], [ 93.078868189453388, 22.20571874783019 ], [ 93.044022730853101, 22.195048855404121 ], [ 93.052274609319227, 22.162862098593823 ], [ 93.044249851033968, 22.136133373414172 ], [ 93.056530667964154, 22.124983495172895 ], [ 93.062862820809016, 22.099485609594957 ], [ 93.013334169390561, 22.103033645361851 ], [ 93.011834069074681, 22.08280029322086 ], [ 92.997312026676354, 22.048034016854356 ], [ 93.007676836969111, 22.008800827628974 ], [ 93.006552197374972, 21.981595532774584 ], [ 92.996273332945478, 21.975653147594645 ], [ 92.989692385323536, 21.978559695287267 ], [ 92.963923668085869, 22.024876307994813 ], [ 92.953176537221921, 22.027697961495289 ], [ 92.939498581211211, 22.016161788061815 ], [ 92.932039183494965, 22.017883740564162 ], [ 92.936477346717297, 22.00640016233611 ], [ 92.925114055541925, 21.993769911431816 ], [ 92.908279394419068, 21.944190125242894 ], [ 92.891724094125678, 22.009905338650782 ], [ 92.872191138399486, 22.028092143937684 ], [ 92.86525735867734, 22.063345505928027 ], [ 92.846559770369197, 22.060387325972211 ], [ 92.823219457078906, 22.077761429754741 ], [ 92.814703951133765, 22.093671240994226 ], [ 92.775072328755584, 22.107981459238001 ], [ 92.763361633984218, 22.124523711576931 ], [ 92.735536914199216, 22.137279833535747 ], [ 92.730498170985811, 22.147859534038567 ], [ 92.71566382058252, 22.150934154415985 ], [ 92.697146607328605, 22.146688856499356 ], [ 92.691312426574882, 22.075670088418878 ], [ 92.687343757121269, 22.105495031143718 ], [ 92.681627118760247, 22.103776021619183 ], [ 92.687722794095947, 22.039438374442572 ], [ 92.682101173733514, 22.016397198758654 ], [ 92.660982635166562, 22.014050529746942 ], [ 92.638798272276603, 21.990830332175122 ], [ 92.610130731064473, 21.978982652077722 ], [ 92.615652334463789, 21.98847223026943 ], [ 92.599955335111162, 22.011059539786583 ], [ 92.605181196992589, 22.02633022219911 ], [ 92.599069273457388, 22.037717465235179 ], [ 92.601094719899109, 22.062020474568243 ], [ 92.564991623544245, 22.12823515800283 ], [ 92.569734918014674, 22.138270456995656 ], [ 92.584275571237427, 22.144054954782991 ], [ 92.597189728535668, 22.126891874486244 ], [ 92.608525087442388, 22.126538563841848 ], [ 92.614421790539581, 22.169100184336088 ], [ 92.599677934876027, 22.180837087819995 ], [ 92.601995702302403, 22.199906431992186 ], [ 92.592871206455158, 22.217883703768301 ], [ 92.592652673999609, 22.254653720304166 ], [ 92.579825382107316, 22.278690715103547 ], [ 92.583399375095809, 22.313201760900178 ], [ 92.556905181368435, 22.416097720565073 ], [ 92.547281258422558, 22.523615630258657 ], [ 92.529345082514894, 22.567779769187638 ], [ 92.539252978005109, 22.57709063795598 ], [ 92.538358232402274, 22.596062229641053 ], [ 92.526856249223059, 22.621803086768466 ], [ 92.535020231806229, 22.629766073547309 ], [ 92.527024947198953, 22.642225888646685 ], [ 92.52062682781883, 22.701218595636909 ], [ 92.510465558082046, 22.735090752033052 ], [ 92.480539043093842, 22.750681205181611 ], [ 92.467017793726029, 22.804237042337473 ], [ 92.456472375336745, 22.817059163390692 ], [ 92.456060698379744, 22.828345614106155 ], [ 92.462684288280869, 22.830704005285497 ], [ 92.458774567181621, 22.84081741631692 ], [ 92.464709776704979, 22.846971707385851 ], [ 92.448643528468878, 22.892659875493454 ], [ 92.436662745453177, 22.888304067753495 ], [ 92.421692075890718, 22.916655821482159 ], [ 92.403853812599579, 22.912735178919544 ], [ 92.401777952510699, 22.927818074418969 ], [ 92.37543249290907, 22.933729198184693 ], [ 92.378382479664396, 22.962649092793427 ], [ 92.373979717298582, 22.970678397266219 ], [ 92.386138653218637, 22.983985086036377 ], [ 92.391167848772156, 23.005497342158169 ], [ 92.384307490807771, 23.017406759039236 ], [ 92.396715729832124, 23.055017001544705 ], [ 92.386100334321711, 23.088152812363802 ], [ 92.376634097793641, 23.087228017167597 ], [ 92.366625999597517, 23.105186576653828 ], [ 92.373698890739675, 23.126154613819182 ], [ 92.363426214200686, 23.13842596451865 ], [ 92.36798135327831, 23.149000615504573 ], [ 92.357410832891759, 23.234173295190129 ], [ 92.405878789401342, 23.238244544609874 ], [ 92.40547927549612, 23.242492689846692 ], [ 92.39310753846739, 23.263606017681496 ], [ 92.399840455861906, 23.271659450214578 ], [ 92.388056149154863, 23.294404394802214 ], [ 92.391843679654443, 23.307239542435529 ], [ 92.373102275130975, 23.328517925019945 ], [ 92.384810970803869, 23.341007166656979 ], [ 92.385359509321646, 23.360075794567685 ], [ 92.37896276912096, 23.372165691968391 ], [ 92.365454173342457, 23.375117077544775 ], [ 92.356973531086794, 23.401473016150252 ], [ 92.36115276771622, 23.413951290069186 ], [ 92.35095874608858, 23.419620158041454 ], [ 92.347976338949849, 23.434699232522931 ], [ 92.332529654021982, 23.42951436097011 ], [ 92.334772971945611, 23.46420936204056 ], [ 92.32300673601911, 23.471313664554941 ], [ 92.329345422348197, 23.480636846314546 ], [ 92.321105910715161, 23.518109704081112 ], [ 92.324222928033294, 23.52706042264531 ], [ 92.313124765598943, 23.53434746865706 ], [ 92.310021568033847, 23.590440333227363 ], [ 92.295001416577364, 23.596634679068632 ], [ 92.294846901715886, 23.615241747467547 ], [ 92.302266692150766, 23.62375123041102 ], [ 92.28412588025401, 23.626230210433064 ], [ 92.27986875312962, 23.63778367745515 ], [ 92.295981711480735, 23.687416569717595 ], [ 92.28235944714497, 23.715020845883423 ], [ 92.268483749839348, 23.724393941893744 ], [ 92.249193265326326, 23.717905475021617 ], [ 92.238485989907616, 23.670358776233446 ], [ 92.224434952728387, 23.652879833873452 ], [ 92.211852445405711, 23.661247752352168 ], [ 92.217731577726497, 23.685737275757639 ], [ 92.208438876597725, 23.704862100302659 ], [ 92.18136318189238, 23.708111362991048 ], [ 92.177216918689652, 23.737822585099646 ], [ 92.154573981878713, 23.734036845777037 ], [ 92.106761340791309, 23.676493978741593 ], [ 92.089803480841539, 23.676424117673854 ], [ 92.081212195212117, 23.648839553184519 ], [ 92.051911135803905, 23.646285819795985 ], [ 92.012407688785203, 23.663089180650879 ], [ 91.983886219148957, 23.730698464118451 ], [ 91.97091878222875, 23.734703266118359 ], [ 91.956432872830547, 23.728040151068686 ], [ 91.953483777448525, 23.713395747171063 ], [ 91.961615798822621, 23.697984997302388 ], [ 91.940680791392595, 23.687946674937074 ], [ 91.940429783592293, 23.664283239591324 ], [ 91.949458429085269, 23.646265936829909 ], [ 91.948204091390622, 23.62674760642081 ], [ 91.959700972187576, 23.605030849075774 ], [ 91.956653488371501, 23.570879376520011 ], [ 91.967034117234121, 23.538229899154807 ], [ 91.961755125107089, 23.518780254501578 ], [ 91.970999984374643, 23.511871393112919 ], [ 91.978706048081122, 23.482194122091517 ], [ 91.946755284610518, 23.470663344688703 ], [ 91.942451602207498, 23.435688742951864 ], [ 91.911994205608622, 23.439323331389161 ], [ 91.892551595381789, 23.433534318470958 ], [ 91.866682260444747, 23.407560832996531 ], [ 91.842870361891897, 23.397321483408437 ], [ 91.841358652420183, 23.373464088618153 ], [ 91.788503062831538, 23.306506852514037 ], [ 91.777759057451547, 23.276366900148805 ], [ 91.778519778263927, 23.25117215202927 ], [ 91.791557021566433, 23.231289414830155 ], [ 91.793133937411184, 23.20085613887527 ], [ 91.805380854804653, 23.179887169375327 ], [ 91.818981902692542, 23.103186411816164 ], [ 91.83532659026136, 23.095778186250438 ], [ 91.816483446304844, 23.082123807362503 ], [ 91.820312522751152, 23.078258888759432 ], [ 91.810902483758227, 23.069451576137279 ], [ 91.787641565441504, 23.073921862306861 ], [ 91.778977284661536, 23.069901666483304 ], [ 91.785703687397657, 23.042837818720919 ], [ 91.780686939847939, 23.03342246622595 ], [ 91.774002708200896, 23.040986864722669 ], [ 91.726911400984477, 22.994347306355849 ], [ 91.715838091675352, 22.987597197834805 ], [ 91.696597030560653, 22.990009277289513 ], [ 91.674631328488587, 22.978855828999418 ], [ 91.659595942828744, 22.980466279740611 ], [ 91.638617219281855, 22.968684798375079 ], [ 91.621545623117328, 22.944180918564129 ], [ 91.607399631853411, 22.957905664876201 ], [ 91.608875120917119, 22.967125054996416 ], [ 91.595437362055151, 22.976964430918926 ], [ 91.57919965565047, 22.969996492332246 ], [ 91.558236296410314, 22.981764309408184 ], [ 91.558836875717446, 23.002179622317705 ], [ 91.545897255409074, 22.997749598610312 ], [ 91.549733713534749, 23.017020314413717 ], [ 91.543527344409711, 23.024195453038182 ], [ 91.551699139292481, 23.039159168090599 ], [ 91.537244205266092, 23.03968942680693 ], [ 91.538559333669767, 23.05721640115058 ], [ 91.530228653327171, 23.06157923653543 ], [ 91.535721607846185, 23.069300114447611 ], [ 91.529261496391086, 23.082434774503298 ], [ 91.533695481372916, 23.08969560520601 ], [ 91.517723921800084, 23.107274758621159 ], [ 91.517201241302999, 23.122802216285077 ], [ 91.507882887660287, 23.127344636079222 ], [ 91.51778954906932, 23.144216538273856 ], [ 91.494045527858844, 23.155872068198843 ], [ 91.496962086757179, 23.180092324702184 ], [ 91.507545926841573, 23.186408589812508 ], [ 91.47729084054302, 23.193760460886406 ], [ 91.475502070595923, 23.198348852343997 ], [ 91.487747584674608, 23.204857618691648 ], [ 91.485420585888107, 23.213873180361645 ], [ 91.482831478433525, 23.218907887996739 ], [ 91.458385351827403, 23.220067522377516 ], [ 91.470688531684502, 23.232539715696213 ], [ 91.462841438740199, 23.246382843120752 ], [ 91.454715309740763, 23.247043367027771 ], [ 91.457149847441784, 23.258263745156043 ], [ 91.448707648540207, 23.262895121305935 ], [ 91.424878912622006, 23.260533110381644 ], [ 91.416160357035039, 23.282225105629237 ], [ 91.411564164490159, 23.281825950736337 ], [ 91.416656454293701, 23.261189524290028 ], [ 91.402072397212947, 23.26314217597125 ], [ 91.409003211456678, 23.253355846189297 ], [ 91.401075297601068, 23.245343990513817 ], [ 91.403175834273213, 23.230373961457001 ], [ 91.391589795517433, 23.225486113040219 ], [ 91.391510120577976, 23.203369255728713 ], [ 91.384455165892476, 23.195175930803174 ], [ 91.406883023130305, 23.099005851386746 ], [ 91.421595409760542, 23.071486636918976 ], [ 91.414246326025065, 23.064208913021357 ], [ 91.393074573931344, 23.062231618727822 ], [ 91.370694526372048, 23.074862945642078 ], [ 91.356440862569016, 23.095519381738452 ], [ 91.327909551690539, 23.164448145543975 ], [ 91.323267070190582, 23.245763549638998 ], [ 91.329060711469793, 23.252866410914404 ], [ 91.320024843443548, 23.256576055226144 ], [ 91.315811073417464, 23.266920294146111 ], [ 91.318083869207015, 23.283015995443076 ], [ 91.304651787152409, 23.286688811600545 ], [ 91.302930005273041, 23.292819484830638 ], [ 91.317920566562734, 23.30857074675837 ], [ 91.294526295283632, 23.320281308145358 ], [ 91.300187634013568, 23.33992517459102 ], [ 91.313980603097178, 23.348996468465966 ], [ 91.317002560988598, 23.36001541729815 ], [ 91.299686223274449, 23.350487473803913 ], [ 91.291841903982785, 23.370107779714587 ], [ 91.296634092653832, 23.379633052132977 ], [ 91.286092782455455, 23.376557438802639 ], [ 91.281813057611942, 23.411371294169889 ], [ 91.259390538170408, 23.448367110168764 ], [ 91.249734543978846, 23.489726942245216 ], [ 91.242678561500171, 23.490025778199879 ], [ 91.237966606259747, 23.499456817350346 ], [ 91.225040341866276, 23.499067261203191 ], [ 91.22039983995198, 23.511483250714519 ], [ 91.208134267715025, 23.513533257458519 ], [ 91.213302430370575, 23.550062327632272 ], [ 91.199770215169622, 23.55164557945271 ], [ 91.198475299120645, 23.561653213746212 ], [ 91.178386746112594, 23.587281926753665 ], [ 91.17888129362737, 23.595686984418336 ], [ 91.16321891291517, 23.601399608442911 ], [ 91.161510886329594, 23.663497459569626 ], [ 91.2030970352248, 23.645494435995449 ], [ 91.208439481409428, 23.658093432544362 ], [ 91.20474714317848, 23.6896657554435 ], [ 91.157768076249226, 23.689378598647995 ], [ 91.152508992882204, 23.711536579378663 ], [ 91.154841272548694, 23.729345511837792 ], [ 91.167369295949683, 23.748704977135024 ], [ 91.205764915876216, 23.754048054508758 ], [ 91.222787409936331, 23.741486148448438 ], [ 91.227556242246308, 23.74532289579555 ], [ 91.228350654047958, 23.786869049035587 ], [ 91.253984224887802, 23.837674186905055 ], [ 91.233211565690453, 23.885691239168903 ], [ 91.236931353935958, 23.90351788424546 ], [ 91.247050682430583, 23.912642810157749 ], [ 91.238262617250683, 23.924838874841377 ], [ 91.276641254022636, 23.928358661361717 ], [ 91.26542219497891, 23.946952972751298 ], [ 91.284510656387582, 23.980090765910987 ], [ 91.297400954578421, 23.969912739445707 ], [ 91.307314952800994, 23.989502786742463 ], [ 91.328206704162028, 23.992948829176196 ], [ 91.340811974951293, 23.981778762541694 ], [ 91.36329318023833, 23.985231540115958 ], [ 91.385401913957153, 23.975942973267586 ], [ 91.379464426817023, 23.998373184726887 ], [ 91.395633662305912, 24.022623257156368 ], [ 91.404163383884892, 24.053940842587412 ], [ 91.384004220431649, 24.072639120078758 ], [ 91.382088372371399, 24.104946266461074 ], [ 91.428195488560334, 24.108781672962941 ], [ 91.469733543473524, 24.096844114055344 ], [ 91.496593280972888, 24.09634306872664 ], [ 91.501522255042431, 24.086089163904251 ], [ 91.55345396832773, 24.075836792823623 ], [ 91.601626792585535, 24.078364313260245 ], [ 91.602950496372657, 24.095438734287512 ], [ 91.629803225692157, 24.096633570048734 ], [ 91.64247547258563, 24.109452313357181 ], [ 91.640504571588963, 24.145296581351371 ], [ 91.651539233787844, 24.17860675356258 ], [ 91.663862810488752, 24.189071550424099 ], [ 91.654439091297192, 24.219442033075168 ], [ 91.671369372378877, 24.233106665940252 ], [ 91.675615453513444, 24.232145767151181 ], [ 91.671334359496953, 24.213688968955086 ], [ 91.694561908063903, 24.166800611389665 ], [ 91.760900275542639, 24.138689569265974 ], [ 91.767823422328206, 24.148940352846601 ], [ 91.749765572674619, 24.244834195833381 ], [ 91.798101046440735, 24.221649500004368 ], [ 91.814641747188347, 24.222743401332817 ], [ 91.822379204620674, 24.214483849162573 ], [ 91.831348589737885, 24.213456765958757 ], [ 91.848006291131085, 24.225202158634048 ], [ 91.854730081590745, 24.220459128772486 ], [ 91.850446705880117, 24.199023044916611 ], [ 91.882619568828829, 24.158651517502399 ], [ 91.88992279608253, 24.140632535754108 ], [ 91.902350478835473, 24.135557160452478 ], [ 91.913140435234723, 24.140397371663266 ], [ 91.930862113211745, 24.217985354737444 ], [ 92.212817494109743, 24.247635403756806 ], [ 92.42207930964129, 24.25107722370328 ], [ 92.418626249861092, 24.192343757748922 ], [ 92.433840145704039, 24.179343821038092 ], [ 92.4361620402006, 24.150393559621321 ], [ 92.443489148139264, 24.151048639768185 ], [ 92.465505227927395, 24.132668700171223 ], [ 92.48040739531838, 24.139201988871772 ], [ 92.485420059226399, 24.160070314695648 ], [ 92.499675191962297, 24.158373845799883 ], [ 92.504413062128378, 24.16515178884876 ], [ 92.51234150110794, 24.160406478598464 ], [ 92.508163381234411, 24.167036719486845 ], [ 92.514662559851217, 24.173312416071695 ], [ 92.529159824088111, 24.17259428393541 ], [ 92.550189705433056, 24.24363825330725 ], [ 92.564107689532676, 24.247804642115302 ], [ 92.587504585426061, 24.242517252961399 ], [ 92.61107028620458, 24.250971734406985 ], [ 92.623815533284699, 24.330255237399104 ], [ 92.637256107804021, 24.333082205594994 ], [ 92.640492757259651, 24.326274354106186 ], [ 92.648536886208547, 24.326297557917503 ], [ 92.65702388530309, 24.341037255728398 ], [ 92.683269754158133, 24.344957349409043 ], [ 92.690156122193173, 24.352262667395102 ], [ 92.696369770346038, 24.371462581421191 ], [ 92.703591377048397, 24.37365679194945 ], [ 92.753218921089996, 24.504379926799491 ], [ 92.764748167372559, 24.518163757678597 ], [ 92.802260027420701, 24.424530365425028 ], [ 92.800208832961133, 24.416299010856825 ], [ 92.80889185981458, 24.416536069877925 ], [ 92.830708584478259, 24.397693365387003 ], [ 92.824390822672441, 24.38769454362593 ], [ 92.828321436044732, 24.374966567292162 ], [ 92.843590768737712, 24.377038602999786 ], [ 92.862215790784404, 24.396622521979822 ], [ 92.890066505016705, 24.39936863066962 ], [ 92.893662786901103, 24.392381055149226 ], [ 92.904438415941399, 24.391495835253977 ], [ 92.91081274583307, 24.409938587962884 ], [ 92.934935001331752, 24.392531655321999 ], [ 92.950457545036784, 24.401789237764564 ], [ 92.959525902737553, 24.392819015882353 ], [ 92.979439117323196, 24.406590047791639 ], [ 92.997201345466706, 24.398428396750838 ], [ 93.005598593510683, 24.40877190303237 ], [ 93.01512340911006, 24.399352697147197 ], [ 93.038267287665491, 24.407904369007934 ], [ 93.031294029073592, 24.425651080748896 ], [ 93.037065749899469, 24.457931557629738 ], [ 93.047406100425633, 24.46071733121325 ], [ 93.047681275291765, 24.47224172574715 ], [ 93.034961562129666, 24.493735910740359 ], [ 93.043533099760339, 24.50256743429733 ], [ 93.04064058197639, 24.511364601834298 ], [ 93.052047827965907, 24.516401643212006 ], [ 93.04769872385333, 24.527676133452594 ], [ 93.051910607970484, 24.541478255945425 ], [ 93.060446855190165, 24.551511713173994 ], [ 93.064768754857582, 24.543998494801407 ], [ 93.071915227635216, 24.557800239758386 ], [ 93.060378461451947, 24.571577415954771 ], [ 93.086358055958854, 24.567868517679344 ], [ 93.096493859987092, 24.579209159601369 ], [ 93.106188128424719, 24.580208984764354 ], [ 93.09789126179264, 24.588004725020912 ], [ 93.074692881317858, 24.592946576475647 ], [ 93.086029342954177, 24.608023397109871 ], [ 93.078693059388911, 24.618029310236711 ], [ 93.07862669257679, 24.623039996856964 ], [ 93.088660411929055, 24.624312746741882 ], [ 93.08415308305598, 24.644365420145487 ], [ 93.09557357485248, 24.649396702235528 ], [ 93.104027389061812, 24.671997987883383 ], [ 93.101144268739574, 24.677017580430917 ], [ 93.091130868638786, 24.674497514622406 ], [ 93.09252421564095, 24.684536903805654 ], [ 93.075244754259231, 24.70711575120086 ], [ 93.07808430445175, 24.710891951560875 ], [ 93.088137176603297, 24.705882760601924 ], [ 93.106624271590277, 24.73856662257959 ], [ 93.098024008239904, 24.741060670528007 ], [ 93.105092862365495, 24.766199975314848 ], [ 93.10076473309762, 24.774990161913383 ], [ 93.112139807647267, 24.798874755055625 ], [ 93.109237695808702, 24.806408495674713 ], [ 93.12210116906185, 24.816480088845001 ], [ 93.12071622703624, 24.805173693601084 ], [ 93.130762427451444, 24.802664085066375 ], [ 93.136480687678954, 24.807701138868715 ], [ 93.15232588720346, 24.786365005610016 ], [ 93.173784370725841, 24.800206027951987 ], [ 93.178105754681397, 24.792669398199639 ], [ 93.18094518189244, 24.801467875295266 ], [ 93.192422131134251, 24.802731747547714 ], [ 93.19813555132842, 24.811535526862819 ], [ 93.190951654785351, 24.819066094934854 ], [ 93.196655723540161, 24.830381326878964 ], [ 93.192349096265161, 24.832893511786011 ], [ 93.200935663408231, 24.836665499062093 ], [ 93.193753035456751, 24.840429907041433 ], [ 93.200933592140913, 24.840433936344141 ], [ 93.1966022646033, 24.852995443004701 ], [ 93.208081949415757, 24.853009866431236 ], [ 93.228486007082196, 24.873745424972565 ], [ 93.225626471898011, 24.877518934126009 ], [ 93.23420495380968, 24.886325227217188 ], [ 93.229903003370083, 24.891348447002621 ], [ 93.242766328295943, 24.90015383612894 ], [ 93.238408996300507, 24.911463400356265 ], [ 93.252676014898114, 24.915234785630826 ], [ 93.24963407475758, 24.926512261448089 ], [ 93.242471811117213, 24.927763817722298 ], [ 93.2479317790647, 24.936527760975821 ], [ 93.239425586589988, 24.935282335094474 ], [ 93.253550468576222, 24.939026767294596 ], [ 93.248690156711376, 24.951507645594749 ], [ 93.261824316971271, 24.947770187488409 ], [ 93.258165284365575, 24.969057699414872 ], [ 93.213941007310211, 24.985944295249737 ], [ 93.091051039003361, 24.991537768557876 ], [ 93.069547354523522, 25.004369842641548 ], [ 93.049180666148089, 25.041562484380819 ], [ 93.046851834573502, 25.084564185713631 ], [ 93.022541539975066, 25.096401843441765 ], [ 92.984641144315873, 25.093481495287463 ], [ 92.841640608185713, 25.060205025090461 ], [ 92.803518710261613, 25.081715786148681 ], [ 92.757753912315096, 25.120966185657675 ], [ 92.733776449807323, 25.122946333185766 ], [ 92.666579267777379, 25.108913092445697 ], [ 92.525191013071804, 25.137770378904033 ], [ 92.525715650769371, 25.123324062561075 ], [ 92.543398632570472, 25.097312970710114 ], [ 92.484840178440763, 25.105868800888384 ], [ 92.47512263052009, 25.068614617258813 ], [ 92.460336117523028, 25.052494551301105 ], [ 92.463727633464941, 25.034963383224145 ], [ 92.447022445771466, 25.039898247628006 ], [ 92.425344759853616, 25.029520508618422 ], [ 92.367936963648248, 25.048913645633689 ], [ 92.347903062614606, 25.049943107316771 ], [ 92.344045031988614, 25.077479003156768 ], [ 92.336494414038953, 25.081890182066513 ], [ 92.300347949830396, 25.071482319706266 ], [ 92.232428410540351, 25.096545091973713 ], [ 92.212328836996534, 25.111100950473098 ], [ 92.227769319941245, 25.117933974450125 ], [ 92.202749755670141, 25.124794800980023 ], [ 92.190697902221913, 25.135409825826816 ], [ 92.192846857079431, 25.121691769287331 ], [ 92.178958042106032, 25.122718765664438 ], [ 92.138589508088501, 25.142696021778217 ], [ 92.13762133734545, 25.156243676730963 ], [ 92.125470459163523, 25.165308281328144 ], [ 92.077637846842478, 25.185601474314861 ], [ 92.049581897979877, 25.181669328746256 ], [ 92.013907778113222, 25.18854314045322 ], [ 91.998655278713244, 25.184039782687609 ], [ 91.98623624250763, 25.170972574118139 ], [ 91.950143686705601, 25.182702873494261 ], [ 91.862278519145192, 25.174426023245271 ], [ 91.844193511019796, 25.178107105341226 ], [ 91.77492538932087, 25.166465374727512 ], [ 91.749683470736599, 25.171087080784964 ], [ 91.746998354947891, 25.148038178205979 ], [ 91.707840760274507, 25.156168280728469 ], [ 91.697171923365659, 25.13983214730052 ], [ 91.645043052690042, 25.123745623764929 ], [ 91.631096774490231, 25.1302257215739 ], [ 91.621620677421021, 25.146050774031554 ], [ 91.603965701994085, 25.146364507633923 ], [ 91.604569171679586, 25.166053571827291 ], [ 91.61125095141378, 25.171682230542199 ], [ 91.605893785973905, 25.173103276606486 ], [ 91.582609898935843, 25.169583538228331 ], [ 91.55046875562401, 25.148377145356395 ], [ 91.480483355394782, 25.134519803973205 ], [ 91.473919487795271, 25.135550207681757 ], [ 91.46981705195067, 25.148873209939186 ], [ 91.442302865855098, 25.151608812540413 ], [ 91.416880317142002, 25.17188064058525 ], [ 91.406923474438443, 25.165557758759345 ], [ 91.379333194660504, 25.166569641667042 ], [ 91.35947174503498, 25.176675643513438 ], [ 91.341355008299445, 25.173065710116752 ], [ 91.323851686140983, 25.184455161478311 ], [ 91.294457081691775, 25.186336417140335 ], [ 91.288683006275292, 25.196757496395072 ], [ 91.267625828383089, 25.206203842908156 ], [ 91.255031821511267, 25.196956437379569 ], [ 91.196142441185259, 25.199234898306003 ], [ 91.137685673746574, 25.19237787042497 ], [ 91.084465112960572, 25.201352210324099 ], [ 91.066730916463584, 25.191581827077894 ], [ 90.972563991784838, 25.172011381510721 ], [ 90.872310300682301, 25.159089997404411 ], [ 90.822440330624445, 25.162960412138812 ], [ 90.783022728110225, 25.183197754609328 ], [ 90.763373229235157, 25.164611860733888 ], [ 90.74432258626203, 25.16462904024613 ], [ 90.743161900173916, 25.15684619670002 ], [ 90.734969914316551, 25.154117317180557 ], [ 90.723590406754468, 25.164250457602666 ], [ 90.696389895472578, 25.15917938352349 ], [ 90.682821336888651, 25.169377726924626 ], [ 90.677805619362445, 25.166957166029633 ], [ 90.658012079961566, 25.192579951049506 ], [ 90.639200610649098, 25.172631604013812 ], [ 90.513262580837278, 25.167895083748917 ], [ 90.447441241845979, 25.143240147896677 ], [ 90.38022700668138, 25.161218967145636 ], [ 90.334579055147714, 25.191156602303654 ], [ 90.303790623672796, 25.187131661944825 ], [ 90.278269508018226, 25.197444478080058 ], [ 90.217318799141609, 25.202640787383263 ], [ 90.172059040908564, 25.221165004709135 ], [ 90.11521606313805, 25.223675689618791 ], [ 90.062685320744308, 25.255476254218308 ], [ 89.983766241053502, 25.284772298534314 ], [ 89.975060324357386, 25.300490748640172 ], [ 89.932078150543376, 25.299038494561231 ], [ 89.910918415999006, 25.307292810592649 ], [ 89.87742675149299, 25.286709221028513 ], [ 89.837685852690115, 25.295492519121908 ], [ 89.842907090914295, 25.317961044096442 ], [ 89.823126658052729, 25.346977245796332 ], [ 89.818548151607075, 25.388103388976294 ], [ 89.828919096197069, 25.403287860098313 ], [ 89.837012860067958, 25.434386795750996 ], [ 89.855823452010114, 25.462720896028237 ], [ 89.856088025999696, 25.47661758414672 ], [ 89.863460824503022, 25.475737936460014 ], [ 89.879389829024831, 25.491510906535748 ], [ 89.870664142398226, 25.539789832970015 ], [ 89.890313982003079, 25.558046493463081 ], [ 89.970314564432655, 25.571842396426771 ], [ 89.983049104692043, 25.590859998554034 ], [ 90.005988100621693, 25.584311999857409 ], [ 90.021156756923716, 25.602297877243398 ], [ 90.022300280830834, 25.608498024903025 ], [ 90.008434902328787, 25.623924632677785 ], [ 89.987232600070129, 25.626813029277493 ], [ 89.984373346960723, 25.63767182121801 ], [ 89.950918351605011, 25.658941428122052 ], [ 89.941053487718918, 25.686738677051501 ], [ 89.925190321943504, 25.694525075447434 ], [ 89.898373593700597, 25.72734943853526 ], [ 89.899562065550072, 25.744220129203963 ], [ 89.932044196211748, 25.741440794979663 ], [ 89.95936389757027, 25.774530686793877 ], [ 89.956160464387239, 25.810971915334878 ], [ 89.948760698450712, 25.824531230724318 ], [ 89.972131235661024, 25.826193111983134 ], [ 90.005743810283136, 25.842270714737399 ], [ 90.00442343359768, 25.848623978267153 ], [ 90.012471177647157, 25.846855830809226 ], [ 90.026054788747004, 25.865537276475706 ], [ 90.008939711345235, 25.878696836445251 ], [ 90.025445438968944, 25.893200241938594 ], [ 90.046256438534044, 25.890745655612609 ], [ 90.067473651364367, 25.915535067808722 ], [ 90.082132571696064, 25.917657545733238 ], [ 90.096088805937498, 25.928721502105692 ], [ 90.092134654664193, 25.936168806045487 ], [ 90.109505452085955, 25.941885714360442 ], [ 90.122818285432231, 25.961208446126609 ], [ 90.144167796085767, 25.958083771154797 ], [ 90.157529129476103, 25.964638094472953 ], [ 90.162509503970199, 25.958192188221677 ], [ 90.180211617857694, 25.957002648403034 ], [ 90.186588346695004, 25.944375887226911 ], [ 90.198058718349927, 25.956922456720708 ], [ 90.212508248214263, 25.9614867121796 ], [ 90.21681002978687, 25.953805696030933 ], [ 90.290584183952646, 25.963791951538834 ], [ 90.328303403959282, 25.974250101561381 ], [ 90.333920145659079, 25.98834749143386 ], [ 90.350632916931502, 26.00278652948613 ], [ 90.397890103931019, 26.013917918746319 ], [ 90.432493277870563, 25.988846738241254 ], [ 90.461382947368278, 25.99937178097872 ], [ 90.481154608038125, 26.015035990685796 ], [ 90.509532071545891, 25.995781735817015 ], [ 90.538194513214094, 25.957776606713107 ], [ 90.537460354404701, 25.936051071507432 ], [ 90.516224238426787, 25.896018007113899 ], [ 90.575017222359932, 25.938770817203334 ], [ 90.586133795108381, 25.959518198210898 ], [ 90.632614244536583, 25.937137166607954 ], [ 90.611158125113448, 25.919298934579885 ], [ 90.610094965554637, 25.911998777586831 ], [ 90.617773445685657, 25.899229845555894 ], [ 90.62836270722066, 25.898607896792353 ], [ 90.630910531660462, 25.916699561793919 ], [ 90.679203160974154, 25.936155274378379 ], [ 90.689602398364528, 25.950472627662762 ], [ 90.721265991012132, 25.954356058826761 ], [ 90.728904125119158, 25.948403442811344 ], [ 90.750939576713549, 25.956949631530453 ], [ 90.743769452518976, 25.940535027878543 ], [ 90.747600035466064, 25.932422021212982 ], [ 90.756098556574344, 25.933592434057342 ], [ 90.743982044764607, 25.914848171829732 ], [ 90.748893696321772, 25.911929462470614 ], [ 90.76239888007602, 25.921270852082056 ], [ 90.761152522240693, 25.910703287643418 ], [ 90.781471344367972, 25.907897625852506 ], [ 90.795117885942091, 25.935346154328432 ], [ 90.81332307340621, 25.951748878489244 ], [ 90.827277769543983, 25.944682851196422 ], [ 90.8395926795299, 25.946833530078518 ], [ 90.840131955224663, 25.937775258276602 ], [ 90.846630553213188, 25.944377255455478 ], [ 90.876233172763222, 25.942476136533624 ], [ 90.886333609819772, 25.951297955386266 ], [ 90.899772906559207, 25.937012167629096 ], [ 90.898695425387672, 25.931052111045016 ], [ 90.922386997228941, 25.912833273500315 ], [ 90.919178688908943, 25.942678597211295 ], [ 90.935358172904586, 25.939179258803769 ], [ 90.94605161530373, 25.947074427123841 ], [ 90.963875839081496, 25.927194859860716 ], [ 90.970631625467078, 25.886668064396773 ], [ 91.032338429186467, 25.887487971653197 ], [ 91.029598414504591, 25.866070974294416 ], [ 91.016198285554381, 25.856651692135447 ], [ 91.003832404104742, 25.821720553658277 ], [ 91.023847953145022, 25.822083021911244 ], [ 91.052137540654314, 25.84824810345679 ], [ 91.068923638420117, 25.845848798098185 ], [ 91.08154569733729, 25.852037971868501 ], [ 91.075889761592023, 25.837751340982788 ], [ 91.052902072954495, 25.828339767301731 ], [ 91.066234493721737, 25.819798849191947 ], [ 91.084326630334346, 25.828750125587703 ], [ 91.123716757247522, 25.830720936356336 ], [ 91.15579360971735, 25.84942535328328 ], [ 91.181913233075605, 25.842092602810613 ], [ 91.199363910292618, 25.858332739762151 ], [ 91.205495196832658, 25.839853723819594 ], [ 91.192729658097576, 25.820096632492028 ], [ 91.182735290247351, 25.775658117969165 ], [ 91.191964144484942, 25.762803313225664 ], [ 91.194723937923655, 25.728914253450821 ], [ 91.226569731749208, 25.722727772449538 ], [ 91.258062328953002, 25.747103751577026 ], [ 91.278303997282279, 25.746197701590233 ], [ 91.336286121445227, 25.838046303946701 ], [ 91.356008167819041, 25.836924515440217 ], [ 91.421524733214454, 25.853849229340845 ], [ 91.446987905912991, 25.840130609428702 ], [ 91.471310669205138, 25.858116672702355 ], [ 91.51043201712173, 25.863846611639158 ], [ 91.527946136916952, 25.871923759856969 ], [ 91.53515380915907, 25.883091000580649 ], [ 91.532305266802467, 25.888707914261346 ], [ 91.510344613808584, 25.866488915016237 ], [ 91.477354805288854, 25.870309209832325 ], [ 91.485987463435762, 25.890129737351877 ], [ 91.50586132419977, 25.891212469561015 ], [ 91.511149301311661, 25.90880971064076 ], [ 91.533928571996768, 25.922751215187297 ], [ 91.538511367551635, 25.933028058363348 ], [ 91.508197830660635, 25.912125467549739 ], [ 91.504263536429647, 25.919806997940807 ], [ 91.522422945439757, 25.939935737372355 ], [ 91.521153627073289, 25.957191782474343 ], [ 91.539812016541504, 25.961130565317585 ], [ 91.539948386830332, 25.967411915040621 ], [ 91.553903343468278, 25.973909051728718 ], [ 91.578541833142168, 26.03210653185706 ], [ 91.590819584737204, 26.029138414649296 ], [ 91.599723041934908, 26.016025940480244 ], [ 91.622918845526399, 26.025982469551668 ], [ 91.634787595069355, 26.021351851294842 ], [ 91.635626293867205, 26.003849820230549 ], [ 91.627305781723209, 25.984830622044431 ], [ 91.640495883259504, 25.963782213934014 ], [ 91.632640296215428, 25.943573994016678 ], [ 91.613480312752912, 25.943547518148485 ], [ 91.613676710872809, 25.938879715652842 ], [ 91.65393578317844, 25.906581050229011 ], [ 91.671744165359499, 25.90428463105653 ], [ 91.703355439984307, 25.940755539087515 ], [ 91.722614287356805, 25.952918693195191 ], [ 91.725713909540232, 26.029177660308473 ], [ 91.733824767758648, 26.058063514529817 ], [ 91.762003785177853, 26.070117337953203 ], [ 91.781064784106263, 26.090057982130894 ], [ 91.792899686687591, 26.085819742028065 ], [ 91.821858192812584, 26.117520053605237 ], [ 91.878251701020403, 26.096438509230136 ], [ 91.872559817678251, 26.05089751484126 ], [ 91.885594570533698, 26.02869377668581 ], [ 91.919278213913316, 26.020115191795924 ], [ 91.924366353694538, 25.998169362690387 ], [ 91.936236558336404, 26.013302494643423 ], [ 91.980424364036395, 26.024444349064488 ], [ 91.993314089021538, 26.039610463940441 ], [ 92.036947981718527, 26.038221718993544 ], [ 92.055026258091161, 26.031336932903535 ], [ 92.095487107853813, 26.046983884504087 ], [ 92.135214636445141, 26.044310666560492 ], [ 92.156785389846519, 26.066461289512784 ], [ 92.180418125560351, 26.077888185118354 ], [ 92.180968330245904, 26.067585381451376 ], [ 92.191423702384242, 26.065242958559661 ], [ 92.212467260232259, 26.069443069318982 ], [ 92.243179159550238, 26.060842458235378 ], [ 92.27567080739334, 26.063283538093899 ], [ 92.301625615749941, 26.074966590701223 ], [ 92.342596217214606, 26.106690298191438 ], [ 92.402306778165055, 26.136150983468106 ], [ 92.518274319151473, 26.131756274392647 ], [ 92.556399029373523, 26.106693485263197 ], [ 92.573032344007615, 26.083357667901979 ], [ 92.587014886487736, 26.033352062764781 ], [ 92.56319173860912, 25.983958028425135 ], [ 92.570519314158872, 25.976034115560925 ], [ 92.583690624836635, 25.972524639567268 ], [ 92.626092000759158, 25.991082265652459 ], [ 92.687751947224726, 26.039830684416209 ], [ 92.737755640522167, 26.052851827491509 ], [ 92.777762716880801, 25.966469509757335 ], [ 92.832106187245557, 25.915549700029615 ], [ 92.865480555874115, 25.898122749663443 ], [ 92.949265465162597, 25.871603495269831 ], [ 92.984796139441386, 25.849078780927268 ], [ 93.070329509310469, 25.761217476507206 ], [ 93.115764019678039, 25.73048641555426 ], [ 93.174136594830927, 25.720648602003809 ], [ 93.222395950122888, 25.743440277744735 ], [ 93.234206642736865, 25.779112769508881 ], [ 93.230810282787928, 25.850313797581393 ], [ 93.172468139548897, 25.965297807386477 ], [ 93.108832952490474, 26.056241702816358 ], [ 93.017208499444365, 26.11282419223441 ], [ 92.909416368649644, 26.197569136112456 ], [ 92.873036378052205, 26.212799993899981 ], [ 92.870636787741859, 26.269206791198069 ], [ 92.878252315791116, 26.317452728952894 ], [ 92.914751351568825, 26.382856954149794 ], [ 92.962014600434884, 26.420478980664203 ], [ 93.067771135775288, 26.44587033139679 ], [ 93.107348812998794, 26.513419432799044 ], [ 93.136541954177446, 26.532959376746895 ], [ 93.213558550310452, 26.568005870301882 ], [ 93.570684062809534, 26.603380933445607 ], [ 93.657929130937262, 26.605556096613249 ], [ 93.699976293847783, 26.592097089079029 ], [ 93.75875467511645, 26.557596117775308 ], [ 93.838661087937538, 26.418509342562785 ], [ 93.850288505647839, 26.375909877064043 ], [ 93.858195317606175, 26.299403611975965 ], [ 93.839132172418715, 26.12502187078487 ], [ 93.80759641883111, 26.059344762049864 ], [ 93.773164660550364, 25.961904000621129 ], [ 93.789527661972755, 25.948429195455514 ], [ 93.793362985260686, 25.932570473396993 ], [ 93.788704509774945, 25.928795917188857 ], [ 93.798355327753725, 25.905490744879177 ], [ 93.787451020314393, 25.874728298548252 ], [ 93.791808701377803, 25.865488397614588 ], [ 93.781449482231963, 25.85506378671116 ], [ 93.779772580596187, 25.842097444436973 ], [ 93.791237119458941, 25.811778393894219 ], [ 93.807474666834466, 25.812058819221409 ], [ 93.818727331237938, 25.821926120118693 ], [ 93.824204831948592, 25.842792450932283 ], [ 93.842252462676086, 25.858289444056997 ], [ 93.882569550389377, 25.841498719062809 ], [ 93.9157695474739, 25.883205235866697 ], [ 93.934477156700552, 25.886941177095604 ], [ 93.940046322241869, 25.896469164292775 ], [ 93.959693656729883, 25.900728219013015 ], [ 93.979225932236659, 25.915120471702011 ], [ 93.982528961313676, 25.921716486636033 ], [ 93.970987664069142, 25.940337440564264 ], [ 93.969132354018313, 25.956334169841341 ], [ 93.955962795009413, 25.969727432366426 ], [ 93.960580450736956, 25.992552753656796 ], [ 93.954893589785243, 26.002896618466966 ], [ 93.965921190102605, 26.03796965934783 ], [ 93.991171990632182, 26.068184354366647 ], [ 93.986507784909307, 26.083863870326962 ], [ 94.002269329627481, 26.106941787431328 ], [ 93.9913714571246, 26.113700803190724 ], [ 93.998460108346478, 26.126561331053864 ], [ 93.990899641422999, 26.129469545276439 ], [ 94.0053722505927, 26.137440451671875 ], [ 93.99983417919907, 26.15384063723506 ], [ 94.004999809545879, 26.168879917007086 ], [ 94.035932702586834, 26.198761002889668 ], [ 94.038426899675002, 26.225106188764048 ], [ 94.049399203828514, 26.24579572670519 ], [ 94.064896359430207, 26.257339662815749 ], [ 94.070709874401942, 26.255585015678072 ], [ 94.077103506047024, 26.280767861054503 ], [ 94.102971183356544, 26.304225710444044 ], [ 94.108351511649815, 26.321941353651763 ], [ 94.129000273156194, 26.318748542269255 ], [ 94.119675229491151, 26.329231261090079 ], [ 94.139072264221682, 26.337045502373353 ], [ 94.146988441081703, 26.330900433847688 ], [ 94.175778584279087, 26.339650849022217 ], [ 94.180279285119298, 26.349549465912233 ], [ 94.167954532814093, 26.348765841690742 ], [ 94.164777760164753, 26.355585960024623 ], [ 94.175921781777703, 26.367210421520205 ], [ 94.179421557642456, 26.38419344709726 ], [ 94.174409613012443, 26.416403689264385 ], [ 94.186993471570773, 26.456035588457116 ], [ 94.20154639883873, 26.465402296581129 ], [ 94.211946279882085, 26.485360695750522 ], [ 94.240350446280573, 26.506911967964438 ], [ 94.282776482481651, 26.558989294596195 ], [ 94.290287375703755, 26.559549988795794 ], [ 94.285401052235102, 26.535713365562202 ], [ 94.294278574472088, 26.476079017274575 ], [ 94.303632899931131, 26.462565772582224 ], [ 94.316799848090099, 26.458200874539965 ], [ 94.324212089568661, 26.47466042774888 ], [ 94.352386322192018, 26.490990948605116 ], [ 94.355850596732751, 26.498692208566467 ], [ 94.351440305067186, 26.503872748669465 ], [ 94.377939592718818, 26.508330233812213 ], [ 94.378608530071602, 26.520481022987621 ], [ 94.399778588407159, 26.527506136305764 ], [ 94.408273121471325, 26.544892972298676 ], [ 94.405142947219446, 26.550432839765193 ], [ 94.412303424616539, 26.553636288186986 ], [ 94.408121836593978, 26.556629255079535 ], [ 94.415228136857991, 26.578488549371421 ], [ 94.406437581673686, 26.597187670369095 ], [ 94.408311735562023, 26.609596175280224 ], [ 94.454965188941571, 26.634220811727808 ], [ 94.462923211935305, 26.630641639661938 ], [ 94.459033629441237, 26.650557919510828 ], [ 94.468413183711036, 26.665016603498714 ], [ 94.498715570078957, 26.668864020795287 ], [ 94.515959105769781, 26.68243328027005 ], [ 94.523210548717145, 26.699513244888571 ], [ 94.528214797443169, 26.696404384043653 ], [ 94.54552241440939, 26.70600352349194 ], [ 94.563863964430382, 26.702428451636361 ], [ 94.563360070605896, 26.685678101538429 ], [ 94.57509395052098, 26.686044999118817 ], [ 94.571913215143638, 26.691250446279302 ], [ 94.583214349506008, 26.700596685644495 ], [ 94.592814089506703, 26.697717775674434 ], [ 94.596591941114497, 26.713191865440198 ], [ 94.605083622316769, 26.712204589618928 ], [ 94.603603982620669, 26.718804815108495 ], [ 94.593756589308697, 26.721157283806338 ], [ 94.604580617077573, 26.734299847304264 ], [ 94.610497529504087, 26.735115223881024 ], [ 94.623111555396335, 26.714489951988572 ], [ 94.653749870685502, 26.718531594211271 ], [ 94.68694900757535, 26.727430128289697 ], [ 94.736857435224763, 26.762192433581273 ], [ 94.746155719105673, 26.776917022777948 ], [ 94.756713332367923, 26.767018240529222 ], [ 94.773463182289717, 26.789700887659084 ], [ 94.802567197243633, 26.800757176617569 ], [ 94.805700203979399, 26.806899957817038 ], [ 94.797023541710544, 26.81324939316336 ], [ 94.813432346432037, 26.819467140571799 ], [ 94.821505993612263, 26.849192574543856 ], [ 94.851972118495752, 26.876045310040354 ], [ 94.870116336271963, 26.909725759650122 ], [ 94.894963132500948, 26.932019744291164 ], [ 94.928639454358759, 26.946748027298042 ], [ 94.934050791093384, 26.933155463150012 ], [ 94.957720297823286, 26.938116937505288 ], [ 94.98602338215909, 26.912723248302175 ], [ 94.992401684128282, 26.912847700929536 ], [ 94.993431146317747, 26.920621612036623 ], [ 95.021676956890673, 26.919800560832027 ], [ 95.038380725320508, 26.932870102085911 ], [ 95.087167489157821, 26.947048229885297 ], [ 95.110366458011427, 26.961181610902113 ], [ 95.11727449707044, 26.977961799534782 ], [ 95.149804262728395, 26.994073886466584 ], [ 95.198815405228601, 27.038630912728394 ], [ 95.214139320827556, 27.027634836929018 ], [ 95.231229965234007, 27.039843733398275 ], [ 95.248501280551864, 27.024323003141273 ], [ 95.277899783068847, 27.04380338926666 ], [ 95.278117650117096, 27.050818478373305 ], [ 95.313502819239062, 27.0807629152375 ], [ 95.348924933217759, 27.098732007449328 ], [ 95.366772726339434, 27.106794270148164 ], [ 95.377260565606619, 27.096080628858093 ], [ 95.420544202819016, 27.124636723921544 ], [ 95.451017869031432, 27.132636470277564 ], [ 95.458052795168712, 27.129418970887361 ], [ 95.466130370384292, 27.148595311476011 ], [ 95.459011923812028, 27.157100914116967 ], [ 95.46830937089176, 27.166110514118152 ], [ 95.464007701644775, 27.175961072046832 ], [ 95.468986196385728, 27.184351270614624 ], [ 95.460114340016972, 27.20734193920541 ], [ 95.469818090254705, 27.212150570163036 ], [ 95.487664914543572, 27.239935770561654 ], [ 95.506692049320279, 27.24850068419056 ], [ 95.51661908607106, 27.26251192817606 ], [ 95.520894642133399, 27.257600603492779 ], [ 95.535241074979652, 27.26446150796933 ], [ 95.556516585008154, 27.248134863589669 ], [ 95.574820416169871, 27.244780680470605 ], [ 95.590372185369318, 27.22316300543579 ], [ 95.637260202230649, 27.230455172227352 ], [ 95.6846710052166, 27.250886401352016 ], [ 95.721307174472031, 27.25099034898264 ], [ 95.740142168265848, 27.263256156623537 ], [ 95.784867680793354, 27.272415514699226 ], [ 95.806474396619464, 27.284991914669686 ], [ 95.810363988252973, 27.274141330704495 ], [ 95.860610726595354, 27.287334096289722 ], [ 95.860956638555592, 27.272890470911072 ], [ 95.872448366906212, 27.259956434563758 ], [ 95.898136888512212, 27.257278350557186 ], [ 95.906519477448271, 27.284886935628105 ], [ 95.963286151386953, 27.309988598430014 ], [ 95.968809301329827, 27.324770319761136 ], [ 95.984295676556968, 27.327245968685492 ], [ 95.970138264962685, 27.329916023547003 ], [ 95.99378660639519, 27.344360769702412 ], [ 95.997086344422456, 27.356412890320264 ], [ 96.01331107813597, 27.356928872425708 ], [ 96.021044992937433, 27.364149356095037 ], [ 96.0022323953783, 27.386476880060084 ], [ 95.989731546070999, 27.414789090852235 ], [ 95.979783918585085, 27.414954581978296 ], [ 95.978084668768147, 27.428637633984561 ], [ 95.97359708700661, 27.429897914830203 ], [ 95.968293717848951, 27.417245626171042 ], [ 95.967338441418391, 27.429826235455202 ], [ 95.961349747669942, 27.421871606486203 ], [ 95.953291912549204, 27.426462243208956 ], [ 95.95023742717521, 27.438238187279158 ], [ 95.917212732631938, 27.436452791247341 ], [ 95.893381653263575, 27.399319573572882 ], [ 95.889069936480226, 27.437435789186608 ], [ 95.865307176942039, 27.42240093637923 ], [ 95.867700696974794, 27.410504103836015 ], [ 95.849767526243056, 27.423741609912792 ], [ 95.853360836476185, 27.438205826473194 ], [ 95.864244637971694, 27.445457596838462 ], [ 95.861647692087843, 27.459764387213525 ], [ 95.876721030039775, 27.464558672650053 ], [ 95.879575264248814, 27.492688065920188 ], [ 95.890165674448639, 27.499662460201659 ], [ 95.879043612037691, 27.513373491743675 ], [ 95.881986313550286, 27.546840766297091 ], [ 96.00542811964425, 27.55627296350422 ], [ 96.065055958456526, 27.605953291468257 ], [ 96.1293257558319, 27.619179866588901 ], [ 96.211638664618221, 27.579333904052426 ], [ 96.279568879038649, 27.558594971944537 ], [ 96.299252208508918, 27.55794045539966 ], [ 96.337728220148989, 27.593880735079441 ], [ 96.355422850959329, 27.62414358954873 ], [ 96.397712544308391, 27.648294601745736 ], [ 96.514763093248277, 27.64180815457453 ], [ 96.607160272269908, 27.646331428123574 ], [ 96.661753289063526, 27.633340651185314 ], [ 96.703607188248029, 27.66005688571709 ] ] ] } },
{ "type": "Feature", "properties": { "objectid": 9, "ae_regcode": 18, "physio_reg": "EASTERN COASTAL PLAIN  HOT SUBHUMID TO SEMI-ARID EGO-REGION", "area_sqkm": 12632.254773500001, "shape_Leng": 5622361.6856000004, "shape_Area": 82819282452.600006 }, "geometry": { "type": "MultiPolygon", "coordinates": [ [ [ [ 87.964417005631688, 22.094601001006716 ], [ 87.981743005605423, 22.098751000236962 ], [ 88.008056005783686, 22.073610000558322 ], [ 88.01776900548343, 22.040280000209041 ], [ 88.051941005945793, 22.015000000811845 ], [ 88.052223005844127, 22.007499000333606 ], [ 87.972191585991183, 21.840268759260212 ], [ 87.926256168858572, 21.794847473526776 ], [ 87.896647135531055, 21.781978605780644 ], [ 87.894196313832381, 21.771083437695061 ], [ 87.835187118597119, 21.715083758719494 ], [ 87.784893676652487, 21.68702025257388 ], [ 87.754708144736611, 21.682187206002354 ], [ 87.73076892781809, 21.658403175423814 ], [ 87.695891115228022, 21.640623239113804 ], [ 87.573994367237773, 21.617134863015583 ], [ 87.564058877226202, 21.620662163924852 ], [ 87.550608695057747, 21.611219577903508 ], [ 87.468732974828299, 21.597903211802933 ], [ 87.433443883412664, 21.577452635781576 ], [ 87.410079586397487, 21.544871688597624 ], [ 87.384476266039613, 21.572893480644307 ], [ 87.347273647531296, 21.580455844376058 ], [ 87.338480623756368, 21.576327542402534 ], [ 87.343728851997398, 21.569549018897593 ], [ 87.373560813910899, 21.562461707752437 ], [ 87.398139262533874, 21.538899810131635 ], [ 87.396564353568323, 21.532169011850659 ], [ 87.361432545178204, 21.541140212757067 ], [ 87.319901029279379, 21.541039809192561 ], [ 87.204662193958541, 21.530451882959564 ], [ 87.128592549256922, 21.494817539976147 ], [ 87.091336374062834, 21.460390726082139 ], [ 87.070158526369923, 21.462062788286691 ], [ 87.065379394208634, 21.440767441133158 ], [ 87.052647856202142, 21.428709503482246 ], [ 86.986578859030431, 21.388795573582133 ], [ 86.947349060380802, 21.352007313741076 ], [ 86.893052537156507, 21.254511692362446 ], [ 86.865640642793267, 21.221787745352824 ], [ 86.849345131744073, 21.187226933585897 ], [ 86.843183436138943, 21.156943239424216 ], [ 86.854236112016835, 21.095827208791547 ], [ 86.875152043447471, 21.043734291113832 ], [ 86.979179573330725, 20.860037591066522 ], [ 86.974218937572047, 20.793065376643064 ], [ 86.95876048451899, 20.78721840718735 ], [ 86.892151990010419, 20.792493709422697 ], [ 86.883362574711938, 20.795135892465058 ], [ 86.879960824017871, 20.808169054673044 ], [ 86.87177562206837, 20.793607629173895 ], [ 86.823098957994759, 20.769321462827321 ], [ 86.817641633130791, 20.752140306273446 ], [ 86.798512649471604, 20.754548234361938 ], [ 86.794436935046889, 20.745237025921792 ], [ 86.802049205742406, 20.734483337328861 ], [ 86.821852640347331, 20.731353506642009 ], [ 86.830768802369846, 20.754955954180232 ], [ 86.863244471300973, 20.773941660279192 ], [ 86.88126939041004, 20.773049714771012 ], [ 86.904727735570845, 20.76180968138339 ], [ 86.931460738898949, 20.766721202096779 ], [ 86.951219948994193, 20.762885606848435 ], [ 86.985149982170057, 20.772205269311396 ], [ 86.999330345382177, 20.762962094205864 ], [ 87.009723152898488, 20.72743017225589 ], [ 87.006575671501167, 20.713084902636595 ], [ 86.94402053705889, 20.717280974753329 ], [ 86.903211212729829, 20.709622126010625 ], [ 86.929110528569311, 20.703010344264214 ], [ 86.96894300904728, 20.705965064251721 ], [ 86.973369695710744, 20.701462927947148 ], [ 86.962285949821251, 20.691782796598922 ], [ 86.965819862419281, 20.688452853915624 ], [ 86.977830354172809, 20.696961418757798 ], [ 87.014722993777227, 20.694395946510273 ], [ 87.057068500500336, 20.715300437149764 ], [ 86.822754256246171, 20.556385351413894 ], [ 86.787198342915232, 20.52876538983325 ], [ 86.76968331876347, 20.505300467529871 ], [ 86.754536782742846, 20.517100372933882 ], [ 86.760194976820273, 20.49351317067622 ], [ 86.750234726653176, 20.47222535734161 ], [ 86.735353524242001, 20.481704852613763 ], [ 86.725653963971112, 20.479435202237422 ], [ 86.738579444869643, 20.460293393529511 ], [ 86.733186732658339, 20.410526392048219 ], [ 86.724830793689378, 20.397090141351331 ], [ 86.713242789028158, 20.400308737707775 ], [ 86.712046353408866, 20.395377796355021 ], [ 86.72710519715406, 20.377332117177996 ], [ 86.738658055427493, 20.396257392681225 ], [ 86.747041596043189, 20.390231331343958 ], [ 86.746198553317029, 20.377966506657128 ], [ 86.776519070608643, 20.389402794134252 ], [ 86.781010830140715, 20.380812728534334 ], [ 86.772657704367717, 20.370555073519331 ], [ 86.782797212366347, 20.368962535615481 ], [ 86.777814823537426, 20.343840029948712 ], [ 86.783854303659965, 20.325938127598008 ], [ 86.704788954873067, 20.279831822039132 ], [ 86.672991619664188, 20.268072331820395 ], [ 86.67367349364153, 20.25834542573315 ], [ 86.608201833072187, 20.22722233450968 ], [ 86.538253782389276, 20.179954740613724 ], [ 86.479818980645405, 20.091670169990746 ], [ 86.442957378271458, 20.052494120548456 ], [ 86.437135898374905, 20.057459092174348 ], [ 86.429008698112852, 20.052806784810954 ], [ 86.407206320643894, 20.006002068927099 ], [ 86.399676821352401, 19.998610977582047 ], [ 86.382075695414926, 20.001190174507549 ], [ 86.378546907250879, 19.982296291342351 ], [ 86.368228098585433, 19.974919844693332 ], [ 86.375186732279502, 19.951663025522901 ], [ 86.298746697078684, 19.934460214548096 ], [ 86.245848359258915, 19.908338232605793 ], [ 86.241490099114003, 19.909877917594336 ], [ 86.246292591141568, 19.922578578278028 ], [ 86.228115163374383, 19.932840763936145 ], [ 86.221123890891292, 19.908655932291683 ], [ 86.232469831387363, 19.898264682775469 ], [ 86.211575120577322, 19.887963496258358 ], [ 86.092433998284321, 19.853876602693489 ], [ 86.068462989631328, 19.852354061111452 ], [ 86.045473553718423, 19.841488585251291 ], [ 85.908729326440067, 19.819870898005661 ], [ 85.696374892667478, 19.751335274203729 ], [ 85.336771161996353, 19.575183514343681 ], [ 85.214147423995072, 19.494057931708031 ], [ 85.127076215994421, 19.42713748124806 ], [ 85.099667662270377, 19.403401673740856 ], [ 85.090073866437422, 19.377484949426197 ], [ 84.967138318301252, 19.304013144950872 ], [ 84.91503103373438, 19.265696421217537 ], [ 84.849520297266693, 19.202492784982606 ], [ 84.808751596303225, 19.153283104766043 ], [ 84.75544750263073, 19.054767966461359 ], [ 84.740373156587935, 19.058206668916409 ], [ 84.727972525430957, 19.051337113635931 ], [ 84.725017786313117, 19.030017642625115 ], [ 84.732529970817751, 19.031045389417976 ], [ 84.74269569104969, 19.049862894244676 ], [ 84.743396273747308, 19.035003449459623 ], [ 84.710880899376463, 19.001830906534458 ], [ 84.686403427434641, 18.962970969165557 ], [ 84.622411919644847, 18.906115985499877 ], [ 84.597832635196767, 18.874694074161809 ], [ 84.55749045133544, 18.874057339012992 ], [ 84.580242044232435, 18.867668216635888 ], [ 84.583054821565668, 18.857107959461459 ], [ 84.556602792423178, 18.801675637342669 ], [ 84.553593105000544, 18.783314891123634 ], [ 84.493329168671139, 18.733928454172812 ], [ 84.445544898856284, 18.673576409462356 ], [ 84.434927842570943, 18.678469397689131 ], [ 84.428574654831223, 18.669700095907373 ], [ 84.411693889669237, 18.666902502869593 ], [ 84.443382133640114, 18.658581607274684 ], [ 84.387294247097444, 18.609963032507153 ], [ 84.357237590230994, 18.563861852668804 ], [ 84.348456628979704, 18.565240409705918 ], [ 84.348143880369236, 18.58308127815619 ], [ 84.333598422562886, 18.573357220750083 ], [ 84.3344366372379, 18.558470444228121 ], [ 84.314915834411607, 18.560611542679023 ], [ 84.310736792373433, 18.54374934245336 ], [ 84.274297877054849, 18.518736587782442 ], [ 84.274167966679869, 18.511627669046884 ], [ 84.347761229185849, 18.555203679510836 ], [ 84.349065523120274, 18.548375658554715 ], [ 84.221520938914082, 18.441844154622839 ], [ 84.136589832791287, 18.35064568504669 ], [ 84.104196014658115, 18.348974676238921 ], [ 84.061076734952366, 18.335889866901933 ], [ 83.992668138051357, 18.358265141065001 ], [ 83.99299529953862, 18.349703108024883 ], [ 84.058597179150013, 18.325194066094294 ], [ 84.11944321386747, 18.339042206396211 ], [ 84.127387014930378, 18.328647652011615 ], [ 84.118364997657565, 18.301004972086286 ], [ 84.057862288305756, 18.263418052313668 ], [ 83.976869830690518, 18.230365377956783 ], [ 83.95427429764554, 18.213618331308481 ], [ 83.927033431056316, 18.22496399870597 ], [ 83.932690632851305, 18.208153366855854 ], [ 83.886455780004283, 18.19134006071268 ], [ 83.869443247524345, 18.170898408522611 ], [ 83.776662704928796, 18.138955900276745 ], [ 83.679799499288279, 18.084211792086339 ], [ 83.660758238028009, 18.084115409656441 ], [ 83.657334014971511, 18.081605346589416 ], [ 83.667931154854472, 18.072511010313317 ], [ 83.618812878292459, 18.044346223801849 ], [ 83.582685508614432, 18.011968232395716 ], [ 83.556042716947957, 18.019392293668833 ], [ 83.56604658289929, 18.002116813456677 ], [ 83.554256327336958, 17.962562680831518 ], [ 83.474719305698812, 17.910542328719544 ], [ 83.445998995638064, 17.920414707436073 ], [ 83.453424207406712, 17.880153325311408 ], [ 83.414263758684271, 17.841459574727843 ], [ 83.403674542502301, 17.843595479090389 ], [ 83.419376400459498, 17.825098798379305 ], [ 83.416261757273119, 17.807350948883201 ], [ 83.378105256836449, 17.767552939047913 ], [ 83.355789313277768, 17.752981218122621 ], [ 83.340275899256056, 17.714166736488533 ], [ 83.304430404409445, 17.695708040071899 ], [ 83.289915986470348, 17.66191206242587 ], [ 83.241347139111383, 17.625321767531105 ], [ 83.227754018903568, 17.628706385800243 ], [ 83.215528072485398, 17.646598458068212 ], [ 83.198156822533932, 17.638064755997434 ], [ 83.201573951756075, 17.622776312230737 ], [ 83.23105691761387, 17.615781499813483 ], [ 83.230429707127598, 17.60353882348927 ], [ 83.218877068414088, 17.591032334717639 ], [ 83.146962818854504, 17.549047287774265 ], [ 83.105917500133486, 17.538893793780282 ], [ 83.110886180938166, 17.55105719367781 ], [ 83.103109170421249, 17.5490460065887 ], [ 83.085725944810804, 17.530335247609329 ], [ 83.014062701905331, 17.500523482347273 ], [ 82.991029186544893, 17.469764864254632 ], [ 82.945049562104657, 17.452870871352179 ], [ 82.840022613502512, 17.399584820179506 ], [ 82.753095517326827, 17.366161130053591 ], [ 82.623044814788216, 17.295014822129964 ], [ 82.54856846950392, 17.247776904189227 ], [ 82.445541743717115, 17.16411200185221 ], [ 82.305859854247331, 17.029596476462405 ], [ 82.283617992108518, 16.995605408520202 ], [ 82.269685995766253, 16.9334216157167 ], [ 82.252850500806659, 16.931348734306422 ], [ 82.24948904099935, 16.890876595365643 ], [ 82.262279692318828, 16.883482063963527 ], [ 82.26971577594594, 16.867058331475651 ], [ 82.27959133211327, 16.868997375917154 ], [ 82.282737178919206, 16.861435707497169 ], [ 82.309675109042757, 16.853013297574769 ], [ 82.315859159295073, 16.839910077790531 ], [ 82.320842611059348, 16.83942405782668 ], [ 82.325267732268998, 16.850701233696217 ], [ 82.352109069423904, 16.849304815969454 ], [ 82.358427413328386, 16.815209520113218 ], [ 82.3629864519867, 16.818499766718119 ], [ 82.366026558714779, 16.928035115412868 ], [ 82.354274465368604, 16.95520589828276 ], [ 82.33548055453619, 16.973245874294967 ], [ 82.33681697172031, 16.983479361780116 ], [ 82.351165358260687, 16.972734052530463 ], [ 82.367874055589112, 16.939665842807955 ], [ 82.375460570846315, 16.87947466566381 ], [ 82.375645121899353, 16.842541837973471 ], [ 82.348690429360673, 16.750623649950541 ], [ 82.350458936072371, 16.721457761806608 ], [ 82.33029966858966, 16.728600502348126 ], [ 82.320222767857686, 16.724599695694526 ], [ 82.342522884875009, 16.709808501765579 ], [ 82.339927852462395, 16.688638750259869 ], [ 82.356443767262391, 16.692257636370325 ], [ 82.358566977522969, 16.705236427297358 ], [ 82.367872798595926, 16.701766405467094 ], [ 82.323766623491494, 16.650806355032106 ], [ 82.336065883937536, 16.616667213653393 ], [ 82.332317472705526, 16.579799117900794 ], [ 82.324687444580945, 16.573271905809918 ], [ 82.313174719874397, 16.585874658823496 ], [ 82.328003217462822, 16.583922663594684 ], [ 82.322460863420915, 16.623819256792359 ], [ 82.31466931917268, 16.625739560906904 ], [ 82.308418841189138, 16.604230867509298 ], [ 82.289782946149259, 16.620387337409376 ], [ 82.28897572889997, 16.611037410285412 ], [ 82.304587764939441, 16.591367968492612 ], [ 82.298218328906387, 16.570484042781104 ], [ 82.263471968586998, 16.558165823508599 ], [ 82.28610100356407, 16.554613751867073 ], [ 82.316182215875344, 16.559295982469681 ], [ 82.313232935590165, 16.554776275081355 ], [ 82.248836534442802, 16.542167363795389 ], [ 82.149337087145796, 16.48717126461111 ], [ 82.200018190280275, 16.55849528754343 ], [ 82.197635819331737, 16.564750009872867 ], [ 82.18019115640935, 16.561080307488044 ], [ 82.16428453071056, 16.549763841551737 ], [ 82.143229011692299, 16.517393721961394 ], [ 82.140709613301865, 16.484391310767354 ], [ 82.021733967059916, 16.430484841607875 ], [ 81.967528224047484, 16.396223423237085 ], [ 81.962544835702758, 16.407800707807663 ], [ 81.969348847373112, 16.435973857806783 ], [ 81.964941586326731, 16.437372211333148 ], [ 81.945138576865816, 16.394343995831345 ], [ 81.854568932305483, 16.370513885055164 ], [ 81.725793477963535, 16.307442917204209 ], [ 81.722867816949389, 16.312881819026259 ], [ 81.734993731936427, 16.348920940495589 ], [ 81.734731117430883, 16.356531034461128 ], [ 81.724806490162138, 16.355718937177315 ], [ 81.724428255515662, 16.332044010560587 ], [ 81.708753897897807, 16.302760006680145 ], [ 81.701626493304133, 16.304956110676006 ], [ 81.697056179231126, 16.321976226122615 ], [ 81.660783387366394, 16.336012260016325 ], [ 81.572819554853695, 16.348033768182258 ], [ 81.565091184122096, 16.355968147510939 ], [ 81.580484627232721, 16.360181375114013 ], [ 81.56645389432579, 16.367868892552966 ], [ 81.549531963271392, 16.390286626917938 ], [ 81.554467606397523, 16.36014785139686 ], [ 81.528634242041619, 16.350757948588946 ], [ 81.403214641801426, 16.336948459457354 ], [ 81.403242082273024, 16.346030426862477 ], [ 81.390820610319594, 16.353180410937647 ], [ 81.399024139048507, 16.360112587904652 ], [ 81.409300894135967, 16.356043559214037 ], [ 81.407843649562366, 16.371159590137559 ], [ 81.41375053812888, 16.375522843422495 ], [ 81.408557726009036, 16.381386984646856 ], [ 81.383815951974668, 16.360049756661851 ], [ 81.368084917630014, 16.355988031541195 ], [ 81.343429063738981, 16.366432693682921 ], [ 81.312756348859423, 16.360215108257442 ], [ 81.313164266873699, 16.352469880028316 ], [ 81.302818969887156, 16.343475741006273 ], [ 81.321231359020544, 16.342364495808635 ], [ 81.291310921704067, 16.32549395661599 ], [ 81.25834339435707, 16.318998061034144 ], [ 81.246077208780306, 16.304391526765002 ], [ 81.266447479743604, 16.2900323752473 ], [ 81.263167747314597, 16.27887168123641 ], [ 81.241380551683434, 16.260652936197424 ], [ 81.267118988363151, 16.270715836276967 ], [ 81.222630079239906, 16.226911329103284 ], [ 81.211545964398582, 16.204866597308154 ], [ 81.184898294225746, 16.084368456050179 ], [ 81.147582552412743, 16.019179210733281 ], [ 81.152852441663526, 15.974766278082456 ], [ 81.129424839495144, 15.982397200436703 ], [ 81.108824065874941, 16.005124406962754 ], [ 81.09876083856517, 16.008019552615831 ], [ 81.08375419374093, 16.001891590743632 ], [ 81.109202908617902, 15.996288287754739 ], [ 81.140605189833295, 15.962168381335889 ], [ 81.04529579383059, 15.897165590601631 ], [ 81.009979172174084, 15.84920244676425 ], [ 80.996038082770738, 15.824328475807167 ], [ 81.011625721358868, 15.775640313085368 ], [ 81.007141989772748, 15.762524543172869 ], [ 80.95679237723364, 15.806923827500373 ], [ 80.949161884192378, 15.811322268686126 ], [ 80.939994379267347, 15.807177021326371 ], [ 80.989355757619521, 15.76055926663923 ], [ 80.960135301246737, 15.735808435066115 ], [ 80.936855848337302, 15.729698730867465 ], [ 80.899830965861781, 15.765967560042494 ], [ 80.870374815773985, 15.822640551877146 ], [ 80.862923607862896, 15.822052891401114 ], [ 80.860865361233479, 15.812218120247168 ], [ 80.916761717993836, 15.730818991695555 ], [ 80.869542684679857, 15.720588870518336 ], [ 80.838744884106646, 15.706641528049085 ], [ 80.804016273331001, 15.716214554989289 ], [ 80.804830798881881, 15.750108652180712 ], [ 80.819732185575816, 15.744263334398026 ], [ 80.812306824507374, 15.770207721708413 ], [ 80.815886314451618, 15.809358473768226 ], [ 80.807741291717875, 15.835502235192363 ], [ 80.785697168186843, 15.859826687536836 ], [ 80.755872843873618, 15.880164578025358 ], [ 80.730542409490425, 15.886190161523775 ], [ 80.640696357868293, 15.878396403101332 ], [ 80.579101806192327, 15.866526874002794 ], [ 80.534199531245974, 15.850108417241197 ], [ 80.555792559813241, 15.865301146103807 ], [ 80.498234669990808, 15.857117422355415 ], [ 80.520001486632935, 15.852493925584405 ], [ 80.521232894796043, 15.845943448020099 ], [ 80.359707819354398, 15.763774860874749 ], [ 80.277453313720002, 15.682073124603095 ], [ 80.239575252844844, 15.614145761812107 ], [ 80.222315190559343, 15.545013094218046 ], [ 80.206769933066326, 15.547395785090371 ], [ 80.175488481314929, 15.573256469479244 ], [ 80.167581393670844, 15.559448357958285 ], [ 80.135656154737333, 15.558503514474571 ], [ 80.140316638504956, 15.550126786980352 ], [ 80.185550313672309, 15.559700130136488 ], [ 80.213492517315785, 15.531207495066509 ], [ 80.206540272140913, 15.509077861989509 ], [ 80.183963706262602, 15.490694723059457 ], [ 80.196273826284397, 15.490765268585513 ], [ 80.208592272878093, 15.50243624184041 ], [ 80.210146874489467, 15.495086425118679 ], [ 80.196694006023023, 15.462547615912211 ], [ 80.130492290779358, 15.380487436981333 ], [ 80.102707107519493, 15.334151340663224 ], [ 80.080522688930529, 15.267034732899376 ], [ 80.087292208015981, 15.21589455817297 ], [ 80.083762462462758, 15.195298165900338 ], [ 80.071297341450475, 15.193320654168954 ], [ 80.047582260410607, 15.213151893987504 ], [ 80.030214689404374, 15.210775900644373 ], [ 80.073655885412691, 15.181858930820074 ], [ 80.051040691196192, 15.112681896131448 ], [ 80.045667060603819, 15.049600531569785 ], [ 80.051003734631067, 15.007233922788517 ], [ 80.066328232116732, 14.974650604245996 ], [ 80.093155383972402, 14.833220855526982 ], [ 80.093291441413896, 14.826868745154716 ], [ 80.085677096222724, 14.825139264447763 ], [ 80.088805200895763, 14.814290734927875 ], [ 80.074550644213375, 14.813720716898596 ], [ 80.09075428502986, 14.800680479609984 ], [ 80.114038801426688, 14.733231270177026 ], [ 80.132266467431663, 14.709175512282629 ], [ 80.133725769421162, 14.695423301168834 ], [ 80.120400248408032, 14.69017276627233 ], [ 80.121373423509837, 14.683196648648568 ], [ 80.12910591454623, 14.681804491576823 ], [ 80.139170356834668, 14.693855191586449 ], [ 80.145368656456881, 14.69123274580898 ], [ 80.164291533291419, 14.620783154029519 ], [ 80.183878345180517, 14.589830367365629 ], [ 80.093459223620215, 14.534388302036165 ], [ 80.115571755404005, 14.529858242866498 ], [ 80.143214489647036, 14.555542853979947 ], [ 80.170620653146074, 14.566700269624572 ], [ 80.194646122800265, 14.563918059696372 ], [ 80.179316001662286, 14.456929856861388 ], [ 80.172991177982453, 14.346551381964588 ], [ 80.146652965251732, 14.283755046080392 ], [ 80.145875919772379, 14.254254924106565 ], [ 80.123686862573948, 14.242452740800832 ], [ 80.137485250803806, 14.237295841003061 ], [ 80.128801971220156, 14.184321203638682 ], [ 80.1295763325368, 14.141127233259935 ], [ 80.153691786756553, 14.024283545796314 ], [ 80.144068925014551, 14.017501331415982 ], [ 80.158968244889024, 13.99299327647293 ], [ 80.16567047620191, 13.998928121230607 ], [ 80.169395002023791, 13.992372849485182 ], [ 80.238255338278606, 13.828868423550141 ], [ 80.237891805161055, 13.80936228493546 ], [ 80.24765931165021, 13.797478978940049 ], [ 80.248162855656986, 13.758614575338127 ], [ 80.235521053135017, 13.68337221980903 ], [ 80.240691346559458, 13.634650479644709 ], [ 80.28400400537258, 13.5341413616732 ], [ 80.295639977987392, 13.489135712279355 ], [ 80.318762439930296, 13.456531462336642 ], [ 80.317387826880818, 13.450084660413491 ], [ 80.310203245725333, 13.450408649310457 ], [ 80.310933806233678, 13.432316420803017 ], [ 80.289005880930816, 13.440255698036861 ], [ 80.280867257653128, 13.427978442038674 ], [ 80.292895911826264, 13.415736099746102 ], [ 80.287031650299383, 13.412048460568791 ], [ 80.2888880851919, 13.402830351516739 ], [ 80.325121855773688, 13.383171375772324 ], [ 80.329472637644301, 13.390167583126791 ], [ 80.324411384567554, 13.435483384549105 ], [ 80.329333306998379, 13.438471386551091 ], [ 80.346305406902786, 13.293431102083124 ], [ 80.297694994306809, 13.125484410090573 ], [ 80.305698928167999, 13.094740333489202 ], [ 80.287392793700349, 13.063227319600557 ], [ 80.260222454253693, 12.937281474984955 ], [ 80.246844784589229, 12.800588398260913 ], [ 80.255544793434609, 12.781417472795631 ], [ 80.253865315494053, 12.766880832388582 ], [ 80.182072956297063, 12.555965637200645 ], [ 80.163834453670646, 12.517174522980199 ], [ 80.162427077274174, 12.470683821870042 ], [ 80.149295274033179, 12.469583918372557 ], [ 80.149909837077701, 12.459383978723814 ], [ 80.140428410401654, 12.457741554790191 ], [ 80.148872066391377, 12.448178234241915 ], [ 80.131058235197031, 12.44708826859855 ], [ 80.13823908398173, 12.432456160703733 ], [ 80.01914888848475, 12.282065322751874 ], [ 79.990400646142731, 12.227467392987277 ], [ 79.888211028495377, 12.070091104839415 ], [ 79.845943411172684, 11.976350656291116 ], [ 79.797780936060732, 11.797480549093448 ], [ 79.790059042636813, 11.747105296360919 ], [ 79.784837953442519, 11.738158837851033 ], [ 79.76697965005981, 11.744499501583977 ], [ 79.785581420631772, 11.72932296155623 ], [ 79.759260056536263, 11.612582115028756 ], [ 79.763203041886143, 11.537525723804828 ], [ 79.808026407012193, 11.446366706345573 ], [ 79.824679764634126, 11.364478229694702 ], [ 79.800859820072446, 11.376354644642678 ], [ 79.798700923659865, 11.368629247492747 ], [ 79.814123466642471, 11.358417800047857 ], [ 79.812392470102182, 11.344334050056904 ], [ 79.822332054268173, 11.355364278634285 ], [ 79.840129380560725, 11.352456412051097 ], [ 79.83509869157028, 11.300456243100463 ], [ 79.853938076092589, 11.195248601663884 ], [ 79.858232981661828, 11.11117627676648 ], [ 79.851916041083669, 10.915527532118292 ], [ 79.844180587083855, 10.905654742475367 ], [ 79.848609236030313, 10.879845732181428 ], [ 79.83551489495666, 10.873765821306453 ], [ 79.848848738197816, 10.87078725561887 ], [ 79.849841619395761, 10.822955972020953 ], [ 79.835763458113334, 10.811470708025199 ], [ 79.850147523586429, 10.809017411075304 ], [ 79.861500470511899, 10.492634190307374 ], [ 79.878712403980998, 10.28731348243023 ], [ 79.794811088302779, 10.271314137149339 ], [ 79.783936967323498, 10.292221364175447 ], [ 79.759274974905452, 10.310664902673516 ], [ 79.739164667383264, 10.316242155275708 ], [ 79.728648367893001, 10.329926249211404 ], [ 79.704122498314845, 10.328845808262331 ], [ 79.723813135974979, 10.310396440838341 ], [ 79.714794321782975, 10.311186321086508 ], [ 79.637886598659463, 10.338082291533832 ], [ 79.611570394922566, 10.319191366339885 ], [ 79.673011202740071, 10.310821218683007 ], [ 79.722958435209122, 10.289276922345266 ], [ 79.747529111815325, 10.300063090836394 ], [ 79.751247836047071, 10.288750900929092 ], [ 79.765595023630809, 10.286551036034073 ], [ 79.776383808256853, 10.275111269915081 ], [ 79.651846012800362, 10.290032611425813 ], [ 79.594436142785682, 10.305045747853285 ], [ 79.545406126314859, 10.307325950363495 ], [ 79.556289982849236, 10.32986093073079 ], [ 79.597935572062084, 10.32758969661505 ], [ 79.614798234639608, 10.334527694570633 ], [ 79.600248788027315, 10.347793079254746 ], [ 79.581912727667387, 10.342497060815861 ], [ 79.532773421017595, 10.355773576693323 ], [ 79.526977024555151, 10.354985160657817 ], [ 79.537874772817958, 10.341425701368149 ], [ 79.537840214389803, 10.326843920944183 ], [ 79.519326673480549, 10.31177653190727 ], [ 79.438658845733045, 10.324722390001055 ], [ 79.395524061382758, 10.323693512980519 ], [ 79.382976273826387, 10.31880035420715 ], [ 79.364831120148409, 10.298068791911822 ], [ 79.349018855909193, 10.302040193398497 ], [ 79.353171586911813, 10.290351899630776 ], [ 79.329141634011606, 10.286090745687615 ], [ 79.317512606610919, 10.271817848438337 ], [ 79.299005851211191, 10.26446819491013 ], [ 79.272830234109435, 10.232626477618247 ], [ 79.276107741444719, 10.210321382385557 ], [ 79.242409999889787, 10.178336571345692 ], [ 79.228834050571663, 10.145037139038886 ], [ 79.233101024095774, 10.124249706629145 ], [ 79.226925881225995, 10.092601575244323 ], [ 79.263471862729062, 10.035814170317025 ], [ 79.222318034850161, 10.006959136080965 ], [ 79.194271841037391, 9.960302704064997 ], [ 79.166970884529519, 9.942910361888011 ], [ 79.151055006740336, 9.909012592230985 ], [ 79.120842858758039, 9.880574752474528 ], [ 79.120462165009073, 9.851748479658953 ], [ 79.09040630364278, 9.823311634963673 ], [ 79.062275666104739, 9.778097352118047 ], [ 79.037267200192517, 9.760604929221794 ], [ 78.987564242231855, 9.707266765082357 ], [ 78.954683889752872, 9.62566172309662 ], [ 78.925255423077502, 9.586380911947131 ], [ 78.91545923349689, 9.499642895437077 ], [ 78.901016481820321, 9.492131728898022 ], [ 78.894551621141787, 9.478616303855496 ], [ 78.900441559333984, 9.456730292920119 ], [ 78.929699618157372, 9.416416785062905 ], [ 78.98764783724279, 9.354152894174756 ], [ 79.051804628385469, 9.29997184990113 ], [ 79.098264786054983, 9.289475629282832 ], [ 79.120981494089008, 9.293068307811836 ], [ 79.191668241960386, 9.285856242018447 ], [ 79.184253038291317, 9.277973918381619 ], [ 79.093789409867242, 9.259883659856817 ], [ 78.965906911562683, 9.274549375046446 ], [ 78.926209571696901, 9.265211317877764 ], [ 78.904894779585987, 9.248235839260719 ], [ 78.87759795322593, 9.256578125577697 ], [ 78.856500284928202, 9.251868254652157 ], [ 78.724975577544598, 9.208760017381712 ], [ 78.720830556917647, 9.187329228640852 ], [ 78.68596370893701, 9.19538095708409 ], [ 78.65770521772464, 9.187468946439672 ], [ 78.645663436294754, 9.174991080045325 ], [ 78.650661619396971, 9.155395779007129 ], [ 78.630317751092335, 9.156521952878041 ], [ 78.600178626608681, 9.147539265443031 ], [ 78.575286761574176, 9.128212924988189 ], [ 78.528217602806237, 9.136116192735461 ], [ 78.477296016511602, 9.130586352245288 ], [ 78.422290394237933, 9.113391280211683 ], [ 78.309150929594622, 9.038706220460178 ], [ 78.305250834027134, 9.027555262565372 ], [ 78.284969211109086, 9.024110330136457 ], [ 78.27479360613161, 9.010759722116498 ], [ 78.242178230793044, 9.034581037091311 ], [ 78.223523766223011, 9.032742314703581 ], [ 78.213415256922559, 9.047960781531593 ], [ 78.216343764629372, 9.028605706343731 ], [ 78.244922430582136, 9.028342349932661 ], [ 78.261244720020144, 9.015922826598873 ], [ 78.267830595124636, 9.000840809544206 ], [ 78.212500336863513, 8.961582335336882 ], [ 78.172119303755167, 8.880383717461806 ], [ 78.165360490228437, 8.758371937638771 ], [ 78.17534208939891, 8.766350418629621 ], [ 78.198207770906691, 8.76518597817965 ], [ 78.199331527325427, 8.787901300348228 ], [ 78.205921967153685, 8.76691489359065 ], [ 78.193875408257966, 8.744896084667076 ], [ 78.185059422436211, 8.751745725288526 ], [ 78.169882189827916, 8.743474092889175 ], [ 78.15890503395363, 8.71375400941977 ], [ 78.14104057483901, 8.692949609289848 ], [ 78.126316216400042, 8.635222369226438 ], [ 78.141819463285231, 8.590809815523086 ], [ 78.124101283790921, 8.529516748332979 ], [ 78.133007993326601, 8.492364635087934 ], [ 78.067162089881137, 8.416292073013274 ], [ 78.05991311504566, 8.38098590532644 ], [ 78.067326746080511, 8.371262819766557 ], [ 77.976754378963747, 8.335884083116131 ], [ 77.947838775857818, 8.305980931546166 ], [ 77.909544782829343, 8.290633848164982 ], [ 77.88480621712236, 8.267390355764276 ], [ 77.814430797074749, 8.246163418141128 ], [ 77.786892089842013, 8.225671262052357 ], [ 77.786909161240004, 8.203080082302989 ], [ 77.780909829624505, 8.196609585092157 ], [ 77.765774636034649, 8.192617489414264 ], [ 77.734265709638123, 8.16768358566623 ], [ 77.672972667840995, 8.156339497267734 ], [ 77.655414191270438, 8.15913378328594 ], [ 77.589236998186067, 8.141344232900233 ], [ 77.563089979028817, 8.121692090516719 ], [ 77.558732866944055, 8.10683575766812 ], [ 77.565815030006576, 8.090169482684681 ], [ 77.552933216551622, 8.077847033856159 ], [ 77.454779373153102, 8.089071519751442 ], [ 77.392362413094233, 8.10651101423654 ], [ 77.358556869960879, 8.123891062634472 ], [ 77.317507531250939, 8.12136283780292 ], [ 77.283407479655693, 8.160080236387198 ], [ 77.238527508730868, 8.177863265536228 ], [ 77.227358106071861, 8.195269615796526 ], [ 77.187139457209454, 8.219792801034508 ], [ 77.168364390277304, 8.240705789358138 ], [ 77.100055726787375, 8.291355916213968 ], [ 77.108584643003013, 8.304977394229804 ], [ 77.123891273199391, 8.309283445355851 ], [ 77.12005001795599, 8.319330665611794 ], [ 77.141181397527305, 8.330696950010191 ], [ 77.169083117317882, 8.329774683999171 ], [ 77.179022324817609, 8.320358967936158 ], [ 77.170355157446906, 8.338787635247002 ], [ 77.173841578295338, 8.359284634614152 ], [ 77.166708442383779, 8.362442872869382 ], [ 77.15496007222589, 8.353487740256119 ], [ 77.162402728423046, 8.370135311207816 ], [ 77.153913065211398, 8.386383977020524 ], [ 77.159842172663971, 8.390689912906238 ], [ 77.172836161117701, 8.385348564302511 ], [ 77.198898819610406, 8.417093475321188 ], [ 77.207740573967911, 8.442811642670863 ], [ 77.22863517343032, 8.445848151232624 ], [ 77.228139614926803, 8.458824980627305 ], [ 77.217789409067748, 8.468357781069832 ], [ 77.205349136620555, 8.501487451851531 ], [ 77.225289571237553, 8.512621500166624 ], [ 77.241546537412518, 8.496539855284915 ], [ 77.266554643930178, 8.509678478222703 ], [ 77.284119975371013, 8.545841638659628 ], [ 77.278609873453163, 8.557441320157693 ], [ 77.496560279485607, 8.422697168876915 ], [ 77.561974760849282, 8.400295999422106 ], [ 77.739237686355935, 8.403239663063836 ], [ 77.804143816001158, 8.4101475221256 ], [ 77.896928068144845, 8.529301086715245 ], [ 77.959330127007107, 8.712839883117953 ], [ 78.022228833444174, 8.872913085677464 ], [ 78.109253324907115, 9.01568800344641 ], [ 78.214354031814935, 9.152819534521566 ], [ 78.497304388634163, 9.362854608428902 ], [ 78.641042330696024, 9.439922218324995 ], [ 78.903739982686716, 9.893126875244016 ], [ 79.057632905591717, 10.101612348133779 ], [ 79.145871371855435, 10.345321464701225 ], [ 79.211046859482721, 10.476265607744891 ], [ 79.270434709597083, 10.589398964625696 ], [ 79.400746143620978, 10.777426368116567 ], [ 79.40162711459719, 10.792015271204441 ], [ 79.467366563047804, 10.893336836245345 ], [ 79.490472573738003, 11.155168668250047 ], [ 79.490254515866837, 11.214691502341031 ], [ 79.423310722683624, 11.363302847746848 ], [ 79.433660361371636, 11.786561239818754 ], [ 79.553774310543304, 12.091377243533461 ], [ 79.692661615186253, 12.396450787643435 ], [ 79.716754541949413, 12.510098744235018 ], [ 79.716497363076584, 12.63570385057092 ], [ 79.630669031624834, 12.838979217978373 ], [ 79.6609086263758, 12.946827428033165 ], [ 79.727975321666918, 12.994881295829789 ], [ 79.78265230191235, 13.180698501213845 ], [ 79.819222136866742, 13.276648729763028 ], [ 79.90483816613002, 13.372658710285638 ], [ 80.087283995776048, 13.490852375445336 ], [ 80.085268863551391, 13.546956761373995 ], [ 79.877897137290034, 13.86532690494743 ], [ 79.712931241996955, 14.841550946034499 ], [ 79.696796404733718, 15.139690541582382 ], [ 79.772485777980961, 15.823960943223089 ], [ 79.95183569156741, 16.072333202742378 ], [ 80.197012258099264, 16.241891611376364 ], [ 81.115070722673124, 16.597571723254333 ], [ 81.52347533402255, 16.741866819822469 ], [ 81.950256083590133, 17.085320404130716 ], [ 82.371613997392927, 17.514692099465144 ], [ 83.186139468699309, 18.128745547157319 ], [ 83.445251976044887, 18.385378208223138 ], [ 83.861036354913693, 18.764798844896919 ], [ 84.027279532751137, 18.806543170421058 ], [ 84.805921563921359, 19.541399995065095 ], [ 85.065268645944201, 19.797097560595066 ], [ 85.363661585481722, 19.958164589742069 ], [ 86.194226918643452, 20.435074664140608 ], [ 86.623204955031525, 20.818413261069871 ], [ 86.639494158448969, 21.039875369366179 ], [ 86.665468843428386, 21.194680307887122 ], [ 86.690769520726292, 21.28372634385758 ], [ 86.749854464843722, 21.371261774885074 ], [ 86.871555518472007, 21.509562253220849 ], [ 86.906054604564062, 21.571363621088178 ], [ 86.959594681585386, 21.598151513623193 ], [ 86.989490010174592, 21.621145471020135 ], [ 86.990664594578888, 21.643263384209295 ], [ 87.006961419444536, 21.645688119243008 ], [ 87.093608743617324, 21.705021523207403 ], [ 87.251876746485351, 21.853677520481952 ], [ 87.253492390824519, 21.871202049038807 ], [ 87.239336408562963, 21.90023877597957 ], [ 87.256903178736991, 21.922408115317211 ], [ 87.426345906277803, 21.940725379912731 ], [ 87.455588666352853, 21.995375505265827 ], [ 87.468787206490703, 22.043500352913238 ], [ 87.48857495744798, 22.069348453447926 ], [ 87.563454309850101, 22.09732405736316 ], [ 87.676236947449937, 22.10139082752962 ], [ 87.732472959081164, 22.12291450967809 ], [ 87.845137204757123, 22.124423445197689 ], [ 87.960908800069959, 22.100641572443294 ], [ 87.964417005631688, 22.094601001006716 ] ] ], [ [ [ 79.333241994843178, 9.312938603362758 ], [ 79.316009262155021, 9.278587879274989 ], [ 79.336193891550778, 9.24901479488183 ], [ 79.416574594357428, 9.183740551791209 ], [ 79.424302115810264, 9.166789479430268 ], [ 79.325973844201712, 9.234309861300286 ], [ 79.26240175429848, 9.261110833831216 ], [ 79.219834285656546, 9.258302017645565 ], [ 79.21455636035472, 9.273632294562876 ], [ 79.205558257804427, 9.278012243785122 ], [ 79.20868094404527, 9.288283435135277 ], [ 79.224193688990724, 9.293330921916812 ], [ 79.27070874882557, 9.293488398645005 ], [ 79.289864022571692, 9.316281182699138 ], [ 79.316819440427494, 9.324915768259473 ], [ 79.333241994843178, 9.312938603362758 ] ] ], [ [ [ 81.393747673839442, 16.333804711619678 ], [ 81.27536218374, 16.27830194575635 ], [ 81.271339146537912, 16.279250632063754 ], [ 81.270458860135378, 16.286025632471713 ], [ 81.280406422797114, 16.292148823097861 ], [ 81.267752058926462, 16.311262557081776 ], [ 81.277043883944458, 16.316389312892557 ], [ 81.28633770713266, 16.311901622766712 ], [ 81.330453912691496, 16.320151404711691 ], [ 81.311754937705928, 16.307657600672449 ], [ 81.36430452179961, 16.332701029908762 ], [ 81.393747673839442, 16.333804711619678 ] ] ], [ [ [ 86.79509847122327, 20.396258870645415 ], [ 86.790090847867333, 20.396475159062213 ], [ 86.788139682421971, 20.415122468915943 ], [ 86.800097210065744, 20.443517191518161 ], [ 86.800691466727116, 20.468643564745445 ], [ 86.794104148943774, 20.480034511723648 ], [ 86.8001565265929, 20.491085313451524 ], [ 86.809928612727532, 20.470740693154827 ], [ 86.811607364292428, 20.445402406818097 ], [ 86.79509847122327, 20.396258870645415 ] ] ], [ [ [ 86.389367841079491, 19.963512295131931 ], [ 86.380507562095829, 19.967974771435124 ], [ 86.384347565898295, 19.978648205447588 ], [ 86.426338026386745, 20.010420081667942 ], [ 86.426658705121724, 20.00204272558662 ], [ 86.393603134795526, 19.976933210319796 ], [ 86.389367841079491, 19.963512295131931 ] ] ], [ [ [ 78.939296708596061, 9.187383974746151 ], [ 78.938495339047563, 9.181675126176449 ], [ 78.918569614150826, 9.175629861239969 ], [ 78.904495356192598, 9.178108731293285 ], [ 78.912871769567076, 9.185344621878743 ], [ 78.939296708596061, 9.187383974746151 ] ] ], [ [ [ 79.088354245539037, 9.19785358426757 ], [ 79.081171012173613, 9.191820623312104 ], [ 79.062292632561551, 9.202357809098363 ], [ 79.071083362533003, 9.20616133358878 ], [ 79.088354245539037, 9.19785358426757 ] ] ], [ [ [ 86.807408341120734, 20.369460215708546 ], [ 86.800800818527648, 20.390353966258175 ], [ 86.808137589645966, 20.39795715381879 ], [ 86.811561919235857, 20.380586571570511 ], [ 86.807408341120734, 20.369460215708546 ] ] ], [ [ [ 78.576560728714796, 9.099206118406427 ], [ 78.567356719914244, 9.102415719215445 ], [ 78.581999072250184, 9.111994896881363 ], [ 78.583933695754922, 9.105192918928378 ], [ 78.576560728714796, 9.099206118406427 ] ] ], [ [ [ 87.076000116886206, 20.774861555979498 ], [ 87.069276604291062, 20.784568465114976 ], [ 87.076294242142353, 20.794289342009886 ], [ 87.07921857288224, 20.78578634153336 ], [ 87.076000116886206, 20.774861555979498 ] ] ], [ [ [ 86.432248276803463, 20.023237191920661 ], [ 86.424012638150742, 20.021837461568026 ], [ 86.433423651763732, 20.038386561921463 ], [ 86.434738055830906, 20.03133926357399 ], [ 86.432248276803463, 20.023237191920661 ] ] ], [ [ [ 87.075834350453349, 20.747024329787646 ], [ 87.080851817356205, 20.739785569610465 ], [ 87.075329435842519, 20.73051971848508 ], [ 87.072022034552887, 20.734580812254194 ], [ 87.075834350453349, 20.747024329787646 ] ] ], [ [ [ 86.790679823610773, 20.35865330872949 ], [ 86.788898894833522, 20.366871748968084 ], [ 86.796114960428099, 20.373585553835103 ], [ 86.797222255595045, 20.365563304666857 ], [ 86.790679823610773, 20.35865330872949 ] ] ], [ [ [ 79.467109288859248, 9.125109271931931 ], [ 79.456863286274327, 9.126315546749312 ], [ 79.457244524398646, 9.131072263851182 ], [ 79.466970433789029, 9.133269252363574 ], [ 79.467109288859248, 9.125109271931931 ] ] ], [ [ [ 79.133463435800223, 9.210246147807286 ], [ 79.122225175447539, 9.213431734502624 ], [ 79.122159820312532, 9.217049886262737 ], [ 79.134731970753236, 9.215479727095174 ], [ 79.133463435800223, 9.210246147807286 ] ] ], [ [ [ 78.973349548402524, 9.183244206408288 ], [ 78.96209679610854, 9.185755928417874 ], [ 78.968852203307591, 9.190883197323901 ], [ 78.973349548402524, 9.183244206408288 ] ] ], [ [ [ 78.496701108940456, 9.084713310587803 ], [ 78.488678463696417, 9.086537877689123 ], [ 78.488082070851021, 9.093122427677862 ], [ 78.494923389442675, 9.093257739533957 ], [ 78.496701108940456, 9.084713310587803 ] ] ], [ [ [ 80.319282276832197, 13.413932276998295 ], [ 80.313682910280193, 13.414991847513697 ], [ 80.317305938626831, 13.425581427210757 ], [ 80.320681311211544, 13.423035055199346 ], [ 80.319282276832197, 13.413932276998295 ] ] ], [ [ [ 78.829128132631297, 9.170995728751945 ], [ 78.824310504590485, 9.161843083383905 ], [ 78.818349092374319, 9.162420680614796 ], [ 78.820049832266676, 9.169025600820246 ], [ 78.829128132631297, 9.170995728751945 ] ] ], [ [ [ 79.436900595855334, 9.146629446070026 ], [ 79.430512491375765, 9.148023282235011 ], [ 79.429384062514501, 9.153243129149022 ], [ 79.439059160730935, 9.154366342952386 ], [ 79.436900595855334, 9.146629446070026 ] ] ], [ [ [ 80.301997377495368, 13.413847169558883 ], [ 80.307645755457372, 13.420198172710634 ], [ 80.30929933200693, 13.409907837948559 ], [ 80.301997377495368, 13.413847169558883 ] ] ], [ [ [ 79.477076542016036, 9.114310800023025 ], [ 79.472457538211486, 9.120418778649174 ], [ 79.479558798286604, 9.123629227198045 ], [ 79.481140942880387, 9.119016032474921 ], [ 79.477076542016036, 9.114310800023025 ] ] ], [ [ [ 78.218107020054063, 8.835430915822569 ], [ 78.209430796472517, 8.831693083320699 ], [ 78.210310231200552, 8.838283573967118 ], [ 78.218107020054063, 8.835430915822569 ] ] ], [ [ [ 78.260004782180189, 8.949034787777938 ], [ 78.251029042947039, 8.947082409721965 ], [ 78.256685363986492, 8.953373523129477 ], [ 78.260004782180189, 8.949034787777938 ] ] ], [ [ [ 78.194396654863425, 8.729991876952994 ], [ 78.186623457576232, 8.732472285318231 ], [ 78.192985089027147, 8.736135922153364 ], [ 78.194396654863425, 8.729991876952994 ] ] ], [ [ [ 78.234087376104839, 8.866700147520488 ], [ 78.228460228310922, 8.859525933303948 ], [ 78.228138336542941, 8.86814391962889 ], [ 78.234087376104839, 8.866700147520488 ] ] ], [ [ [ 78.709581465286121, 9.173785987882352 ], [ 78.703983939324374, 9.17643785322508 ], [ 78.705884755053162, 9.181977214503076 ], [ 78.71197018495657, 9.180030535755025 ], [ 78.709581465286121, 9.173785987882352 ] ] ], [ [ [ 78.540319538441551, 9.106401750379952 ], [ 78.533700391241439, 9.100851042673309 ], [ 78.536748913477197, 9.110555462553348 ], [ 78.540319538441551, 9.106401750379952 ] ] ], [ [ [ 87.095039890090106, 20.757454350679513 ], [ 87.087297802927651, 20.757146526373688 ], [ 87.087848437162862, 20.76276820988063 ], [ 87.09424274825399, 20.764963419745769 ], [ 87.095039890090106, 20.757454350679513 ] ] ], [ [ [ 87.06084990468544, 20.738676935213924 ], [ 87.052604959760018, 20.733406630948817 ], [ 87.05305789931819, 20.739705125634099 ], [ 87.06084990468544, 20.738676935213924 ] ] ], [ [ [ 78.762226295257719, 9.156348896589989 ], [ 78.755390120498262, 9.155525778962549 ], [ 78.755737382555239, 9.161434263876213 ], [ 78.761661078137408, 9.161340990424476 ], [ 78.762226295257719, 9.156348896589989 ] ] ], [ [ [ 78.705394591714779, 9.155794496151536 ], [ 78.699277171127889, 9.159113013996606 ], [ 78.700722806084613, 9.162587888807151 ], [ 78.706265171504853, 9.162694369536554 ], [ 78.705394591714779, 9.155794496151536 ] ] ], [ [ [ 79.216213378700601, 9.245071407510382 ], [ 79.206957348392791, 9.245714293743982 ], [ 79.218689421967397, 9.247583346311604 ], [ 79.216213378700601, 9.245071407510382 ] ] ], [ [ [ 79.491024849998482, 9.112817500672586 ], [ 79.482686696850919, 9.114496514724003 ], [ 79.490479062972881, 9.117811511080191 ], [ 79.491024849998482, 9.112817500672586 ] ] ], [ [ [ 80.322316885900264, 13.397521006276131 ], [ 80.318988296401315, 13.39096186406899 ], [ 80.318094070380539, 13.402793724246715 ], [ 80.322316885900264, 13.397521006276131 ] ] ], [ [ [ 79.187454734993182, 9.231014274397596 ], [ 79.183975645392195, 9.234184504815584 ], [ 79.186784145734578, 9.238911280820044 ], [ 79.190510762927858, 9.236463418785315 ], [ 79.187454734993182, 9.231014274397596 ] ] ], [ [ [ 79.184299445557485, 9.245337964659935 ], [ 79.17695758167244, 9.243766222921419 ], [ 79.182145481720184, 9.247812686119127 ], [ 79.184299445557485, 9.245337964659935 ] ] ], [ [ [ 79.199056709048335, 9.229423792949794 ], [ 79.195810337570322, 9.234397245343255 ], [ 79.199968723556211, 9.237347582866951 ], [ 79.201887542052333, 9.233069736835111 ], [ 79.199056709048335, 9.229423792949794 ] ] ], [ [ [ 78.734446809991951, 9.154246784908709 ], [ 78.727022416650954, 9.150462218589485 ], [ 78.727413890227083, 9.154090117675253 ], [ 78.734446809991951, 9.154246784908709 ] ] ], [ [ [ 78.698783585312768, 9.150355383287177 ], [ 78.694752692438513, 9.145966475373715 ], [ 78.694749322030816, 9.151869395498645 ], [ 78.698783585312768, 9.150355383287177 ] ] ], [ [ [ 80.320410507616756, 13.440053206924405 ], [ 80.316517240614047, 13.440152484674419 ], [ 80.319583977921397, 13.44319028073768 ], [ 80.320410507616756, 13.440053206924405 ] ] ] ] } },
{ "type": "Feature", "properties": { "objectid": 10, "ae_regcode": 19, "physio_reg": "WESTERN GHATS AND COASTAL PLAIN  HOT HUMID-PERHUMID ECO-REGION", "area_sqkm": 74067.104307000001, "shape_Leng": 4807447.43358, "shape_Area": 125878391073.0 }, "geometry": { "type": "MultiPolygon", "coordinates": [ [ [ [ 72.643198008401129, 21.441251755735998 ], [ 72.665140146983347, 21.478750229585067 ], [ 72.671808237002594, 21.512922287632065 ], [ 72.682085031905046, 21.51597022977769 ], [ 72.671304697968409, 21.51458167986415 ], [ 72.674665446208238, 21.521261215576381 ], [ 72.732919687504548, 21.53652763368353 ], [ 72.740690225484286, 21.541810989402443 ], [ 72.742364878795797, 21.550142287857582 ], [ 72.734865184099718, 21.556249619465046 ], [ 72.740137095477934, 21.549863815987738 ], [ 72.73707770692603, 21.540422439602221 ], [ 72.712907786565921, 21.535421371552307 ], [ 72.709306711778581, 21.533193589240046 ], [ 72.708475107156104, 21.53347206051308 ], [ 72.705972665215441, 21.532361983980127 ], [ 72.70597266609208, 21.532083512011248 ], [ 72.683198923001626, 21.542921066533275 ], [ 72.660974497004432, 21.527360915882809 ], [ 72.641608995156957, 21.52626052653774 ], [ 72.644414314099549, 21.533741373488009 ], [ 72.614179222272483, 21.554625405414342 ], [ 72.607919687985003, 21.582963143482882 ], [ 72.620698924273441, 21.596250534635359 ], [ 72.628198618566302, 21.616811752742169 ], [ 72.647920603934367, 21.617082595506609 ], [ 72.65791510994913, 21.627641677833001 ], [ 72.675142282211368, 21.629030227959291 ], [ 72.700967784015859, 21.651811599586992 ], [ 72.718194955357177, 21.639581679777862 ], [ 72.734865182929497, 21.639307021887451 ], [ 72.747915261875434, 21.642641068205769 ], [ 72.747915262007368, 21.642919539755407 ], [ 72.74875068125138, 21.643472670960684 ], [ 72.748750680530293, 21.643857955649736 ], [ 72.749952310384145, 21.644823073589226 ], [ 72.750967020655381, 21.646284103067842 ], [ 72.752084726417834, 21.650140763081371 ], [ 72.787363046701643, 21.645139695294386 ], [ 72.809030526836167, 21.651807784885353 ], [ 72.814306253776053, 21.654581070164905 ], [ 72.816528993909145, 21.656820001000447 ], [ 72.817918773004976, 21.657087325879655 ], [ 72.818468088468421, 21.657922744197066 ], [ 72.820688241432364, 21.658750534327385 ], [ 72.82201072023247, 21.659859721975362 ], [ 72.926511309026168, 21.395197377502061 ], [ 73.021568141202721, 21.320421093967745 ], [ 73.148621432135954, 21.253149813071019 ], [ 73.31381783875257, 21.199668914751623 ], [ 73.581174200721449, 21.167199936481964 ], [ 73.599873653210139, 21.177731490746911 ], [ 73.606147469798515, 21.175327795809302 ], [ 73.612685162553618, 21.15721074270439 ], [ 73.630481651469822, 21.152380994341705 ], [ 73.629421683037904, 21.131914847397113 ], [ 73.674499953086112, 21.151309049221734 ], [ 73.706519342196685, 21.149615721059817 ], [ 73.715673674697783, 21.138390219684428 ], [ 73.734689787855771, 21.142166852105674 ], [ 73.864270730790139, 21.013830619313431 ], [ 73.893536565798243, 20.941941163104381 ], [ 73.926675836205391, 20.784955044093213 ], [ 73.881712122413404, 20.636988263438614 ], [ 73.551961088984129, 20.501358796153394 ], [ 73.467668599814417, 20.375931732798964 ], [ 73.435923771274844, 20.234525084428299 ], [ 73.464191893020981, 20.05317020287481 ], [ 73.511636928566517, 19.872685662215332 ], [ 73.589541871422455, 19.723961526719609 ], [ 73.670152327040981, 19.514524918306453 ], [ 73.675902504323176, 19.393143351707685 ], [ 73.645035926707692, 19.233736724661295 ], [ 73.598582270259371, 19.134468053151963 ], [ 73.5384552940574, 18.65784623956182 ], [ 73.53603140824417, 18.284840414909684 ], [ 73.562576067107372, 18.208292032707284 ], [ 73.590471076190937, 18.156088585317679 ], [ 73.611548332217225, 18.086594961022012 ], [ 73.620861632602839, 17.997178250598818 ], [ 73.590259815343927, 17.893905562805816 ], [ 73.593942861809325, 17.816407303724148 ], [ 73.617263143614124, 17.751905699512662 ], [ 73.706643571532595, 17.627180052109537 ], [ 73.744065082208039, 17.529332027355846 ], [ 73.746024588807884, 17.432411356783795 ], [ 73.801838490169985, 17.206892422278919 ], [ 73.85822595800893, 17.020246342162359 ], [ 74.254581011904236, 15.988454268327523 ], [ 74.31140863032573, 15.884338347784601 ], [ 74.390857151984221, 15.713458484965443 ], [ 74.665789226672132, 15.187898088432698 ], [ 74.725221992178916, 14.999539717399024 ], [ 74.973212461400891, 14.528843915427469 ], [ 75.106144638376463, 14.405801726958762 ], [ 75.216778345360382, 14.349332675883202 ], [ 75.295854692876802, 14.274922525469989 ], [ 75.375492447047222, 14.181260520080896 ], [ 75.425007464231257, 14.101060260021539 ], [ 75.477714684816092, 13.996920195283622 ], [ 75.560610578795789, 13.869693410962904 ], [ 75.68048246084085, 13.733974663384139 ], [ 75.746530133445575, 13.584631559180705 ], [ 75.840622421033018, 13.313762218289051 ], [ 75.910271824684003, 13.030387693225506 ], [ 75.947314972189048, 12.767877151452293 ], [ 75.972603642681037, 12.653651135106324 ], [ 75.978030710172462, 12.550874765354235 ], [ 75.959195171979843, 12.445058701353387 ], [ 75.975804766788841, 12.376152882836566 ], [ 76.004892366516273, 12.295653566509175 ], [ 76.035417679908477, 12.248680870550176 ], [ 76.143390392439201, 12.124942797444801 ], [ 76.133758507063575, 11.947891866119701 ], [ 76.197493732382654, 11.834983403606886 ], [ 76.303413329472946, 11.770922818055656 ], [ 76.595475644334812, 11.615925333819455 ], [ 76.764696797609332, 11.622242324419073 ], [ 76.846831480544864, 11.582377908788926 ], [ 76.882577591048872, 11.598625384525096 ], [ 76.96824887085991, 11.552771378221715 ], [ 77.06714202965837, 11.42497609152838 ], [ 76.888185904766146, 11.34842568811087 ], [ 76.705450809335517, 11.238707023556954 ], [ 76.736511461080767, 11.214242433181184 ], [ 76.727914816602578, 11.20607142149575 ], [ 76.731166262715647, 11.192275546630338 ], [ 76.716420100407163, 11.187352675456937 ], [ 76.695950456047811, 11.165395437574819 ], [ 76.706704226350368, 11.140419170718571 ], [ 76.713679106154856, 11.13974972847744 ], [ 76.713033648805222, 11.149513984389415 ], [ 76.719893302734619, 11.148047218714222 ], [ 76.732356010570257, 11.130294235257953 ], [ 76.748932239462079, 11.129113731477407 ], [ 76.744397962069925, 11.101179247760729 ], [ 76.75838592925993, 11.082951391827846 ], [ 76.744827774641905, 11.07171198853035 ], [ 76.747479175232769, 11.055328985128257 ], [ 76.761548588921713, 11.054621198566482 ], [ 76.777695293791808, 11.040118999096823 ], [ 76.800520158181897, 11.057633215559022 ], [ 76.804001820106095, 11.054969292031943 ], [ 76.792394976463584, 11.036885353089785 ], [ 76.767476137675459, 11.03247206244707 ], [ 76.716836418189686, 11.039110998377522 ], [ 76.690074580525192, 11.007146224996596 ], [ 76.688094851658903, 10.987406492046702 ], [ 76.67076305011642, 10.968133534044055 ], [ 76.665937628519416, 10.941937381434427 ], [ 76.657718825867789, 10.936627486585476 ], [ 76.685338374650968, 10.914114748004295 ], [ 76.710994612149207, 10.908564748755873 ], [ 76.743438755382371, 10.88882306175153 ], [ 76.783878362055319, 10.889579397288399 ], [ 76.796198678654804, 10.879433238119534 ], [ 76.828628959645911, 10.869838745802069 ], [ 76.856448647095817, 10.83460765742087 ], [ 76.848384785255035, 10.823630609593057 ], [ 76.851716002090896, 10.815757626195017 ], [ 76.863917651271052, 10.816628942077305 ], [ 76.871369085273628, 10.807949700057446 ], [ 76.899764661780537, 10.808087143956836 ], [ 76.909086147533387, 10.779034586782331 ], [ 76.892017702782454, 10.73435199924195 ], [ 76.895415015274267, 10.715564281912382 ], [ 76.886704279270944, 10.714906891348811 ], [ 76.867156224619137, 10.683414181017248 ], [ 76.881897427790804, 10.672284676243962 ], [ 76.884453196281214, 10.637614140798727 ], [ 76.864232931083578, 10.632072491892357 ], [ 76.816587701606309, 10.634377369318857 ], [ 76.820316116198271, 10.602518801694789 ], [ 76.841517746121937, 10.593144376712495 ], [ 76.836418699933432, 10.545715903864279 ], [ 76.843375755389218, 10.532665625297833 ], [ 76.832294998910896, 10.498744092358367 ], [ 76.829549192588161, 10.446548845378326 ], [ 76.819465199259824, 10.422952344525827 ], [ 76.827226174329866, 10.409841919183046 ], [ 76.833678507649765, 10.41148219515186 ], [ 76.834906373382793, 10.402126082198365 ], [ 76.827911117776836, 10.39458180537085 ], [ 76.85173729559078, 10.367820465932239 ], [ 76.838101523687968, 10.342285276927742 ], [ 76.832165305412047, 10.303299410531471 ], [ 76.84253213410166, 10.299194469785924 ], [ 76.851160179986536, 10.285702657012752 ], [ 76.853160097571774, 10.291717022890085 ], [ 76.876910562717242, 10.298199460527192 ], [ 76.87499987813888, 10.275212479216835 ], [ 76.897438871795671, 10.263293444814046 ], [ 76.905206396887039, 10.240895364524251 ], [ 76.918438860958105, 10.233011943432283 ], [ 76.94079065628155, 10.237904909044888 ], [ 76.984000723369178, 10.217076753929964 ], [ 77.019926548088762, 10.244876707466986 ], [ 77.051875940246788, 10.256745124579812 ], [ 77.055815949499603, 10.270563892231703 ], [ 77.047081920564679, 10.280747854897271 ], [ 77.059385126665731, 10.282895476728571 ], [ 77.065141445741972, 10.294099778800655 ], [ 77.121705589914114, 10.31593167568403 ], [ 77.176425866421823, 10.355170985181481 ], [ 77.235818482907007, 10.349343008573907 ], [ 77.228214763904816, 10.314823617518874 ], [ 77.264502493951568, 10.262856447013087 ], [ 77.258797542169575, 10.254290852359532 ], [ 77.260566197578569, 10.229708103073355 ], [ 77.284061465525753, 10.233490402551585 ], [ 77.294617272307462, 10.216432587785901 ], [ 77.283850597697395, 10.205948283571939 ], [ 77.278622608841815, 10.188884874416782 ], [ 77.274130160170955, 10.128208699435962 ], [ 77.267630425302031, 10.120517916385927 ], [ 77.239352822057654, 10.127486172390052 ], [ 77.217516095348444, 10.112598733697046 ], [ 77.208774143098282, 10.11521524917592 ], [ 77.202341842691425, 10.104596408627513 ], [ 77.209471148833387, 10.082502726386965 ], [ 77.232542278844107, 10.065873002407727 ], [ 77.262662881864301, 10.029329965799478 ], [ 77.255477251430406, 10.009200074523886 ], [ 77.262322533542672, 10.003920102678379 ], [ 77.264544770968001, 9.98185026212759 ], [ 77.276179239352288, 9.972830105640536 ], [ 77.264694107687461, 9.951619454014502 ], [ 77.249451326744122, 9.951871710762001 ], [ 77.231682735295252, 9.914744527391798 ], [ 77.219231579870126, 9.903278613913267 ], [ 77.221372284410577, 9.886713394064513 ], [ 77.213950527685114, 9.874912187350803 ], [ 77.224088677635649, 9.862745644817366 ], [ 77.238616132936471, 9.857991602629834 ], [ 77.238703818471862, 9.851955563854265 ], [ 77.228791137862004, 9.84751135780432 ], [ 77.223923281295157, 9.823468717527328 ], [ 77.242183958618909, 9.815298488066292 ], [ 77.249146572110632, 9.797532066520812 ], [ 77.224926386393165, 9.788878344294343 ], [ 77.225822724709261, 9.77532896778021 ], [ 77.233793674149069, 9.768972072766134 ], [ 77.221258070855527, 9.746407562842158 ], [ 77.2234874892427, 9.730593146692685 ], [ 77.205170082654931, 9.724384943526376 ], [ 77.206990189550226, 9.695046461666825 ], [ 77.194937034397782, 9.6692140818963 ], [ 77.180994861592964, 9.657019566581837 ], [ 77.177655402008952, 9.628584515503151 ], [ 77.167292542048088, 9.61475525858198 ], [ 77.190078681928071, 9.605953705400511 ], [ 77.201490459968809, 9.614751389815313 ], [ 77.211488110507005, 9.613044881668827 ], [ 77.212157824622864, 9.604550706799232 ], [ 77.238536237398918, 9.581692755818125 ], [ 77.245632175577768, 9.584858421070688 ], [ 77.270841443852532, 9.57398799747752 ], [ 77.290819546752886, 9.59000588630574 ], [ 77.320212357088906, 9.602176800181088 ], [ 77.330790652300877, 9.597780460314596 ], [ 77.326660330251684, 9.579509010827541 ], [ 77.340834911798225, 9.572382785248163 ], [ 77.356903875651128, 9.604286990436032 ], [ 77.367369920926066, 9.59730069629523 ], [ 77.359237998594509, 9.594052427814088 ], [ 77.361333490050839, 9.576508490124281 ], [ 77.351981035634495, 9.566044107566803 ], [ 77.364972681601472, 9.555439400052999 ], [ 77.366784836035094, 9.535532034641095 ], [ 77.387057736844355, 9.51797263289666 ], [ 77.403111111983335, 9.526071662432585 ], [ 77.402782489821178, 9.516117440936853 ], [ 77.411285296368149, 9.513735543974086 ], [ 77.412687046214202, 9.505892350255133 ], [ 77.401944753117419, 9.495509590290204 ], [ 77.403321072252396, 9.476685151037541 ], [ 77.393870375227806, 9.467944747213217 ], [ 77.395102724320211, 9.460039839646686 ], [ 77.380128924055271, 9.452540810428532 ], [ 77.368062692075767, 9.458915076392318 ], [ 77.350696054946866, 9.440205456617834 ], [ 77.338179239034304, 9.414768374704801 ], [ 77.344171310962992, 9.398930856652617 ], [ 77.33635409837153, 9.385226253207806 ], [ 77.339667208792463, 9.367656040327605 ], [ 77.328035587348808, 9.336952557131569 ], [ 77.300755694934097, 9.336451689542757 ], [ 77.300191211729626, 9.309873155027818 ], [ 77.283496245589092, 9.299800482565146 ], [ 77.290879664657311, 9.272096128215498 ], [ 77.284366370037148, 9.271303803885315 ], [ 77.276332166532214, 9.23326833141531 ], [ 77.283709616386091, 9.217697703812714 ], [ 77.2671738623783, 9.19906122240323 ], [ 77.256601279367558, 9.19874095519603 ], [ 77.253514071890905, 9.187967483310706 ], [ 77.265324336076574, 9.184583701667032 ], [ 77.268841373833922, 9.151839671399724 ], [ 77.247223189638945, 9.12353099866352 ], [ 77.228767158786809, 9.115023117811427 ], [ 77.22639941782505, 9.106224047303925 ], [ 77.212902667550381, 9.09703061167099 ], [ 77.199239846426053, 9.045050121108266 ], [ 77.170842355180582, 9.045019308327165 ], [ 77.163995527529465, 9.029992641062501 ], [ 77.149264913274706, 9.020235823252586 ], [ 77.151382472531751, 9.008368132274704 ], [ 77.160369165411922, 9.006286515962225 ], [ 77.180556983590492, 8.970777806075926 ], [ 77.19759817582684, 8.955499343604563 ], [ 77.197952900330648, 8.924202927628942 ], [ 77.202325102206828, 8.918632079139277 ], [ 77.211399553066158, 8.93040208531731 ], [ 77.222338638143142, 8.925920702120743 ], [ 77.223920008294783, 8.901689237536223 ], [ 77.23918064752776, 8.896687499221507 ], [ 77.244920702236371, 8.880378581166585 ], [ 77.25937680754474, 8.873368731893473 ], [ 77.265029628043507, 8.840462946037121 ], [ 77.245386039043225, 8.809062281731842 ], [ 77.235357163908517, 8.805503715447854 ], [ 77.232728251776493, 8.784202296119112 ], [ 77.216413824053973, 8.777890103576476 ], [ 77.220319237086642, 8.769275913664275 ], [ 77.215874780329216, 8.766120145479046 ], [ 77.201014670902254, 8.76945502328355 ], [ 77.194586578508464, 8.743328333061683 ], [ 77.173333182051351, 8.745802307803707 ], [ 77.179813243718058, 8.72340796792686 ], [ 77.20597660693889, 8.69205134445864 ], [ 77.208692195707513, 8.663169777870442 ], [ 77.246875116791543, 8.621245492444855 ], [ 77.24707317603243, 8.606144603317389 ], [ 77.27035207392818, 8.579379247348715 ], [ 77.284119975371013, 8.545841638659628 ], [ 77.266554643930178, 8.509678478222703 ], [ 77.241546537412518, 8.496539855284915 ], [ 77.225289571237553, 8.512621500166624 ], [ 77.205349136620555, 8.501487451851531 ], [ 77.217789409067748, 8.468357781069832 ], [ 77.228139614926803, 8.458824980627305 ], [ 77.22863517343032, 8.445848151232624 ], [ 77.207740573967911, 8.442811642670863 ], [ 77.198898819610406, 8.417093475321188 ], [ 77.172836161117701, 8.385348564302511 ], [ 77.159842172663971, 8.390689912906238 ], [ 77.153913065211398, 8.386383977020524 ], [ 77.162402728423046, 8.370135311207816 ], [ 77.15496007222589, 8.353487740256119 ], [ 77.166708442383779, 8.362442872869382 ], [ 77.173841578295338, 8.359284634614152 ], [ 77.170355157446906, 8.338787635247002 ], [ 77.179022324817609, 8.320358967936158 ], [ 77.169083117317882, 8.329774683999171 ], [ 77.141181397527305, 8.330696950010191 ], [ 77.12005001795599, 8.319330665611794 ], [ 77.123891273199391, 8.309283445355851 ], [ 77.108584643003013, 8.304977394229804 ], [ 77.100055726787375, 8.291355916213968 ], [ 77.023142327378636, 8.355110408873479 ], [ 77.006454566418526, 8.360372524367158 ], [ 76.998389658039542, 8.378495813777684 ], [ 76.990350079157025, 8.37535075982697 ], [ 76.982761365582334, 8.380341253561662 ], [ 76.973266383430555, 8.392060391555562 ], [ 76.970992337286589, 8.412842799142021 ], [ 76.884527241168016, 8.509627872782367 ], [ 76.672251195153763, 8.780694840006513 ], [ 76.671756828122398, 8.790378248969303 ], [ 76.655517953822297, 8.80261544441001 ], [ 76.60320840300183, 8.86783325680593 ], [ 76.578657785204356, 8.884419697149315 ], [ 76.566903026261087, 8.882088410940517 ], [ 76.549518589903897, 8.898146498801454 ], [ 76.507395036635543, 9.04071978271452 ], [ 76.465253212799666, 9.119394954837341 ], [ 76.342865642504336, 9.402734418973806 ], [ 76.318886097360306, 9.503898228556569 ], [ 76.289969927308007, 9.67235692524182 ], [ 76.277895380246676, 9.807246068852853 ], [ 76.258473216977052, 9.902221887319095 ], [ 76.242161896961392, 9.946428290212799 ], [ 76.243280291647736, 9.969274402185329 ], [ 76.22048128201277, 10.002085381205223 ], [ 76.202365645989204, 10.049007224795631 ], [ 76.168916168036162, 10.18386975957085 ], [ 76.155024239125765, 10.199387030064113 ], [ 76.139885578027602, 10.232854435253524 ], [ 76.139544298845067, 10.257789840155741 ], [ 76.098199144574053, 10.384031955560138 ], [ 76.063813404362378, 10.462393434494087 ], [ 76.043021978505593, 10.494421444543855 ], [ 76.058469974657143, 10.479572058311721 ], [ 76.04022070648395, 10.521885020049583 ], [ 76.054978534675115, 10.526731159680937 ], [ 76.06867982972993, 10.509459532690759 ], [ 76.061639917277162, 10.527216473623412 ], [ 76.065746805129379, 10.535251012730553 ], [ 76.053123249130067, 10.541049026236106 ], [ 76.047680879882293, 10.567249799859596 ], [ 76.041447719557056, 10.56560358432781 ], [ 76.037560366606328, 10.557766600009934 ], [ 76.048299330191099, 10.533034415068613 ], [ 76.03547272607166, 10.528481552337846 ], [ 76.038592097521416, 10.505426276824302 ], [ 76.032909071891723, 10.506709286579557 ], [ 76.010635983008271, 10.572030240205814 ], [ 75.935177829753911, 10.729029823374093 ], [ 75.924720205355285, 10.765322909157533 ], [ 75.901658455355857, 10.802517036871297 ], [ 75.852125265417044, 11.053612249178938 ], [ 75.829303839917401, 11.124196558223527 ], [ 75.810186956215986, 11.154161803479999 ], [ 75.811944123667018, 11.159542878320451 ], [ 75.823814295183325, 11.159112162002311 ], [ 75.823051515694587, 11.168040741058206 ], [ 75.801041879599097, 11.17207616647249 ], [ 75.767389001613623, 11.27011995177231 ], [ 75.739485907107223, 11.327945406638866 ], [ 75.739576877509364, 11.357143363414433 ], [ 75.700066180993304, 11.423415113270908 ], [ 75.676698272639328, 11.450297387432389 ], [ 75.653831598867754, 11.461745555662141 ], [ 75.633173196767004, 11.462052630348241 ], [ 75.620732921491992, 11.477323065919771 ], [ 75.573730139248653, 11.612590086867176 ], [ 75.531010916466656, 11.703603353414334 ], [ 75.511216863510043, 11.728339725594317 ], [ 75.481251742855278, 11.751728266461717 ], [ 75.473656964905643, 11.768473437501292 ], [ 75.458144062638368, 11.765921903751776 ], [ 75.457434022765682, 11.780198962241601 ], [ 75.387964549138175, 11.857792515482275 ], [ 75.360336966536707, 11.852437659172427 ], [ 75.3493676132139, 11.875265514272899 ], [ 75.320762740558919, 11.899087116596741 ], [ 75.323932931029844, 11.908313259084379 ], [ 75.309445027229742, 11.941268612357112 ], [ 75.322767221958657, 11.940707137455519 ], [ 75.342397339846556, 11.926653633998654 ], [ 75.350560966925087, 11.929562281312508 ], [ 75.323296877588035, 11.953143902804932 ], [ 75.31863481258911, 11.973346263642178 ], [ 75.314641083057921, 11.976583664518875 ], [ 75.306718897654449, 11.968849533736947 ], [ 75.288287140744416, 11.9895975339945 ], [ 75.301175762854342, 11.955552124714609 ], [ 75.296120783529346, 11.952496615694519 ], [ 75.275777266528905, 11.973106777742574 ], [ 75.249279587052413, 12.016125066380614 ], [ 75.236098083668395, 12.023447103579327 ], [ 75.204297721422719, 12.003360284492446 ], [ 75.090438944953064, 12.28893536710455 ], [ 75.045353227172939, 12.3841801183447 ], [ 75.001978809432373, 12.447675991084465 ], [ 74.990541833306736, 12.491820372329354 ], [ 74.983510368527448, 12.485330172885616 ], [ 74.979794358581742, 12.490309016953129 ], [ 74.893759612322924, 12.699924179073776 ], [ 74.837585589905487, 12.808922305080278 ], [ 74.807124980105158, 12.894686705411081 ], [ 74.781615205436836, 13.054294282818111 ], [ 74.770712168517548, 13.077560889166831 ], [ 74.773009535444629, 13.081542072973022 ], [ 74.781895265542431, 13.058136034671206 ], [ 74.779285028201599, 13.091407828983796 ], [ 74.789960138818941, 13.102283026784503 ], [ 74.777831958260307, 13.102744646427203 ], [ 74.77349892047441, 13.087605733407852 ], [ 74.76731720496484, 13.088819680709923 ], [ 74.751745571530861, 13.175998032190659 ], [ 74.716128057146236, 13.280800279939859 ], [ 74.702991244117911, 13.344304695768315 ], [ 74.725024608241085, 13.285716357681839 ], [ 74.724725502080403, 13.320898929664557 ], [ 74.714275736720666, 13.340619533255184 ], [ 74.694630200325221, 13.357597573058301 ], [ 74.688233696918601, 13.453902771891853 ], [ 74.699674723050151, 13.415530155765881 ], [ 74.710872571860435, 13.402842427462664 ], [ 74.732917123150784, 13.402505739479885 ], [ 74.743026545952432, 13.387020426380335 ], [ 74.739036925136091, 13.413309184297173 ], [ 74.714230697240524, 13.419690616304948 ], [ 74.705167028070079, 13.43338796998335 ], [ 74.716763067441462, 13.440749203056905 ], [ 74.722361850478336, 13.458575200943782 ], [ 74.745723239462222, 13.45402616629954 ], [ 74.750710160688826, 13.458507280557072 ], [ 74.731899683360098, 13.475466213483488 ], [ 74.716141278994584, 13.467249428851527 ], [ 74.705049057711207, 13.442432943473738 ], [ 74.695408408955103, 13.481299806995869 ], [ 74.695847910022493, 13.464640226793968 ], [ 74.689364998756886, 13.462985413121656 ], [ 74.663749495428192, 13.630955776111769 ], [ 74.673252002873525, 13.630111380821203 ], [ 74.681055535829813, 13.607388404382649 ], [ 74.685548106737926, 13.638369654298353 ], [ 74.696155249673964, 13.638263586720683 ], [ 74.695473700375942, 13.619257826008072 ], [ 74.708797380358391, 13.614793074577387 ], [ 74.723623919591958, 13.62147463910113 ], [ 74.704376465380804, 13.638452676392873 ], [ 74.755798968977388, 13.633145736448267 ], [ 74.760245462681553, 13.638530602987808 ], [ 74.740670746341081, 13.647666295297311 ], [ 74.701855288631023, 13.653607440438412 ], [ 74.7072822545924, 13.67234465054757 ], [ 74.695559597608224, 13.666807788835731 ], [ 74.679512090031352, 13.677632574900752 ], [ 74.713332084377925, 13.696731271057645 ], [ 74.684548955131632, 13.699324948813173 ], [ 74.668199280258037, 13.713814398878066 ], [ 74.677806902375025, 13.690993622383745 ], [ 74.665703574104413, 13.638932111219338 ], [ 74.645329384070308, 13.672992263582692 ], [ 74.627291627767207, 13.782318664208928 ], [ 74.606538164851045, 13.858550923422166 ], [ 74.623935068825929, 13.847852809188481 ], [ 74.626357584066682, 13.858920905939888 ], [ 74.611861848236529, 13.863370227316009 ], [ 74.598403080149993, 13.878453855078977 ], [ 74.587071869698477, 13.92048087048245 ], [ 74.5716349086902, 13.944630884544758 ], [ 74.537625835642217, 13.960135198759447 ], [ 74.540297287053207, 13.971670125333333 ], [ 74.530135394007146, 13.973552753948523 ], [ 74.515802713141696, 13.989453236552919 ], [ 74.505965284552616, 14.025518358750571 ], [ 74.524442008591137, 14.024793694592047 ], [ 74.523602327210185, 14.033893279163273 ], [ 74.513198715241344, 14.035527413373098 ], [ 74.509596756208111, 14.047783513523573 ], [ 74.505119631011311, 14.051454019161723 ], [ 74.507871581944343, 14.030883887395794 ], [ 74.501051961562268, 14.041098890842374 ], [ 74.497058555067014, 14.068338550701331 ], [ 74.483383618869624, 14.099713418335705 ], [ 74.474592041722076, 14.169339067572563 ], [ 74.464968359232088, 14.198195981268503 ], [ 74.44884456545509, 14.21554682503116 ], [ 74.432693133601248, 14.266209120573066 ], [ 74.45827531031793, 14.248734017923042 ], [ 74.470167413378974, 14.25566203870245 ], [ 74.497985590863379, 14.243421442878818 ], [ 74.527114211645141, 14.239762198613141 ], [ 74.49102961392849, 14.263620718459208 ], [ 74.488329788455772, 14.277845171454826 ], [ 74.472297277532419, 14.283736749550874 ], [ 74.468765246662585, 14.291927805603107 ], [ 74.460735958991521, 14.283634911167288 ], [ 74.443588210461812, 14.281072520220528 ], [ 74.426027527530621, 14.30495906252373 ], [ 74.431393123845936, 14.273022613083254 ], [ 74.425550437164688, 14.280973200421709 ], [ 74.403474719921476, 14.367488609770692 ], [ 74.397401174540207, 14.408291817601151 ], [ 74.403020496920576, 14.419041296160689 ], [ 74.385300626015933, 14.423791586308958 ], [ 74.356703299201143, 14.510557839462759 ], [ 74.370032844227296, 14.522920907076369 ], [ 74.378137960650776, 14.51470430399595 ], [ 74.373131411076912, 14.497277543304294 ], [ 74.380327804004438, 14.48725561144126 ], [ 74.375061967450904, 14.482096793683539 ], [ 74.387175660655956, 14.45095653927352 ], [ 74.408190444498402, 14.448519693577101 ], [ 74.411887350022155, 14.470927818603684 ], [ 74.422074962437421, 14.47263889455523 ], [ 74.44147471790987, 14.456632162300989 ], [ 74.436199391112325, 14.47161091584584 ], [ 74.401005245152319, 14.495913601583558 ], [ 74.376594648929569, 14.53303316671769 ], [ 74.377600523082364, 14.540528238043189 ], [ 74.369062664198893, 14.542856556015206 ], [ 74.367566089455551, 14.55915834612092 ], [ 74.35230217125077, 14.535975768164526 ], [ 74.351719618125827, 14.523965813140567 ], [ 74.341031781076694, 14.516576878772632 ], [ 74.308657921807509, 14.520242245328339 ], [ 74.314252115324848, 14.551222077654661 ], [ 74.294604988118024, 14.591922708054394 ], [ 74.32930947339112, 14.603426628031617 ], [ 74.366270657752878, 14.591834734177461 ], [ 74.384142075181643, 14.592320464061588 ], [ 74.412403279670357, 14.607446339217436 ], [ 74.429562888494559, 14.624582498375071 ], [ 74.391441121645343, 14.603775833376101 ], [ 74.363713862321106, 14.598249882929952 ], [ 74.347653331400281, 14.608708888103692 ], [ 74.32083632017131, 14.610510613180047 ], [ 74.316932644133274, 14.61574331241477 ], [ 74.305462363508695, 14.601337701540393 ], [ 74.28468677618487, 14.608521900646325 ], [ 74.271772632147844, 14.626985581798856 ], [ 74.284719874850126, 14.636390122458621 ], [ 74.280124941205614, 14.657131057583634 ], [ 74.285581593115964, 14.662954331485746 ], [ 74.274997017999837, 14.66523152560241 ], [ 74.279466439442487, 14.673135810575609 ], [ 74.275918468901139, 14.688758317519715 ], [ 74.255556815446411, 14.70725559280187 ], [ 74.265241777565919, 14.71717163361166 ], [ 74.24647263024697, 14.739517113832562 ], [ 74.228011064472113, 14.74691408918596 ], [ 74.224166200929787, 14.73513975445635 ], [ 74.203878618164254, 14.732798210824866 ], [ 74.206691390247428, 14.720563851396461 ], [ 74.200196109450758, 14.720176077819554 ], [ 74.179699192722126, 14.745520978952301 ], [ 74.166882144403516, 14.752103433767994 ], [ 74.177160396359895, 14.766660134735014 ], [ 74.162581603902368, 14.765043400298543 ], [ 74.157206134004966, 14.747019397354345 ], [ 74.1436685727558, 14.774482500690596 ], [ 74.132117012253318, 14.778193882725954 ], [ 74.122121491571349, 14.773939221847824 ], [ 74.119393430862047, 14.783234760106096 ], [ 74.095397791629438, 14.796996504632999 ], [ 74.095232011437659, 14.803123608463828 ], [ 74.120485720170763, 14.802021954148758 ], [ 74.12630255683905, 14.83437745844936 ], [ 74.161979354403186, 14.838128128448608 ], [ 74.156754463394051, 14.812827079194911 ], [ 74.169920328887926, 14.824489431538275 ], [ 74.170619349696764, 14.840638007930048 ], [ 74.178874005488211, 14.845113691175611 ], [ 74.176184739468411, 14.855099187321613 ], [ 74.215807751657621, 14.868378324264091 ], [ 74.233145262466309, 14.860101389650504 ], [ 74.250169749905226, 14.874681195332943 ], [ 74.214097799328357, 14.873702163397725 ], [ 74.207461174309429, 14.879473801680609 ], [ 74.210058429918433, 14.888851987707945 ], [ 74.191429215625945, 14.879740533025414 ], [ 74.179077815536388, 14.881098906459538 ], [ 74.17482042341021, 14.870270697991124 ], [ 74.166721776209499, 14.873042825088516 ], [ 74.162226434781644, 14.86244180353814 ], [ 74.142497325627275, 14.85713212521355 ], [ 74.137537135383212, 14.845846642411868 ], [ 74.124215750585819, 14.847320313633679 ], [ 74.121026172875062, 14.838420713000584 ], [ 74.09652526670196, 14.880096369686838 ], [ 74.096862285294335, 14.893255512461369 ], [ 74.078200931942192, 14.907191013596341 ], [ 74.064265538666305, 14.905700030470845 ], [ 74.042343720838034, 14.915120974843084 ], [ 74.042346027424998, 14.946842794135691 ], [ 74.054593761575532, 14.962298621011133 ], [ 74.044091060746297, 14.965399189139713 ], [ 74.037263625339875, 14.978560777836716 ], [ 74.045691083361348, 14.987086153279133 ], [ 73.984028934553209, 15.025795428716782 ], [ 73.983531560722156, 15.055244980736834 ], [ 73.971481067404156, 15.054833078387121 ], [ 73.96369117460678, 15.068706865513345 ], [ 73.934258412259737, 15.077500560372499 ], [ 73.927617882821636, 15.085451432700726 ], [ 73.913914489905594, 15.083739171668672 ], [ 73.922577570788746, 15.095445708063826 ], [ 73.916031862902642, 15.107034190572531 ], [ 73.935699053613888, 15.114389557209398 ], [ 73.939294919709852, 15.133388753567806 ], [ 73.958311837405958, 15.144364167873086 ], [ 73.954649599730274, 15.170663015196872 ], [ 73.959095750416665, 15.185020940079397 ], [ 73.947256421036073, 15.172525107066908 ], [ 73.952455695810812, 15.149826462590958 ], [ 73.947067550786713, 15.145128520136758 ], [ 73.90164802760502, 15.308339692944056 ], [ 73.87932811044864, 15.363354373415874 ], [ 73.867286287149881, 15.369317647845518 ], [ 73.843051593759213, 15.360159147831874 ], [ 73.809523407093295, 15.380030227519148 ], [ 73.804033173776347, 15.393399405261613 ], [ 73.79068120605173, 15.398352012384514 ], [ 73.783677621105596, 15.411170450186177 ], [ 73.812874220118289, 15.399030534878788 ], [ 73.818896986655844, 15.412126933434768 ], [ 73.828723998120509, 15.403941812507915 ], [ 73.842926316787242, 15.410622626829607 ], [ 73.847276419675453, 15.400200912011538 ], [ 73.863588315568279, 15.407363667253355 ], [ 73.878408028826172, 15.39910580611132 ], [ 73.900303380885774, 15.407818410530524 ], [ 73.922353925545579, 15.403642245314307 ], [ 73.940523570913555, 15.40761169329623 ], [ 73.926259786446636, 15.415602684442559 ], [ 73.93605166696652, 15.436138907412746 ], [ 73.911232486907849, 15.424062294335965 ], [ 73.908280616681054, 15.416838617997287 ], [ 73.89782322079806, 15.41758803916486 ], [ 73.864458068422906, 15.432243241002338 ], [ 73.847848815605957, 15.451823680459805 ], [ 73.840147599660511, 15.448457983099585 ], [ 73.785648257366603, 15.461632740037528 ], [ 73.792154625524716, 15.466841956296896 ], [ 73.806779259524973, 15.463128887373374 ], [ 73.807342564047488, 15.4826143399968 ], [ 73.833755338526075, 15.505103744851951 ], [ 73.815651052695657, 15.507252567897661 ], [ 73.805573440791619, 15.493704115643858 ], [ 73.787934188374564, 15.498790066551722 ], [ 73.777659136424333, 15.490472893895895 ], [ 73.767198802542481, 15.49459273072886 ], [ 73.755422371586704, 15.544660127000958 ], [ 73.730383820927756, 15.598445564266401 ], [ 73.745539011470242, 15.604727549027071 ], [ 73.752309741839781, 15.61127766769485 ], [ 73.752108169461209, 15.625813938919482 ], [ 73.766505516411556, 15.632734771303639 ], [ 73.75935394745045, 15.63668737105332 ], [ 73.747100027291012, 15.6325470319047 ], [ 73.734292859435769, 15.613590210912793 ], [ 73.724710061433541, 15.624053510620069 ], [ 73.715607372505644, 15.660579645602123 ], [ 73.690856209174484, 15.706240721981276 ], [ 73.689513545132485, 15.717276434267724 ], [ 73.699693057338735, 15.721496688125773 ], [ 73.678036622031925, 15.72458187340955 ], [ 73.658964370025629, 15.748979835080613 ], [ 73.688937614076849, 15.754581330934826 ], [ 73.666448130510872, 15.764719262927303 ], [ 73.633174847319594, 15.851125969938911 ], [ 73.628909559298677, 15.85579950677239 ], [ 73.617705478678971, 15.85338069947257 ], [ 73.611749496376873, 15.875683417184746 ], [ 73.589525750820457, 15.910170627163257 ], [ 73.574632160996956, 15.912919625835569 ], [ 73.545402095396383, 15.935767653390666 ], [ 73.530017554293806, 15.931918173594232 ], [ 73.507622669644476, 15.94335081453001 ], [ 73.509233212205828, 15.962229420877588 ], [ 73.499921006392157, 15.962380392145041 ], [ 73.498766549478532, 15.969694631785758 ], [ 73.487591931802442, 15.974947943013708 ], [ 73.494500073932031, 16.004675952137298 ], [ 73.486503021794505, 16.037576038343854 ], [ 73.458595809040432, 16.057053213123972 ], [ 73.457904919178446, 16.064741528696317 ], [ 73.468477963601472, 16.06782129872277 ], [ 73.468251910404874, 16.090019507258393 ], [ 73.474121262357244, 16.095991431247931 ], [ 73.468656390429857, 16.116914019218438 ], [ 73.472421963688021, 16.158588881077844 ], [ 73.464790598730971, 16.1539427960425 ], [ 73.46081975779525, 16.137406417595042 ], [ 73.461459370905658, 16.11031522776161 ], [ 73.441728326971926, 16.196354682067234 ], [ 73.432178080264052, 16.201392439839505 ], [ 73.411682991936189, 16.281158983572453 ], [ 73.386300115572752, 16.335493777447716 ], [ 73.390549609164495, 16.356129414128997 ], [ 73.405118418280551, 16.353649317465724 ], [ 73.42050664445452, 16.364762737732732 ], [ 73.407830400932014, 16.359804328959449 ], [ 73.394592362885263, 16.366374335970161 ], [ 73.381601933509359, 16.357569037888755 ], [ 73.372608043720163, 16.362868334730628 ], [ 73.371965407121564, 16.378668540838714 ], [ 73.374472352171964, 16.385169684469378 ], [ 73.401692026014686, 16.389788201388981 ], [ 73.41402727674398, 16.40276595252406 ], [ 73.469526527391693, 16.415067577928117 ], [ 73.412195400736749, 16.411032946975542 ], [ 73.402124078748315, 16.399627773913419 ], [ 73.369760998107964, 16.393796814266253 ], [ 73.344392727779038, 16.475033927731772 ], [ 73.334348419812343, 16.478502853127711 ], [ 73.327475258815454, 16.510025613172104 ], [ 73.31923675585314, 16.512830714370324 ], [ 73.314158727316908, 16.532694845811552 ], [ 73.323006693086697, 16.552927381159101 ], [ 73.345974325416876, 16.567572270760529 ], [ 73.344208663069381, 16.574554306025547 ], [ 73.326003894176495, 16.582824392496271 ], [ 73.319972201315466, 16.599474846654857 ], [ 73.324242523618295, 16.603401832428549 ], [ 73.354964904868964, 16.591000020429934 ], [ 73.34337465733114, 16.609812248111584 ], [ 73.354669204203518, 16.608917259667056 ], [ 73.367755960205585, 16.624665817733874 ], [ 73.37880294937915, 16.611059153952933 ], [ 73.379058797802003, 16.594332146672713 ], [ 73.403128581852002, 16.586363916394724 ], [ 73.385447576487053, 16.59873764894402 ], [ 73.389819791669595, 16.612157710916708 ], [ 73.399027227577577, 16.615136775229498 ], [ 73.392366456195759, 16.626678306178128 ], [ 73.370035854342262, 16.636150285100115 ], [ 73.343959058220491, 16.616140070583288 ], [ 73.335488870960745, 16.619190410736479 ], [ 73.341858787151239, 16.631477389807724 ], [ 73.32417105599319, 16.635738138981896 ], [ 73.332071321332506, 16.647841964496639 ], [ 73.328593381689572, 16.6783207980342 ], [ 73.342653289783314, 16.680365012449769 ], [ 73.345415168577702, 16.690568827960064 ], [ 73.339727311574762, 16.686428508775034 ], [ 73.322532304705163, 16.690904565999322 ], [ 73.311763156442453, 16.716253606400336 ], [ 73.302637194175418, 16.754336870724483 ], [ 73.317644944966943, 16.797092295807126 ], [ 73.293491811698914, 16.834276763082176 ], [ 73.292803989556646, 16.883163478871285 ], [ 73.315351490807785, 16.887977896045786 ], [ 73.306278640261624, 16.894833900185478 ], [ 73.282363833631521, 16.893071064522399 ], [ 73.289803016151694, 16.926012146136397 ], [ 73.284797262781666, 16.948307341803559 ], [ 73.294675728350384, 16.974927043408847 ], [ 73.307792931308015, 16.956834524508348 ], [ 73.328706624026779, 16.950295740013889 ], [ 73.333705534704563, 16.967886025881441 ], [ 73.319932207545918, 16.961790033755818 ], [ 73.313278293048853, 16.965291531226995 ], [ 73.31338577832517, 16.97965069852625 ], [ 73.307284508615297, 16.973340533175492 ], [ 73.305036535268286, 16.980310731788553 ], [ 73.283448331290572, 16.991024494051153 ], [ 73.272740525501717, 16.984959132018005 ], [ 73.272038618929201, 16.993486228220682 ], [ 73.284205534442577, 17.002343645540208 ], [ 73.282090209614466, 17.013611339039272 ], [ 73.275367835166534, 17.022542564641455 ], [ 73.260633430941141, 17.017997005281043 ], [ 73.257882187130306, 17.046443023379695 ], [ 73.265023880286279, 17.049041322729973 ], [ 73.280455433829204, 17.039704040394845 ], [ 73.29405788536873, 17.055678327131854 ], [ 73.29169140814794, 17.070526822565988 ], [ 73.302329857238803, 17.067555813926504 ], [ 73.312394063073626, 17.07678042975154 ], [ 73.292935997136752, 17.080060728178896 ], [ 73.282476633836595, 17.111317824382375 ], [ 73.27138607094966, 17.114296803653705 ], [ 73.269402738112234, 17.146379814839619 ], [ 73.277465662673379, 17.155342030120664 ], [ 73.266853046179236, 17.157642136974932 ], [ 73.258613786125096, 17.182130387705079 ], [ 73.239100486170258, 17.194242366671102 ], [ 73.238874723829014, 17.200096353902993 ], [ 73.249462647394125, 17.20028001535535 ], [ 73.248950841987053, 17.219710158426579 ], [ 73.237767783320763, 17.229258351613371 ], [ 73.219732526734902, 17.275070300873644 ], [ 73.215645146690619, 17.278631758737038 ], [ 73.20751019437472, 17.273503072476423 ], [ 73.201530712374549, 17.293065176720457 ], [ 73.189859303530653, 17.299426850785085 ], [ 73.196786938187202, 17.306097737387919 ], [ 73.231786120585369, 17.29841102065846 ], [ 73.246049068402527, 17.317149309465542 ], [ 73.22373563167659, 17.326932287280155 ], [ 73.231132894884723, 17.334528563111743 ], [ 73.220670248770858, 17.34634081255755 ], [ 73.226261737793834, 17.356134079668646 ], [ 73.21746186860706, 17.360734134779097 ], [ 73.219129501203994, 17.37140046204501 ], [ 73.212292358542527, 17.372202378111922 ], [ 73.205883687309552, 17.387458662712369 ], [ 73.197242650161968, 17.389986760747391 ], [ 73.188048249395379, 17.383736793716317 ], [ 73.168597003443466, 17.40373897821296 ], [ 73.187605492539305, 17.411324279228864 ], [ 73.190213715126049, 17.431718559844541 ], [ 73.204460335205937, 17.439417607953065 ], [ 73.188528369252452, 17.446397650890443 ], [ 73.194575633232262, 17.463918263438135 ], [ 73.182604035743012, 17.510342981056244 ], [ 73.14129002984312, 17.556553567499378 ], [ 73.142882597995438, 17.566091064045249 ], [ 73.156063104376685, 17.573457485980018 ], [ 73.160102311635839, 17.590825645524724 ], [ 73.144990092882821, 17.603672061740085 ], [ 73.130491055915812, 17.639791789892509 ], [ 73.138056532554927, 17.645123046795451 ], [ 73.117040341779202, 17.689535964414393 ], [ 73.137264013321939, 17.705159634550498 ], [ 73.138080978912498, 17.718639569597499 ], [ 73.097717167483623, 17.808312048393606 ], [ 73.09328638338576, 17.83446779121741 ], [ 73.130237360768746, 17.831341552551827 ], [ 73.102089834939818, 17.844578369291838 ], [ 73.092131540161304, 17.838732313562364 ], [ 73.075921875761935, 17.877780889179999 ], [ 73.080300253579537, 17.894364570758437 ], [ 73.066969588911476, 17.887559469095809 ], [ 73.055971842978451, 17.893437951716798 ], [ 73.055310795845529, 17.918125477346905 ], [ 73.03362746088861, 17.936456516270024 ], [ 73.028108562727297, 17.986750332986755 ], [ 73.019980045518224, 17.991343408999903 ], [ 73.006838473770557, 18.021823230650444 ], [ 73.024649842906257, 18.021505356563818 ], [ 73.030441563395982, 18.034295560621331 ], [ 73.046587708704976, 18.04386752980761 ], [ 73.036330377233483, 18.047503336305667 ], [ 73.017552047647456, 18.030183304387414 ], [ 73.011827146464796, 18.031662186470861 ], [ 73.009339448966472, 18.048768323677514 ], [ 72.992315972117538, 18.049592410205133 ], [ 73.001620792701019, 18.07373065639251 ], [ 72.970796143000229, 18.129200055185397 ], [ 72.980643301955226, 18.134369571185534 ], [ 72.985830419974633, 18.157764926862978 ], [ 72.976221002373507, 18.199153568012477 ], [ 72.950345925921823, 18.218669938404343 ], [ 72.937624898868563, 18.210821717627468 ], [ 72.932115939278702, 18.214103486370959 ], [ 72.941584931664138, 18.236233186716202 ], [ 72.932710045696041, 18.280701735388806 ], [ 72.947200472283015, 18.284946834623589 ], [ 72.962522158463983, 18.316165082231489 ], [ 72.951461146145348, 18.335098168792126 ], [ 72.913399323796099, 18.359333573682758 ], [ 72.913468454342507, 18.367690985962007 ], [ 72.925588705883726, 18.371223005661388 ], [ 72.926146215693578, 18.383793763877073 ], [ 72.91078204457142, 18.394325992944619 ], [ 72.902937351043903, 18.438904828148821 ], [ 72.892071030042473, 18.459266329274808 ], [ 72.899818656974418, 18.467326696804871 ], [ 72.902526899515635, 18.495860263809522 ], [ 72.909665197279267, 18.501016277089246 ], [ 72.904059064712428, 18.535693680863801 ], [ 72.923733037916847, 18.530213172801158 ], [ 72.933300846575506, 18.53440536983004 ], [ 72.902312282836249, 18.587187235261474 ], [ 72.867703209122581, 18.620409125853083 ], [ 72.861714904485126, 18.639375207348454 ], [ 72.86239897880742, 18.678155059278737 ], [ 72.852483617453586, 18.699195215794454 ], [ 72.866006970682264, 18.75665875444167 ], [ 72.859980142080744, 18.782302649773651 ], [ 72.864948202135622, 18.804341014881722 ], [ 72.807545215962065, 18.895808194278555 ], [ 72.806197265066501, 18.908685256075003 ], [ 72.822276938368901, 18.943148463293941 ], [ 72.812807131344542, 18.951537475825333 ], [ 72.794099941579645, 18.938028816185621 ], [ 72.787649227104964, 18.939476874391943 ], [ 72.807885210980402, 18.980143179671252 ], [ 72.8132898709637, 19.014378531793938 ], [ 72.820199787334204, 19.018710089674631 ], [ 72.816915617151196, 19.064431877927039 ], [ 72.821728791416206, 19.1089473165854 ], [ 72.827115399737721, 19.111977724046348 ], [ 72.825785439232021, 19.124471266366079 ], [ 72.817738158357884, 19.122527650438801 ], [ 72.806706361121456, 19.137375160485597 ], [ 72.799766784272038, 19.137486184414371 ], [ 72.795200765131739, 19.124643788354156 ], [ 72.783634863369784, 19.125174714166381 ], [ 72.787690428603042, 19.145402786719036 ], [ 72.779967267088921, 19.156305017117148 ], [ 72.791676405221068, 19.168517005199472 ], [ 72.794637310483552, 19.182750937547016 ], [ 72.794209855266388, 19.190639448424676 ], [ 72.784157777315613, 19.194577321554512 ], [ 72.778989863688039, 19.216130209414711 ], [ 72.781283086673866, 19.267696580960472 ], [ 72.7843513270074, 19.299921792230876 ], [ 72.793939888674018, 19.304144485263798 ], [ 72.800084436738473, 19.33032437983556 ], [ 72.755247151485179, 19.378439933593658 ], [ 72.755825150214591, 19.417016632788343 ], [ 72.745802009565978, 19.464035867116646 ], [ 72.748652071375602, 19.485927765378229 ], [ 72.730279707051068, 19.500127657254527 ], [ 72.72802503976196, 19.520147509794636 ], [ 72.709592882230808, 19.553075877218145 ], [ 72.721185372066216, 19.616527040102664 ], [ 72.704961596439759, 19.630427546529273 ], [ 72.694884420592672, 19.656857938445718 ], [ 72.697792989015056, 19.679959651433336 ], [ 72.712398837694025, 19.685035118142949 ], [ 72.713944686770176, 19.693409523223956 ], [ 72.695512909714921, 19.716925163582328 ], [ 72.676071196576004, 19.714047959985031 ], [ 72.677670523307782, 19.745954576391711 ], [ 72.669815270922413, 19.759348413111695 ], [ 72.686804268656715, 19.77360942270662 ], [ 72.685722031703278, 19.792706477927357 ], [ 72.713476777303882, 19.801689872202296 ], [ 72.722745594401033, 19.819067519857935 ], [ 72.686967315738215, 19.811331802960893 ], [ 72.682452985651139, 19.804657148987694 ], [ 72.665067037245507, 19.821691193904687 ], [ 72.658982581037506, 19.808674233398509 ], [ 72.644415771543237, 19.838997156690471 ], [ 72.644397374317151, 19.869048399800562 ], [ 72.655860961639561, 19.860495152837082 ], [ 72.66699955620534, 19.86369018604401 ], [ 72.672767576390399, 19.873326147848349 ], [ 72.663277612461115, 19.917833811196701 ], [ 72.650448038933945, 19.942412394532049 ], [ 72.668866446243371, 19.942600424400357 ], [ 72.684335965005616, 19.960361817679299 ], [ 72.707967027733048, 19.968361276815067 ], [ 72.711171367073746, 19.954421367409228 ], [ 72.723909059517126, 19.951542718173876 ], [ 72.720069870152571, 19.942635255671725 ], [ 72.728284686630488, 19.924541549312259 ], [ 72.738055793223737, 19.921309899340191 ], [ 72.734794431276711, 19.909659069638895 ], [ 72.751487264765984, 19.909370988224179 ], [ 72.75372978437079, 19.882425475992051 ], [ 72.773549358353733, 19.899026003717744 ], [ 72.765761106422687, 19.903773303964325 ], [ 72.770744978558952, 19.907178786047918 ], [ 72.762276206598884, 19.929713545869877 ], [ 72.770486884147132, 19.93885502693584 ], [ 72.769284463082457, 19.946478564504488 ], [ 72.756112876063312, 19.947927286253858 ], [ 72.753264654292295, 19.95398679228547 ], [ 72.768820192220588, 19.958921226397059 ], [ 72.760024505776812, 19.981494365113441 ], [ 72.752497289746074, 19.981441114099152 ], [ 72.747226916051375, 19.972041203308233 ], [ 72.737611280465075, 19.978737178411922 ], [ 72.730996702788161, 19.975655780891927 ], [ 72.727917481202766, 19.983505307568681 ], [ 72.719540641609257, 19.979002820700252 ], [ 72.714850687309749, 20.016438500180126 ], [ 72.724945098018864, 20.036319460424526 ], [ 72.721482817643505, 20.041658805634121 ], [ 72.711779256835328, 20.036688311433409 ], [ 72.704233654787004, 20.081041499750885 ], [ 72.727167491752127, 20.121575956228963 ], [ 72.737525864815069, 20.190153586185453 ], [ 72.756252524278764, 20.210351834641244 ], [ 72.769103178881238, 20.210798270484275 ], [ 72.767860411297477, 20.217013753576456 ], [ 72.744883642828626, 20.211166138563375 ], [ 72.738416766641507, 20.23501362507465 ], [ 72.760259196518106, 20.312675668260269 ], [ 72.759846863328846, 20.334737160429199 ], [ 72.776452844160247, 20.357655893194618 ], [ 72.804227657172561, 20.376878975011262 ], [ 72.815030727553918, 20.409001664745904 ], [ 72.824769679366582, 20.414022766731524 ], [ 72.821766180674942, 20.442330696100349 ], [ 72.873023575442843, 20.506412411773784 ], [ 72.870672806469685, 20.535553288561925 ], [ 72.885753750767194, 20.571494747504364 ], [ 72.882679517940289, 20.610179790325041 ], [ 72.835632531597255, 20.749434130353354 ], [ 72.837574446683547, 20.760733106049184 ], [ 72.818309320047732, 20.803094840703629 ], [ 72.812307106774185, 20.837009519011851 ], [ 72.782867225751957, 20.89979301644307 ], [ 72.783121427942049, 20.931337476780932 ], [ 72.82476178752411, 20.949924265016701 ], [ 72.8395760077521, 20.944046798445719 ], [ 72.845773873844124, 20.947522957039514 ], [ 72.828903978281772, 20.955727626027638 ], [ 72.807035133625732, 20.953475255984884 ], [ 72.774181360303146, 20.935965917820106 ], [ 72.770915741766416, 20.917678282305314 ], [ 72.756095437894658, 20.930638988717892 ], [ 72.737462995869663, 20.973989643807734 ], [ 72.722023781383371, 21.039977500981827 ], [ 72.726193400221916, 21.052609556724818 ], [ 72.755075726038612, 21.051858881135182 ], [ 72.72865697714893, 21.066204452576478 ], [ 72.699763093869166, 21.060837141903853 ], [ 72.693888563684936, 21.065148127550252 ], [ 72.706251815347102, 21.07753082948549 ], [ 72.700143808594319, 21.100973129203318 ], [ 72.706529611029026, 21.127363205421339 ], [ 72.720697398002557, 21.143194199891013 ], [ 72.68485831689101, 21.157644271150691 ], [ 72.670694346341776, 21.157361984350807 ], [ 72.66042136606562, 21.142641068397143 ], [ 72.659029002222255, 21.087930679439104 ], [ 72.652643198762362, 21.078191758044728 ], [ 72.632638926769047, 21.081232070904726 ], [ 72.624582285471831, 21.091810227565503 ], [ 72.627359384466359, 21.11986350995036 ], [ 72.617639537211176, 21.16347312960913 ], [ 72.618471140530986, 21.205972672635788 ], [ 72.624032968249111, 21.212083816412651 ], [ 72.618471139879958, 21.222639083748852 ], [ 72.646806710783309, 21.217363357171372 ], [ 72.652360911081374, 21.220140457372612 ], [ 72.653196329902002, 21.22680473293989 ], [ 72.646532053769207, 21.219583511067569 ], [ 72.622087473266689, 21.233472824368071 ], [ 72.609582895496089, 21.229860305291325 ], [ 72.597085947298069, 21.250139235706634 ], [ 72.596529001624205, 21.271806716580553 ], [ 72.60486029949152, 21.277360915923918 ], [ 72.587358470071322, 21.275690078327553 ], [ 72.589303964047716, 21.282365800052396 ], [ 72.598474497236765, 21.279859543129081 ], [ 72.587907785152353, 21.29125022966242 ], [ 72.59319114074772, 21.31208610463927 ], [ 72.608751291266188, 21.326250075863893 ], [ 72.623468394066606, 21.354860306452863 ], [ 72.635408396222701, 21.362360001189426 ], [ 72.634580607649852, 21.369863510858529 ], [ 72.647920603180808, 21.372362136015813 ], [ 72.643472666620369, 21.358472824456438 ], [ 72.649309152887611, 21.36736106962989 ], [ 72.647363656322426, 21.375692366742406 ], [ 72.63958167457973, 21.375974655647138 ], [ 72.635408395432194, 21.374311447640384 ], [ 72.631250375359542, 21.36514091506503 ], [ 72.623193735545598, 21.365140914308885 ], [ 72.625421519546194, 21.381532670197643 ], [ 72.664854044197511, 21.427362441320096 ], [ 72.680139535345205, 21.433752059990272 ], [ 72.696809763873858, 21.464582443904145 ], [ 72.690141671543273, 21.463193893453187 ], [ 72.6818065590289, 21.44875145037183 ], [ 72.66930579575758, 21.44708442680923 ], [ 72.645143502691951, 21.433752060285553 ], [ 72.643198008401129, 21.441251755735998 ] ] ], [ [ [ 72.672362994582315, 21.155138999785326 ], [ 72.710419995217535, 21.140694000742247 ], [ 72.696808994274861, 21.118749999768148 ], [ 72.698752994638454, 21.108191000753017 ], [ 72.689024995262784, 21.089859999849704 ], [ 72.675696995109845, 21.105142001058525 ], [ 72.665702994595435, 21.139860000453623 ], [ 72.664863994499299, 21.148472999972167 ], [ 72.672362994582315, 21.155138999785326 ] ] ], [ [ [ 72.717361993616919, 21.665422000760806 ], [ 72.745971994752423, 21.658750999825827 ], [ 72.75096799374279, 21.652916000824739 ], [ 72.737921994051163, 21.643751999895056 ], [ 72.716796995008337, 21.644590000356036 ], [ 72.710136993842596, 21.659031000893151 ], [ 72.717361993616919, 21.665422000760806 ] ] ], [ [ [ 72.592635995139815, 21.638471000533986 ], [ 72.595961995426734, 21.630141000903119 ], [ 72.611525995160846, 21.635695000032904 ], [ 72.601515993951679, 21.626811000339266 ], [ 72.599021994494038, 21.617361000086571 ], [ 72.589857994697766, 21.622079000254907 ], [ 72.592635995139815, 21.638471000533986 ] ] ], [ [ [ 74.458304751531188, 14.275049467534341 ], [ 74.478911131570101, 14.275970702877773 ], [ 74.482023723402207, 14.265309969282987 ], [ 74.461176636041216, 14.27085909692447 ], [ 74.458304751531188, 14.275049467534341 ] ] ], [ [ [ 74.39905324610254, 14.461281335318471 ], [ 74.392363253871537, 14.462924181342833 ], [ 74.391797884587945, 14.476985391591409 ], [ 74.401927492601004, 14.471652828732667 ], [ 74.39905324610254, 14.461281335318471 ] ] ], [ [ [ 74.688023690105837, 13.652841448481507 ], [ 74.679040050215249, 13.653858182209856 ], [ 74.677656839651576, 13.666762533079782 ], [ 74.690408944899133, 13.660758898515036 ], [ 74.688023690105837, 13.652841448481507 ] ] ], [ [ [ 72.598196994900377, 21.386530999689775 ], [ 72.599860993609354, 21.377915000222188 ], [ 72.587637994024533, 21.367361000623351 ], [ 72.591803993709078, 21.371804999272488 ], [ 72.598196994900377, 21.386530999689775 ] ] ], [ [ [ 72.612639994464473, 21.395695001095202 ], [ 72.628197994366417, 21.417360000191234 ], [ 72.621801994110001, 21.40319299979917 ], [ 72.612639994464473, 21.395695001095202 ] ] ], [ [ [ 72.64568999521866, 21.075700000558076 ], [ 72.654028994536745, 21.074309999901416 ], [ 72.657912995450559, 21.065693999940226 ], [ 72.648191993756953, 21.067641000834609 ], [ 72.64568999521866, 21.075700000558076 ] ] ], [ [ [ 74.742453275072748, 13.643293638843412 ], [ 74.730936468873466, 13.640051173346007 ], [ 74.728771097617752, 13.642711730102347 ], [ 74.742453275072748, 13.643293638843412 ] ] ], [ [ [ 73.4562204717231, 16.047535106733672 ], [ 73.460802866394133, 16.046449880431929 ], [ 73.461776074168185, 16.035730840198401 ], [ 73.456492715834159, 16.037789967132053 ], [ 73.4562204717231, 16.047535106733672 ] ] ], [ [ [ 74.198138185728894, 14.876701688969703 ], [ 74.1894335225508, 14.870185815829505 ], [ 74.186568899931515, 14.872556237502106 ], [ 74.198138185728894, 14.876701688969703 ] ] ], [ [ [ 72.665414805243572, 21.44320106527881 ], [ 72.675973886901787, 21.443201065186177 ], [ 72.66375159573586, 21.439584732957091 ], [ 72.665414805243572, 21.44320106527881 ] ] ], [ [ [ 74.100384443891272, 14.838426094249046 ], [ 74.091598316075746, 14.840744354012573 ], [ 74.09162276188016, 14.844358263073756 ], [ 74.098108835092063, 14.845203677524987 ], [ 74.100384443891272, 14.838426094249046 ] ] ], [ [ [ 74.675043110969057, 13.376354440921672 ], [ 74.668394507894163, 13.378258417370795 ], [ 74.66836083569487, 13.385719543976213 ], [ 74.673728313728958, 13.382262040564335 ], [ 74.675043110969057, 13.376354440921672 ] ] ], [ [ [ 74.40161959430921, 14.311241029300163 ], [ 74.394028549127171, 14.312907163009001 ], [ 74.395312641552195, 14.317738128503185 ], [ 74.400446886028433, 14.318089658205109 ], [ 74.40161959430921, 14.311241029300163 ] ] ], [ [ [ 72.669296994271122, 21.10486099954872 ], [ 72.672079994043386, 21.115140000072053 ], [ 72.676245993912119, 21.097079999719863 ], [ 72.669296994271122, 21.10486099954872 ] ] ], [ [ [ 74.087482667808388, 14.789662658425557 ], [ 74.079782629335156, 14.79042524799809 ], [ 74.082759038029593, 14.796150090171029 ], [ 74.086421486650536, 14.795047016385686 ], [ 74.087482667808388, 14.789662658425557 ] ] ], [ [ [ 74.050962285015899, 14.815039116776424 ], [ 74.055405154166777, 14.820034730704633 ], [ 74.05829979844448, 14.815707239138687 ], [ 74.056811462106069, 14.812124594698291 ], [ 74.050962285015899, 14.815039116776424 ] ] ], [ [ [ 74.086707280883417, 14.830949990642706 ], [ 74.091151710351113, 14.835951571439036 ], [ 74.094045916528088, 14.831614093312133 ], [ 74.092556041759238, 14.828040756626836 ], [ 74.086707280883417, 14.830949990642706 ] ] ], [ [ [ 74.089594630437034, 14.871493765696897 ], [ 74.094043173819529, 14.876486753196586 ], [ 74.096937751866321, 14.87215784873259 ], [ 74.095445101415834, 14.868584071328524 ], [ 74.089594630437034, 14.871493765696897 ] ] ], [ [ [ 74.484821871981325, 14.010891909154482 ], [ 74.476735456377838, 14.011423314806574 ], [ 74.476081954797266, 14.014827573929498 ], [ 74.483249164982439, 14.015456386559187 ], [ 74.484821871981325, 14.010891909154482 ] ] ], [ [ [ 74.474890827414185, 14.089018680742193 ], [ 74.468974451384497, 14.085223336331575 ], [ 74.469020069751991, 14.090166665810218 ], [ 74.474890827414185, 14.089018680742193 ] ] ], [ [ [ 74.489632907915009, 14.023786284275124 ], [ 74.484874796411887, 14.02355673753909 ], [ 74.484090950007356, 14.029053798901588 ], [ 74.487737282037187, 14.029845436691758 ], [ 74.489632907915009, 14.023786284275124 ] ] ], [ [ [ 74.109123959495832, 14.759328944635458 ], [ 74.114303358304682, 14.756118952282232 ], [ 74.11917887822122, 14.753440750926362 ], [ 74.113498480705161, 14.752027822890421 ], [ 74.109123959495832, 14.759328944635458 ] ] ], [ [ [ 74.328541449672812, 14.014758074694544 ], [ 74.326123793587001, 14.022351491362878 ], [ 74.332228142449168, 14.015164349073583 ], [ 74.328541449672812, 14.014758074694544 ] ] ], [ [ [ 72.701247994341017, 21.121811000414382 ], [ 72.703185995164475, 21.114580000623725 ], [ 72.699577995201693, 21.112360001016555 ], [ 72.697637994495977, 21.11681100071447 ], [ 72.701247994341017, 21.121811000414382 ] ] ], [ [ [ 73.388444758073547, 16.620071457100281 ], [ 73.382409489026458, 16.61739795313337 ], [ 73.38406521461259, 16.621259644968834 ], [ 73.388444758073547, 16.620071457100281 ] ] ], [ [ [ 74.684872558414369, 13.348605329872957 ], [ 74.68197033740222, 13.34421843715729 ], [ 74.680503730964716, 13.349153689140048 ], [ 74.684872558414369, 13.348605329872957 ] ] ], [ [ [ 74.696658910450239, 13.331230630164441 ], [ 74.693757105742023, 13.326835121660611 ], [ 74.692290720780278, 13.331779245284645 ], [ 74.696658910450239, 13.331230630164441 ] ] ], [ [ [ 74.690905196647421, 13.339915168109302 ], [ 74.688002966588471, 13.335528514491282 ], [ 74.686537017188442, 13.340454642486955 ], [ 74.690905196647421, 13.339915168109302 ] ] ], [ [ [ 72.604858995518313, 21.621805999959133 ], [ 72.609581994248643, 21.629030999319941 ], [ 72.607361994663009, 21.619030000468676 ], [ 72.604858995518313, 21.621805999959133 ] ] ], [ [ [ 72.635130994177587, 21.417641000467444 ], [ 72.63541299519018, 21.412916000957644 ], [ 72.631529995025573, 21.411805999895886 ], [ 72.635130994177587, 21.417641000467444 ] ] ], [ [ [ 72.579580995073073, 21.364311000030735 ], [ 72.58319199367476, 21.362921000853142 ], [ 72.578748994454173, 21.360140000119983 ], [ 72.579580995073073, 21.364311000030735 ] ] ], [ [ [ 72.59569499399224, 21.640692999357746 ], [ 72.602636994512082, 21.641251000389193 ], [ 72.60263699536354, 21.639861000915449 ], [ 72.598746994249751, 21.637082999830682 ], [ 72.59569499399224, 21.640692999357746 ] ] ], [ [ [ 72.581251994751412, 21.626250000984975 ], [ 72.584585993850382, 21.629031000560097 ], [ 72.58402299484662, 21.625969999817979 ], [ 72.581251994751412, 21.626250000984975 ] ] ], [ [ [ 72.585417995090566, 21.3368039995431 ], [ 72.588196994755535, 21.33986100081891 ], [ 72.587355993861252, 21.336250999394931 ], [ 72.585417995090566, 21.3368039995431 ] ] ], [ [ [ 72.679304994444607, 21.09875099939228 ], [ 72.680136995411388, 21.095416999837411 ], [ 72.678465995319741, 21.098751000252118 ], [ 72.679304994444607, 21.09875099939228 ] ] ], [ [ [ 72.614294994179602, 21.636529000519094 ], [ 72.617079994391332, 21.638470999975009 ], [ 72.614586994079602, 21.635417000242295 ], [ 72.614294994179602, 21.636529000519094 ] ] ], [ [ [ 72.749030994800336, 21.644083750396934 ], [ 72.750007557623334, 21.647920000257702 ], [ 72.750964801198251, 21.646284633908099 ], [ 72.749030994800336, 21.644083750396934 ] ] ], [ [ [ 72.610137995359594, 21.631250000976603 ], [ 72.611807994044682, 21.632084999389097 ], [ 72.609863995241085, 21.629590999454493 ], [ 72.610137995359594, 21.631250000976603 ] ] ], [ [ [ 72.617637994442916, 21.638458999420937 ], [ 72.619581993977931, 21.639582999820327 ], [ 72.620147993879769, 21.639030999911338 ], [ 72.617637994442916, 21.638458999420937 ] ] ], [ [ [ 72.69568699420698, 21.527360999761875 ], [ 72.694363579603774, 21.527201333899932 ], [ 72.693780714177606, 21.527361007435832 ], [ 72.69568699420698, 21.527360999761875 ] ] ], [ [ [ 72.692915994346947, 21.461134405937617 ], [ 72.692915994982314, 21.461810001117719 ], [ 72.693335030006409, 21.461810000144599 ], [ 72.692915994346947, 21.461134405937617 ] ] ], [ [ [ 72.671303586530442, 21.514580204807988 ], [ 72.67097499540246, 21.51485999995937 ], [ 72.671395885833476, 21.515134175171561 ], [ 72.671303586530442, 21.514580204807988 ] ] ], [ [ [ 72.821251994387325, 21.659311038698007 ], [ 72.821251994174844, 21.659589000527728 ], [ 72.821636111559201, 21.659589000886196 ], [ 72.821251994387325, 21.659311038698007 ] ] ], [ [ [ 72.657915110750423, 21.470651627499517 ], [ 72.657915108962129, 21.47097206201833 ], [ 72.658193583615457, 21.470972062182849 ], [ 72.657915110750423, 21.470651627499517 ] ] ], [ [ [ 72.706143264058298, 21.532361001199529 ], [ 72.70652699549531, 21.53258167483083 ], [ 72.706526995361571, 21.532361001127235 ], [ 72.706143264058298, 21.532361001199529 ] ] ], [ [ [ 72.820968995393869, 21.659106247577764 ], [ 72.820968994775981, 21.659309000079485 ], [ 72.821249177835611, 21.6593090006083 ], [ 72.820968995393869, 21.659106247577764 ] ] ], [ [ [ 72.685141995312335, 21.540696000888392 ], [ 72.685141993753192, 21.540891235257913 ], [ 72.685409320838446, 21.540699874382913 ], [ 72.685141995312335, 21.540696000888392 ] ] ], [ [ [ 72.748747995024857, 21.643856211821451 ], [ 72.748747994530831, 21.644030000856556 ], [ 72.748964144387116, 21.644030000607113 ], [ 72.748747995024857, 21.643856211821451 ] ] ], [ [ [ 72.819861993984986, 21.65863315432712 ], [ 72.819861995218687, 21.658750999745198 ], [ 72.820142892805293, 21.658751001438734 ], [ 72.819861993984986, 21.65863315432712 ] ] ], [ [ [ 72.821800995189619, 21.659708316118529 ], [ 72.821800993728687, 21.65986000079365 ], [ 72.822010610452494, 21.659859999643714 ], [ 72.821800995189619, 21.659708316118529 ] ] ], [ [ [ 72.674575995226888, 21.521085533841472 ], [ 72.674575995530375, 21.521261999935835 ], [ 72.674665229195682, 21.521262001163514 ], [ 72.674575995226888, 21.521085533841472 ] ] ], [ [ [ 72.674308995174258, 21.520643226683063 ], [ 72.674308993742585, 21.520693999855109 ], [ 72.674341073681731, 21.520693759590422 ], [ 72.674308995174258, 21.520643226683063 ] ] ], [ [ [ 72.705666793750609, 21.651530000830395 ], [ 72.7056949942274, 21.651529999360907 ], [ 72.70569499521352, 21.651514331444755 ], [ 72.705666793750609, 21.651530000830395 ] ] ] ] } },
{ "type": "Feature", "properties": { "objectid": 11, "ae_regcode": 20, "physio_reg": "ISLANDS  OF ANDAMAN-NICOBAR  AND LAKSHADWEEP  HOT  HUMID  TO PERHUMID ISLAND ECO REGION", "area_sqkm": 7577.8523589300003, "shape_Leng": 3901102.5867599999, "shape_Area": 8247664821.8299999 }, "geometry": { "type": "MultiPolygon", "coordinates": [ [ [ [ 92.899047026715579, 12.91512008855312 ], [ 92.911308200418134, 12.908780936393413 ], [ 92.922145129767074, 12.913042619037437 ], [ 92.909368968144179, 12.903081667463562 ], [ 92.904457673758444, 12.886248403676509 ], [ 92.928157508444201, 12.883973552823058 ], [ 92.929298409554903, 12.859163649126346 ], [ 92.941417012747266, 12.855373884696736 ], [ 92.940324042969124, 12.836648101042494 ], [ 92.947950065195045, 12.836780461538009 ], [ 92.944098713627284, 12.825780747098769 ], [ 92.953899108100018, 12.807397629429028 ], [ 92.948858269045672, 12.792623001791993 ], [ 92.93382388426916, 12.781368190173618 ], [ 92.933908954501305, 12.773662770157742 ], [ 92.93907561929818, 12.766852474641171 ], [ 92.949740178906978, 12.770347122844175 ], [ 92.94907056479056, 12.761868971573422 ], [ 92.968544793025529, 12.740039551413878 ], [ 92.965065759045558, 12.72380967975468 ], [ 92.980099401688847, 12.71014306436509 ], [ 92.972399065170819, 12.712407276996034 ], [ 92.964684686709475, 12.704594718129885 ], [ 92.957516801653355, 12.62530686744123 ], [ 92.948774546195409, 12.628805441111135 ], [ 92.958618138863073, 12.619480708174633 ], [ 92.957088680200116, 12.593349025383796 ], [ 92.975523178016431, 12.542940072752176 ], [ 92.96561554948029, 12.510135342051552 ], [ 92.968232087144358, 12.497027671171921 ], [ 92.959194521846157, 12.486941382143405 ], [ 92.946578991807087, 12.499539794160354 ], [ 92.940965733095794, 12.485077010917392 ], [ 92.930314889025283, 12.480059192402681 ], [ 92.934785112260158, 12.469197443692956 ], [ 92.933145098957425, 12.467549007656981 ], [ 92.925974474666745, 12.467079475117728 ], [ 92.922759892398716, 12.465165641338944 ], [ 92.943428077263107, 12.467584827264101 ], [ 92.950996235696351, 12.476164190287577 ], [ 92.958673781982441, 12.473110059765459 ], [ 92.943406873798466, 12.461073567490766 ], [ 92.9411420599846, 12.449380699083825 ], [ 92.915113491773155, 12.443817423058617 ], [ 92.923869303289479, 12.435463802596569 ], [ 92.914792954997466, 12.40630931377904 ], [ 92.906952886132842, 12.406694679310124 ], [ 92.909925551928438, 12.420498043500688 ], [ 92.892305184229869, 12.436444777027884 ], [ 92.856188417427134, 12.456778401355589 ], [ 92.890149505493795, 12.432276024416407 ], [ 92.899301342693335, 12.416399356714045 ], [ 92.886089763963113, 12.42441693956332 ], [ 92.875216524302175, 12.413403406027212 ], [ 92.864860838502835, 12.42654877740255 ], [ 92.846287684789445, 12.423537303383274 ], [ 92.807600363300494, 12.437340427695428 ], [ 92.830869071391163, 12.427663085051517 ], [ 92.828693753814207, 12.426111995716344 ], [ 92.828269759433738, 12.418932576051564 ], [ 92.834581921971306, 12.410446347716414 ], [ 92.82932101251501, 12.411063911086007 ], [ 92.826543060923953, 12.409347222337708 ], [ 92.840583569331741, 12.407458827442573 ], [ 92.835942880345371, 12.397243430938792 ], [ 92.86010224716803, 12.371231330153194 ], [ 92.858706662473551, 12.363622417366537 ], [ 92.869026518726329, 12.361661234391939 ], [ 92.873192627296504, 12.352907541264312 ], [ 92.883873181085235, 12.35614929064019 ], [ 92.896125587678782, 12.336505966460409 ], [ 92.881611170800014, 12.344916953196556 ], [ 92.879081396082881, 12.333684228999481 ], [ 92.883737608949332, 12.333196562922193 ], [ 92.867830814486126, 12.331561151459011 ], [ 92.887524031905841, 12.331950259351812 ], [ 92.887911494314253, 12.32570618460122 ], [ 92.898316796929436, 12.325905159623188 ], [ 92.895176201079323, 12.32020410629765 ], [ 92.885275022067475, 12.323609837782838 ], [ 92.877970717123048, 12.313759757167077 ], [ 92.872773208149141, 12.318297040652197 ], [ 92.853087497249632, 12.313681083900113 ], [ 92.832114009683551, 12.30253555700755 ], [ 92.809767446882844, 12.31492619330672 ], [ 92.802045776503505, 12.312893918558768 ], [ 92.794877300836276, 12.306052367022362 ], [ 92.771455556213141, 12.319635498975204 ], [ 92.765344377933758, 12.302360249313438 ], [ 92.763714839835416, 12.312803135796752 ], [ 92.754837222446866, 12.296007558817317 ], [ 92.734590703149479, 12.303248984050352 ], [ 92.719558122936917, 12.300385334429777 ], [ 92.715118041593541, 12.312610169070364 ], [ 92.70983339019206, 12.310283429544862 ], [ 92.708383456666809, 12.328865611694594 ], [ 92.69890102281596, 12.327820182862901 ], [ 92.699585918506259, 12.367015809996031 ], [ 92.705871496801151, 12.371068870273591 ], [ 92.698191414353914, 12.377567931419154 ], [ 92.697443914618091, 12.425817486640774 ], [ 92.701269846533364, 12.449553949594444 ], [ 92.706826370098966, 12.451301581223376 ], [ 92.697433852602529, 12.468751255174453 ], [ 92.708771029192221, 12.493391253777261 ], [ 92.694194637906776, 12.515401901980891 ], [ 92.708613052162818, 12.556677062833053 ], [ 92.707518309644129, 12.595187807374559 ], [ 92.68610402724137, 12.601936889744152 ], [ 92.68455465427931, 12.608880211304323 ], [ 92.686467098565359, 12.614272968687761 ], [ 92.692722550892668, 12.607543803263882 ], [ 92.702331991092436, 12.61305455507328 ], [ 92.70393146541798, 12.606800770320101 ], [ 92.714906929575136, 12.643292704591151 ], [ 92.719639409938679, 12.643659709783527 ], [ 92.724096898597011, 12.625893364617362 ], [ 92.736193930415553, 12.639875851014633 ], [ 92.734306987225025, 12.656764486613778 ], [ 92.752198720470091, 12.671177043840665 ], [ 92.77485338664907, 12.669753930977917 ], [ 92.781351855198722, 12.635279777080063 ], [ 92.780579123970526, 12.653348840652718 ], [ 92.789081047376172, 12.675052716683515 ], [ 92.785676459599657, 12.698162964740751 ], [ 92.7676257160511, 12.671526597785872 ], [ 92.732801584428699, 12.674355587982959 ], [ 92.736216530704596, 12.6835221983161 ], [ 92.727700563473817, 12.692869883226596 ], [ 92.743165983022351, 12.699469224928402 ], [ 92.739484101189916, 12.714515791914039 ], [ 92.746023379799567, 12.722768875045496 ], [ 92.730580173620709, 12.74357878496105 ], [ 92.72087866731043, 12.788099203331566 ], [ 92.723504469312417, 12.826855202783655 ], [ 92.731754158365874, 12.83532570251923 ], [ 92.738354498574395, 12.810607816698178 ], [ 92.740111730629621, 12.836597680354107 ], [ 92.743378213717861, 12.824215080122256 ], [ 92.744126374222873, 12.839392634878406 ], [ 92.757966324287509, 12.847140194222098 ], [ 92.760114942703282, 12.859404571435766 ], [ 92.763222391267817, 12.852436459989605 ], [ 92.77014102595551, 12.845877212907462 ], [ 92.770493342494362, 12.863636146581861 ], [ 92.781847271144329, 12.858599654230964 ], [ 92.793778072571214, 12.862945249379147 ], [ 92.791123065995635, 12.889191354323188 ], [ 92.802954465749124, 12.897238016303501 ], [ 92.823752970904607, 12.895873076789314 ], [ 92.827179512485088, 12.887054762358884 ], [ 92.831013769399675, 12.884687605772717 ], [ 92.841749221602143, 12.891520255550176 ], [ 92.840143825386946, 12.87742994799228 ], [ 92.841806078109755, 12.875561266542299 ], [ 92.858755301509589, 12.877820124060847 ], [ 92.874390392552471, 12.881596924987893 ], [ 92.87313108442423, 12.893252022974346 ], [ 92.886221271982819, 12.893599835985095 ], [ 92.89604904289645, 12.898618544418781 ], [ 92.897892721242542, 12.927446314632876 ], [ 92.899047026715579, 12.91512008855312 ] ] ], [ [ [ 93.027356937739512, 13.579251808919754 ], [ 93.044599599228448, 13.528791480277357 ], [ 93.043150263844353, 13.504593005951149 ], [ 93.033222513202176, 13.465705236706759 ], [ 93.016002605697494, 13.46464688974609 ], [ 93.03285889091255, 13.456542410353778 ], [ 93.034502415039469, 13.435784404887706 ], [ 93.016240984307785, 13.432504047910575 ], [ 93.040965722760674, 13.427812972185214 ], [ 93.036475295033227, 13.417089746265276 ], [ 93.046961867312632, 13.405146082227542 ], [ 93.061708449270895, 13.421157381954609 ], [ 93.059930843029264, 13.398052723367634 ], [ 93.070402135383517, 13.406264729120128 ], [ 93.063282644962825, 13.392025766714095 ], [ 93.051984210617647, 13.391601120796739 ], [ 93.048492421722415, 13.374875347150393 ], [ 93.044719356650546, 13.377836065172746 ], [ 93.025499084691305, 13.372984145742285 ], [ 93.048971241729291, 13.373835814729473 ], [ 93.055510042863801, 13.382132721400803 ], [ 93.071029655129067, 13.347646507492142 ], [ 93.078357056321622, 13.348327521396888 ], [ 93.078415184944888, 13.341204127804859 ], [ 93.087759079508785, 13.343550093645479 ], [ 93.090047326411664, 13.336012140311412 ], [ 93.075132082734783, 13.328618878126127 ], [ 93.065221514391581, 13.304277753341021 ], [ 93.060604099724586, 13.32877283111414 ], [ 93.040073997544724, 13.322113904384107 ], [ 93.046122911197443, 13.345975651366901 ], [ 93.041700961050935, 13.367694445459803 ], [ 93.034802772606483, 13.361553186267964 ], [ 93.040984096333332, 13.352213759831358 ], [ 93.03220863207504, 13.345303937106275 ], [ 93.003029813429762, 13.354056986661618 ], [ 92.989278922439851, 13.342156708969252 ], [ 92.98709451957987, 13.32914577360606 ], [ 92.975721194076812, 13.350425917483895 ], [ 92.971332803592887, 13.348344558809483 ], [ 92.970542314051855, 13.360422887953932 ], [ 92.960195846782327, 13.357611031476202 ], [ 92.950125451691918, 13.343536453252364 ], [ 92.959382276580783, 13.325810585242984 ], [ 92.998337305997296, 13.314762110643061 ], [ 92.994915839130385, 13.30102893954324 ], [ 92.987695472896448, 13.301125585866448 ], [ 92.985945864150935, 13.298939952744535 ], [ 92.991898723750438, 13.292498584886598 ], [ 92.996040527046844, 13.291618823794966 ], [ 92.987590747868865, 13.299773587370527 ], [ 92.995819292402629, 13.300145915515017 ], [ 93.009033882366765, 13.320948910315952 ], [ 93.00639640153419, 13.308641309155981 ], [ 93.022407652411246, 13.294118972170088 ], [ 93.010767247542262, 13.296675194331762 ], [ 93.016651710768059, 13.289397503840128 ], [ 93.010268411206241, 13.2824443231123 ], [ 93.011812221414928, 13.276837314674443 ], [ 93.025822842665676, 13.282374785486644 ], [ 93.032751343867773, 13.27568411708752 ], [ 93.046334588358164, 13.281806059263827 ], [ 93.04028127170568, 13.27034076549619 ], [ 93.045015401679066, 13.258785151019623 ], [ 93.065656531666463, 13.272278001907253 ], [ 93.056695717268823, 13.256450428510545 ], [ 93.055603740404607, 13.232592600270507 ], [ 93.042111603560016, 13.22270433841199 ], [ 93.045112509567474, 13.210234134645434 ], [ 93.031812115216724, 13.178664855633254 ], [ 93.03668821973524, 13.170884007726197 ], [ 93.037056653998434, 13.139911888792563 ], [ 93.030406040799491, 13.126763924603697 ], [ 93.034629536652588, 13.082568837300045 ], [ 93.002916497382301, 13.02863137643021 ], [ 92.995481903084283, 13.035404679889043 ], [ 92.982430705646962, 13.024592969896025 ], [ 92.965256867876434, 13.036545158063779 ], [ 92.969206700868838, 13.01662656023171 ], [ 92.975839944505751, 13.01501492907369 ], [ 92.971600924035656, 13.013197038962371 ], [ 92.95488027022688, 13.018592176940817 ], [ 92.951195653797924, 13.029344769830216 ], [ 92.934700024973694, 13.042716328396988 ], [ 92.935897372799872, 13.052025689369016 ], [ 92.944145898941713, 13.05493716587117 ], [ 92.936166477762285, 13.087150128040374 ], [ 92.935123661125488, 13.061815604205671 ], [ 92.923531261371977, 13.05657651892402 ], [ 92.91333868574965, 13.076232921771439 ], [ 92.904241726584274, 13.079908924936305 ], [ 92.913122552024703, 13.070481080264795 ], [ 92.911030176448278, 13.061258283076057 ], [ 92.89732908534944, 13.059132521225102 ], [ 92.890039820139364, 13.051834248748348 ], [ 92.887721151281212, 13.044937926721589 ], [ 92.898181227431209, 13.058255580828947 ], [ 92.916144644480141, 13.054547456502632 ], [ 92.901545883842871, 13.022082332520782 ], [ 92.908382303375419, 13.00000709862854 ], [ 92.915186420756342, 13.00111359121466 ], [ 92.918653334360258, 12.986541468523502 ], [ 92.933279039716851, 12.989177664348356 ], [ 92.930615221611077, 12.980321870222598 ], [ 92.937374641267368, 12.981032569625308 ], [ 92.938507836551452, 12.971722119998022 ], [ 92.927644395327718, 12.957970334032641 ], [ 92.918598731934168, 12.960154256439832 ], [ 92.912528457111435, 12.946799209587308 ], [ 92.907333937819374, 12.985912121974925 ], [ 92.898192722098855, 12.986646302928657 ], [ 92.896971188050429, 12.995645223082866 ], [ 92.881259891560489, 12.982178207253778 ], [ 92.871877524054611, 12.950211941458599 ], [ 92.877078955317913, 12.944336124501401 ], [ 92.868678568519883, 12.934357473958675 ], [ 92.854502955869279, 12.939769648690783 ], [ 92.858367539694228, 12.903349835218144 ], [ 92.866050323588439, 12.901435903700047 ], [ 92.875767362216976, 12.90864902623262 ], [ 92.869562390562407, 12.890118596595798 ], [ 92.873465909717439, 12.883472558393972 ], [ 92.842034639382618, 12.876520081617105 ], [ 92.842210828720084, 12.892220800800256 ], [ 92.829628171730349, 12.886465375628857 ], [ 92.824633197793617, 12.896604760666987 ], [ 92.802458888564615, 12.899334662779605 ], [ 92.794418621465141, 12.914033927729184 ], [ 92.793779047182923, 12.931150837635764 ], [ 92.799473397402295, 12.93058184989372 ], [ 92.801727358056098, 12.940007127355802 ], [ 92.801037709887012, 12.948802170233451 ], [ 92.792525399035327, 12.95232873487538 ], [ 92.792187863465657, 12.966050916210284 ], [ 92.797052365117693, 12.964022758 ], [ 92.79840872380629, 12.970177400589703 ], [ 92.794857385778968, 12.98730374050969 ], [ 92.800092728630176, 12.991671446111738 ], [ 92.8059412549364, 12.983270776203355 ], [ 92.818471180925741, 12.986152203997483 ], [ 92.808484922545574, 12.997883216470916 ], [ 92.816710475341011, 12.998669474424792 ], [ 92.825438818151682, 13.013473042695502 ], [ 92.806351294816238, 13.006562712007863 ], [ 92.805895923479554, 13.012554993189948 ], [ 92.792138642489306, 13.011884107920102 ], [ 92.787818174227851, 13.019640164695138 ], [ 92.796497424483121, 13.040188468492939 ], [ 92.796927924801693, 13.089801955381374 ], [ 92.809986992413172, 13.074179816967849 ], [ 92.807470775676649, 13.099524857488285 ], [ 92.813229495463233, 13.104029441693912 ], [ 92.82231084195017, 13.095736147354542 ], [ 92.825473082236712, 13.115395783316435 ], [ 92.815919056153689, 13.115509256653908 ], [ 92.809750009190992, 13.126667580766716 ], [ 92.82388835485213, 13.133803231294429 ], [ 92.831398731828472, 13.124320107792181 ], [ 92.835071026141691, 13.130523386067601 ], [ 92.84244205115634, 13.127232188733547 ], [ 92.839403923713434, 13.136557413242249 ], [ 92.847754110740127, 13.140550523485619 ], [ 92.842861892638908, 13.146539933887873 ], [ 92.821806875644171, 13.146063057459919 ], [ 92.809668407431403, 13.152954929078989 ], [ 92.815293575406443, 13.174791269581219 ], [ 92.835351915787001, 13.173583172712149 ], [ 92.818960326202486, 13.184331759520921 ], [ 92.824472109891104, 13.191478767410414 ], [ 92.818663934062613, 13.19481898661331 ], [ 92.820564127804076, 13.201223774103509 ], [ 92.83246237396186, 13.214250958386357 ], [ 92.82383839230549, 13.216960817711868 ], [ 92.829353768995006, 13.223235335705477 ], [ 92.827731058660007, 13.237125461826755 ], [ 92.837105191378313, 13.243440221727992 ], [ 92.843706085221328, 13.23579125686393 ], [ 92.853870720340382, 13.236316063846658 ], [ 92.851267094183356, 13.262623003795056 ], [ 92.838572032120638, 13.25999136113778 ], [ 92.822032916984341, 13.279143673982245 ], [ 92.824047174285155, 13.28844766212897 ], [ 92.838740633460546, 13.287418929474855 ], [ 92.835473262947403, 13.294783929859541 ], [ 92.841823631816368, 13.30090686915122 ], [ 92.821679185101786, 13.310554540312697 ], [ 92.831556329949436, 13.31510430762715 ], [ 92.826713997784239, 13.327707320626228 ], [ 92.834683486403648, 13.337658986031242 ], [ 92.839711528800649, 13.375441406969317 ], [ 92.851595984348549, 13.369444848786546 ], [ 92.854583803213004, 13.378179793774624 ], [ 92.866766350426815, 13.381576589167267 ], [ 92.86630422653873, 13.390437761838262 ], [ 92.852345108814731, 13.387431609785578 ], [ 92.842195637667729, 13.399545789186121 ], [ 92.84914158475911, 13.411617681102202 ], [ 92.868082531155238, 13.402549968261788 ], [ 92.874236341154599, 13.410353144044592 ], [ 92.870118778882031, 13.42489778930325 ], [ 92.883895506973246, 13.429558706612925 ], [ 92.880804109678948, 13.445146114367118 ], [ 92.874319208131809, 13.447788247968797 ], [ 92.872050089674858, 13.47201432754526 ], [ 92.898819521474095, 13.476576700430872 ], [ 92.904527550748, 13.497330476148745 ], [ 92.918921734991798, 13.500833528796784 ], [ 92.921640789097282, 13.494077794838187 ], [ 92.929737643401737, 13.501861058392876 ], [ 92.922868653759437, 13.512654079844205 ], [ 92.927638914876141, 13.521590338607046 ], [ 92.917316004849184, 13.522161776684149 ], [ 92.914948279163625, 13.5338573872412 ], [ 92.947147575866765, 13.537174093567113 ], [ 92.954154346108623, 13.543616814924833 ], [ 92.968359277328176, 13.541356972333894 ], [ 92.975219564452402, 13.52749647899522 ], [ 92.990019992687053, 13.527234026790165 ], [ 92.991946669746724, 13.536795357732002 ], [ 92.980888113996414, 13.553084055508767 ], [ 92.988200026196822, 13.57333075364448 ], [ 93.002164980322618, 13.560749292483333 ], [ 93.009557551070628, 13.54246734398955 ], [ 93.014897108995456, 13.543837285180137 ], [ 93.016668711600104, 13.571206226210077 ], [ 93.027356937739512, 13.579251808919754 ] ] ], [ [ [ 92.697577745222517, 12.239610666739317 ], [ 92.706464105938053, 12.228637999411616 ], [ 92.710492348893055, 12.210937792982552 ], [ 92.706324880394405, 12.198432633323849 ], [ 92.712893196373756, 12.190715161594945 ], [ 92.70388403344252, 12.164295741704743 ], [ 92.71317359167071, 12.176119415583743 ], [ 92.711345578312503, 12.16137136518668 ], [ 92.720591928400552, 12.182456337596783 ], [ 92.757907498067354, 12.177314164456819 ], [ 92.755592591999473, 12.153007391566064 ], [ 92.735679301336148, 12.104365817286469 ], [ 92.735109584741807, 12.074183970860974 ], [ 92.73808667370038, 12.07903025008188 ], [ 92.73925701432853, 12.070610416239299 ], [ 92.741825653539451, 12.074518729086813 ], [ 92.756837671830525, 12.067295540061295 ], [ 92.750496737426616, 12.055663247411127 ], [ 92.760573807494239, 12.055643698172581 ], [ 92.765779752789513, 12.047100577097286 ], [ 92.779538496587122, 12.050810754894641 ], [ 92.783462628360695, 12.046494446578945 ], [ 92.775867226756361, 12.040979765132642 ], [ 92.778880209256116, 12.024872222353515 ], [ 92.764941960410553, 12.026588758137475 ], [ 92.762308979744617, 12.021269441480896 ], [ 92.752969321415208, 12.034521081773635 ], [ 92.738373897072279, 12.041605945337025 ], [ 92.741068913860062, 12.034013082494441 ], [ 92.735142874940351, 12.031064156265625 ], [ 92.741743075294906, 12.029354579287137 ], [ 92.733920870661933, 12.023857100812897 ], [ 92.740582967250262, 12.019471585523259 ], [ 92.736255183151343, 12.015964186758012 ], [ 92.746918130853118, 12.016994123648416 ], [ 92.752970909042105, 12.002576579771556 ], [ 92.766774568977084, 12.011714413145327 ], [ 92.768925885729885, 11.999217245987387 ], [ 92.743195613930567, 11.994755382638727 ], [ 92.743302115034837, 11.988617435930276 ], [ 92.753026477338977, 11.992995184967844 ], [ 92.757557905688984, 11.988960991136036 ], [ 92.748795960182136, 11.978110126147612 ], [ 92.745630636064433, 11.983512756032617 ], [ 92.734161004097743, 11.97755959809443 ], [ 92.738875344229442, 11.997535889040716 ], [ 92.728424890629256, 11.995158678202886 ], [ 92.723918777200012, 11.976043465671273 ], [ 92.733055739830434, 11.969042767471832 ], [ 92.718164532824815, 11.963737645931136 ], [ 92.714480136812782, 11.933245834449913 ], [ 92.72160444224987, 11.934494417304522 ], [ 92.725666810502503, 11.927016468565531 ], [ 92.724685793303351, 11.850906486604639 ], [ 92.707176105217016, 11.816482223343876 ], [ 92.693530500481614, 11.81730463690166 ], [ 92.696253974669887, 11.813349367006328 ], [ 92.678183556464461, 11.82019247406086 ], [ 92.693469857763958, 11.81240589199424 ], [ 92.683010770619987, 11.805158877062437 ], [ 92.680589468808378, 11.799352123934518 ], [ 92.70994300890797, 11.814782513629048 ], [ 92.719262502555907, 11.826706502969817 ], [ 92.732067523017278, 11.857449827475243 ], [ 92.733053898143766, 11.905107228394396 ], [ 92.746295697434661, 11.932245894295018 ], [ 92.764154379911602, 11.940389714583786 ], [ 92.783821530387442, 11.936875528159314 ], [ 92.788236317723928, 11.919035414115969 ], [ 92.783456781566926, 11.90516761386974 ], [ 92.788239975706034, 11.900335506095264 ], [ 92.779066588895475, 11.892482881383168 ], [ 92.788518031520269, 11.88446851457862 ], [ 92.786139219143635, 11.854654679130139 ], [ 92.776096449571526, 11.833765582455605 ], [ 92.755421911210007, 11.702170166028584 ], [ 92.742900774603228, 11.713340824067968 ], [ 92.745283048427723, 11.692224948964434 ], [ 92.739342656692799, 11.690674428900294 ], [ 92.73194350382407, 11.698654881070651 ], [ 92.72205727817672, 11.697985649784341 ], [ 92.718080018853499, 11.706234692744163 ], [ 92.711730556649414, 11.695172409943115 ], [ 92.708542451301895, 11.703020439847647 ], [ 92.70183606663791, 11.707875178607324 ], [ 92.70561324662809, 11.702684891891565 ], [ 92.695822975469468, 11.70076863527607 ], [ 92.707321243526664, 11.699663134950079 ], [ 92.701153327722125, 11.674642115477136 ], [ 92.709302985415576, 11.670567298856152 ], [ 92.686460037450644, 11.663871852943027 ], [ 92.683451307292657, 11.651010873600082 ], [ 92.673513270500763, 11.654071129024965 ], [ 92.666146674833101, 11.654752938633891 ], [ 92.6652563828128, 11.65357780351833 ], [ 92.674501694885876, 11.62469573155095 ], [ 92.682101126476311, 11.638138233070933 ], [ 92.685095858119681, 11.628684123392611 ], [ 92.686023873718213, 11.629602606549962 ], [ 92.687711852429587, 11.64104590373714 ], [ 92.69559868780162, 11.621627828444767 ], [ 92.692962994230356, 11.637792771063767 ], [ 92.700884938440979, 11.64153072933906 ], [ 92.694717241166416, 11.653489496362642 ], [ 92.702007625253643, 11.654803191443367 ], [ 92.711586345853462, 11.643914861079914 ], [ 92.710676802034314, 11.65263984956348 ], [ 92.7300816484059, 11.659348928585452 ], [ 92.716381385051136, 11.665153851680813 ], [ 92.722361589314687, 11.689548281994833 ], [ 92.731408264132583, 11.673829151061385 ], [ 92.748084407744514, 11.67690456300628 ], [ 92.748353509359362, 11.668952017988591 ], [ 92.756854027530736, 11.664906499509042 ], [ 92.757031779547148, 11.649092957314963 ], [ 92.746110933718683, 11.640861367103668 ], [ 92.752072880805883, 11.634710957437752 ], [ 92.753932842718655, 11.6135939407633 ], [ 92.740990044136367, 11.592891198959599 ], [ 92.744827468614858, 11.589084550702898 ], [ 92.737933175994527, 11.580068997090839 ], [ 92.739617396405933, 11.570521855611517 ], [ 92.730154798709663, 11.559614907467321 ], [ 92.73496405775515, 11.552876736976172 ], [ 92.723507820786082, 11.529897040395957 ], [ 92.727445455805508, 11.516599489644966 ], [ 92.711722335665186, 11.477636376850228 ], [ 92.699631180485312, 11.50720168421933 ], [ 92.678585386964841, 11.51188476443966 ], [ 92.66669295312802, 11.504210784949999 ], [ 92.645991176573233, 11.523618665848641 ], [ 92.644093304953003, 11.541490233649181 ], [ 92.650898556728748, 11.551512825097708 ], [ 92.642304933071173, 11.560714223449938 ], [ 92.647051391088539, 11.572468232237602 ], [ 92.633068271808369, 11.580328216156186 ], [ 92.631854169891866, 11.571936057278837 ], [ 92.617634820312645, 11.562643504011358 ], [ 92.620257823707163, 11.574189497107275 ], [ 92.619185016007563, 11.583449017397866 ], [ 92.607174186491164, 11.594184833220121 ], [ 92.60861602433198, 11.620973219082405 ], [ 92.624781869393928, 11.618007868518658 ], [ 92.627713039236184, 11.626479528981957 ], [ 92.635759923350406, 11.615771550278669 ], [ 92.64427072682696, 11.624866170581802 ], [ 92.644545707500654, 11.636740457404349 ], [ 92.634665342641043, 11.635070918148081 ], [ 92.638023739488943, 11.646025572969736 ], [ 92.63164028930143, 11.651958030768725 ], [ 92.631898212990976, 11.628766943776142 ], [ 92.607947127883719, 11.634086449233806 ], [ 92.591216992285837, 11.668743257019715 ], [ 92.599704223536747, 11.690838291635975 ], [ 92.58897949118294, 11.724660446817808 ], [ 92.586693191920261, 11.713893045979006 ], [ 92.57521623497513, 11.716639762423817 ], [ 92.572820250470073, 11.699078907824445 ], [ 92.562157258398486, 11.694015167463689 ], [ 92.552018699379033, 11.719812176209297 ], [ 92.551718357040144, 11.757006180734193 ], [ 92.55927243855443, 11.773287995532323 ], [ 92.552325807801367, 11.784496149309017 ], [ 92.549028082419028, 11.81710738002222 ], [ 92.540502162506641, 11.820309232737458 ], [ 92.546687224761584, 11.835476551962008 ], [ 92.54228625193889, 11.828482386101069 ], [ 92.536354397774019, 11.839099786186878 ], [ 92.521506494220176, 11.82680902699302 ], [ 92.513600636846249, 11.848695163453529 ], [ 92.525074493429599, 11.871347541000956 ], [ 92.526279270692299, 11.896224951406445 ], [ 92.537793454603573, 11.904486696132048 ], [ 92.534394884150117, 11.912644674699225 ], [ 92.543126492095112, 11.923994561111842 ], [ 92.555461357705568, 11.925803467418058 ], [ 92.562506032431742, 11.946867069999039 ], [ 92.571805605059708, 11.929107494080034 ], [ 92.580418693592563, 11.924880142143117 ], [ 92.587281832544775, 11.88715847403139 ], [ 92.592271778254371, 11.887318325166433 ], [ 92.594147866276117, 11.899745598581928 ], [ 92.602129655571119, 11.896825019030857 ], [ 92.600396349874117, 11.866311992507796 ], [ 92.602540163655334, 11.861053110089715 ], [ 92.604250321132909, 11.858894201619627 ], [ 92.60628360362216, 11.85793562067348 ], [ 92.612093903626189, 11.914778244154144 ], [ 92.605752605272571, 11.923778457161177 ], [ 92.611231836325061, 11.940214872903647 ], [ 92.611983544550441, 11.983338582774719 ], [ 92.617306981474798, 11.991871313332341 ], [ 92.612092418013958, 12.009099373053267 ], [ 92.621964799051227, 12.028346359901676 ], [ 92.620051547693393, 12.041470152149003 ], [ 92.627114801398037, 12.044728875387074 ], [ 92.619129473611054, 12.066413686112696 ], [ 92.622584141177114, 12.096106632552432 ], [ 92.630224964908635, 12.118855604072087 ], [ 92.635718060152584, 12.119578010024719 ], [ 92.631405049968066, 12.123589946614249 ], [ 92.644289109211087, 12.176635407068739 ], [ 92.661572254575617, 12.215752381166981 ], [ 92.665887270572313, 12.217366900036257 ], [ 92.654793953403527, 12.181630748771351 ], [ 92.674095755530473, 12.218223910052236 ], [ 92.6770897845891, 12.203683370997751 ], [ 92.680280580870487, 12.214383981935789 ], [ 92.684810652455525, 12.208410075731335 ], [ 92.688224756766189, 12.233392648971705 ], [ 92.697577745222517, 12.239610666739317 ] ] ], [ [ [ 93.847781095851445, 7.244867282040775 ], [ 93.842727613583179, 7.227791825902657 ], [ 93.846823416710592, 7.217989416747942 ], [ 93.868622765705751, 7.217123049635163 ], [ 93.882606719251967, 7.203706274106619 ], [ 93.880052595231177, 7.175574761513254 ], [ 93.888235820816973, 7.151782666748149 ], [ 93.884768432408237, 7.129932534925027 ], [ 93.891045316749427, 7.122387695059215 ], [ 93.887224301160273, 7.087056626283612 ], [ 93.901881426487236, 7.078495307318894 ], [ 93.914421446976249, 7.055199212254963 ], [ 93.916642440273861, 7.02572126664279 ], [ 93.929299759782452, 7.026875388430189 ], [ 93.947953294964663, 7.002313710184741 ], [ 93.943596099447632, 6.993607562470098 ], [ 93.924849647796236, 7.011805329703226 ], [ 93.913742185948053, 7.000189448676717 ], [ 93.927651092899566, 6.987940951727984 ], [ 93.929054776000214, 6.973369011941446 ], [ 93.945622367499212, 6.956179236864523 ], [ 93.923493349768009, 6.952024466400729 ], [ 93.909556209412088, 6.929960127363228 ], [ 93.916484496787277, 6.913934704713376 ], [ 93.896946285423311, 6.903243443920569 ], [ 93.902026165630019, 6.880292882434988 ], [ 93.893126540825875, 6.866739671588243 ], [ 93.893770178199603, 6.846893332237213 ], [ 93.910427828141891, 6.836152537911691 ], [ 93.902774912421989, 6.814726519560857 ], [ 93.882139892018756, 6.79465719195981 ], [ 93.869266556911924, 6.816194162283258 ], [ 93.851846183899099, 6.815177268678976 ], [ 93.84576221558045, 6.778039597042529 ], [ 93.835517580701506, 6.757536398186793 ], [ 93.828395544741241, 6.755953894630326 ], [ 93.805120246690379, 6.766280724704596 ], [ 93.813511841134712, 6.7789992040784 ], [ 93.80790789287569, 6.786542070188531 ], [ 93.812524187869144, 6.794156863316577 ], [ 93.80860194250829, 6.807224474719556 ], [ 93.815985849889984, 6.817180653365037 ], [ 93.80291279081267, 6.813846291016631 ], [ 93.787432962037229, 6.830778808083651 ], [ 93.79524802517173, 6.851536979182416 ], [ 93.785778174866635, 6.849454186441261 ], [ 93.790645228431501, 6.856231492118305 ], [ 93.779337411977309, 6.859007439940423 ], [ 93.772067487615104, 6.876767839255558 ], [ 93.779613316184637, 6.881197654209829 ], [ 93.775346632595387, 6.887147743009912 ], [ 93.781552291962086, 6.89183019573021 ], [ 93.766476061890899, 6.897457169929717 ], [ 93.765742436497462, 6.916382719178317 ], [ 93.753248462965772, 6.908357241236837 ], [ 93.742790376604731, 6.923943458066183 ], [ 93.742627909585508, 6.928884173953339 ], [ 93.752280258858164, 6.930754007684206 ], [ 93.746768602848945, 6.96187262255717 ], [ 93.736039961565979, 6.960125267878594 ], [ 93.72844063519895, 6.986510512094128 ], [ 93.718726085963951, 6.99372175143107 ], [ 93.70497948082236, 6.991809251631103 ], [ 93.706581291852373, 7.001521340194445 ], [ 93.694106701734526, 7.015517588441288 ], [ 93.681872236435424, 7.018041155500347 ], [ 93.673980611277102, 7.003561577955877 ], [ 93.663505852980606, 7.005496894503811 ], [ 93.674249929775158, 7.023323634976833 ], [ 93.669309713328829, 7.028771084172709 ], [ 93.672837563706153, 7.037141765654291 ], [ 93.664712457322139, 7.043010733341658 ], [ 93.66867262355079, 7.066035285979025 ], [ 93.662555409339902, 7.068134201006679 ], [ 93.669694681540662, 7.083954381637115 ], [ 93.660307785040715, 7.085805004208168 ], [ 93.657804408193272, 7.098786666129835 ], [ 93.674751430757013, 7.113593131683596 ], [ 93.667524058221872, 7.117183595133246 ], [ 93.658885048172721, 7.112334480617659 ], [ 93.656130617990925, 7.125986258440246 ], [ 93.676453218801086, 7.140806460292941 ], [ 93.674033002345311, 7.175626863955251 ], [ 93.68645488641387, 7.1894319674165 ], [ 93.714231150179614, 7.191849919317595 ], [ 93.72889632772555, 7.184465943709567 ], [ 93.751149226952322, 7.20332070339986 ], [ 93.74795656174696, 7.197378860212245 ], [ 93.756174742898722, 7.198542165958472 ], [ 93.751572419431369, 7.206920930131404 ], [ 93.760371136490619, 7.214409810443501 ], [ 93.77075957518008, 7.206694308930718 ], [ 93.78544324586646, 7.215553424777764 ], [ 93.80471322193938, 7.203053724586747 ], [ 93.803801794677454, 7.212014611713667 ], [ 93.813543384557917, 7.213296445119449 ], [ 93.806924213116474, 7.217240163987636 ], [ 93.812210501656935, 7.220331923417094 ], [ 93.80609075027435, 7.232527201818744 ], [ 93.847781095851445, 7.244867282040775 ] ] ], [ [ [ 92.518404037130068, 10.897494222961168 ], [ 92.529479211998904, 10.88740860461327 ], [ 92.530479900359481, 10.876984673086961 ], [ 92.53463558885295, 10.884267204740505 ], [ 92.558234255476094, 10.862971738411447 ], [ 92.563112525067297, 10.804151267180158 ], [ 92.587093347263561, 10.787627391535844 ], [ 92.582227266618418, 10.743689468194844 ], [ 92.597427462047818, 10.703747957610265 ], [ 92.597046475407637, 10.680324576172518 ], [ 92.578069285019453, 10.674165409768863 ], [ 92.581807050069315, 10.657647225816879 ], [ 92.553889079984955, 10.639424173857833 ], [ 92.539927921694172, 10.614654125009212 ], [ 92.544511255535127, 10.592188227860229 ], [ 92.562326015013909, 10.58677572537038 ], [ 92.568246303712797, 10.576215297431736 ], [ 92.545490131513674, 10.551965866663455 ], [ 92.530894812225924, 10.517977892499408 ], [ 92.513231350681764, 10.511843500841008 ], [ 92.482012247605766, 10.517888368448681 ], [ 92.457275632390292, 10.539293625416061 ], [ 92.433075013742425, 10.548385228368733 ], [ 92.419112314141898, 10.547897469408353 ], [ 92.401898944774018, 10.531401334443057 ], [ 92.386237142558798, 10.531685013259708 ], [ 92.382234920440737, 10.540124950240218 ], [ 92.410185144081353, 10.58308293144856 ], [ 92.420856444663428, 10.615634888549369 ], [ 92.401836080811805, 10.658388437140276 ], [ 92.382584825630488, 10.667866531194282 ], [ 92.377019696602034, 10.782972074528583 ], [ 92.384921965711285, 10.791098928112788 ], [ 92.395358061470176, 10.777887541459574 ], [ 92.408523081983276, 10.784215353229841 ], [ 92.419831200621758, 10.796786620359461 ], [ 92.427083654765468, 10.823228754787259 ], [ 92.433458079320175, 10.821426010772782 ], [ 92.446918918865208, 10.836387767818492 ], [ 92.457512610436282, 10.83886399994112 ], [ 92.457109492086246, 10.861522740416053 ], [ 92.478841471986584, 10.87054001636737 ], [ 92.492975726964872, 10.889432976367582 ], [ 92.518404037130068, 10.897494222961168 ] ] ], [ [ [ 92.82876631497416, 12.301783998592422 ], [ 92.86656898991734, 12.306116465233622 ], [ 92.865897610602161, 12.301447621563383 ], [ 92.874084936235732, 12.301952956438472 ], [ 92.868976094982301, 12.290321552635882 ], [ 92.887066035964253, 12.286756548878545 ], [ 92.879619331923124, 12.27778121538252 ], [ 92.88280348845187, 12.263534760506335 ], [ 92.889278469961241, 12.266630604936932 ], [ 92.888183720567127, 12.25912096461407 ], [ 92.876593339037498, 12.25080690533132 ], [ 92.865486119603446, 12.252225926994921 ], [ 92.859167693335237, 12.245134174277414 ], [ 92.862157945015312, 12.237436745843212 ], [ 92.8727113971797, 12.225782500114573 ], [ 92.874305800477359, 12.204927033216343 ], [ 92.882090401269821, 12.198083941663215 ], [ 92.875218153764692, 12.193060967815198 ], [ 92.854237648181652, 12.204269266659262 ], [ 92.845783082224145, 12.199885443873809 ], [ 92.846537268733783, 12.18986867412805 ], [ 92.855339628796386, 12.189155639082276 ], [ 92.850792559114453, 12.157461457367587 ], [ 92.836166429016473, 12.16791193180118 ], [ 92.822619385462517, 12.165721626695028 ], [ 92.818936241739763, 12.157833497661157 ], [ 92.825821061885392, 12.153670175486297 ], [ 92.815035337271311, 12.133030568862594 ], [ 92.802590065529984, 12.130244571678302 ], [ 92.812716709624297, 12.107958382577602 ], [ 92.787753043614813, 12.10265725648029 ], [ 92.795293870122009, 12.095853045858124 ], [ 92.792646322077161, 12.08061204397748 ], [ 92.781817564932197, 12.080937754403591 ], [ 92.764883879049449, 12.063718931508234 ], [ 92.756759633524027, 12.075527905484059 ], [ 92.741896193275608, 12.077879249509667 ], [ 92.739463182968365, 12.099248145469033 ], [ 92.765174377499662, 12.175659173062636 ], [ 92.769466240900414, 12.199697198331711 ], [ 92.763999910845769, 12.210654015586529 ], [ 92.770759898490553, 12.231218464779092 ], [ 92.769370224297631, 12.238673706490115 ], [ 92.762189781865914, 12.23194405144045 ], [ 92.747876752558497, 12.234983069959416 ], [ 92.743379985779129, 12.251013844414514 ], [ 92.750773690624101, 12.274754218794858 ], [ 92.76478221837209, 12.264238187249795 ], [ 92.781827360450407, 12.285108392496529 ], [ 92.775496479083515, 12.301586180760617 ], [ 92.767307613100485, 12.297160691529168 ], [ 92.771436785997111, 12.313145224659978 ], [ 92.796167629574853, 12.304070666107499 ], [ 92.809948329707368, 12.313565365706999 ], [ 92.82876631497416, 12.301783998592422 ] ] ], [ [ [ 74.101309779656177, 11.20431472002825 ], [ 74.082077180109223, 11.20295049124139 ], [ 74.055652779221191, 11.211242671846122 ], [ 74.000686180591046, 11.250234445233227 ], [ 73.965056744318957, 11.30595902995492 ], [ 73.963664239328921, 11.328452925815435 ], [ 73.972701408873348, 11.343654140879101 ], [ 73.991425606676103, 11.352093635303953 ], [ 74.012078055549424, 11.34853633548482 ], [ 74.061880437869007, 11.323302873801811 ], [ 74.089973290672077, 11.297792731190871 ], [ 74.112712356543213, 11.266754346829023 ], [ 74.122769975720942, 11.239216890650054 ], [ 74.118828243127624, 11.218543722147446 ], [ 74.101309779656177, 11.20431472002825 ] ] ], [ [ [ 93.379403175044857, 8.024807180453926 ], [ 93.409051415270028, 8.006374727390632 ], [ 93.396836535428491, 7.968688145178055 ], [ 93.417507681421213, 7.959004255937509 ], [ 93.432069949054906, 7.966392825804519 ], [ 93.43607852881857, 7.956399298723361 ], [ 93.462868580312971, 7.934439380954617 ], [ 93.47491876021715, 7.893132860039847 ], [ 93.461574816713011, 7.873040349747707 ], [ 93.452819104155893, 7.876191365778321 ], [ 93.443677379914732, 7.897829187336393 ], [ 93.424785083965418, 7.907316919341433 ], [ 93.397286402007595, 7.90237147427328 ], [ 93.379219755518605, 7.883487783666745 ], [ 93.357814077854258, 7.889472574847995 ], [ 93.345403852817412, 7.902534403527321 ], [ 93.342830121417805, 7.918950271745492 ], [ 93.351723217862784, 7.932534356049597 ], [ 93.34657851238515, 7.927314393420454 ], [ 93.344896064085304, 7.931044199953586 ], [ 93.357336713982704, 7.941856489003316 ], [ 93.343293261228965, 7.931700852543116 ], [ 93.333509802446528, 7.93587230388398 ], [ 93.331258729889925, 7.924465967160287 ], [ 93.319542763146373, 7.932334835682595 ], [ 93.311025328064304, 7.962072461977685 ], [ 93.324381313159577, 7.975410951459101 ], [ 93.323191610296433, 7.991004767287588 ], [ 93.330349723327387, 8.006177468863511 ], [ 93.347477467965021, 8.016358554079879 ], [ 93.351171856670774, 8.008402660886288 ], [ 93.358144474287954, 8.00873583943055 ], [ 93.379403175044857, 8.024807180453926 ] ] ], [ [ [ 93.712894703396216, 7.443243692576881 ], [ 93.720354256560455, 7.429764847969685 ], [ 93.723010716130219, 7.399868218562291 ], [ 93.756476572896929, 7.374499617292268 ], [ 93.757049087996279, 7.357915197750762 ], [ 93.739237956533628, 7.34231721847992 ], [ 93.724203760626835, 7.308199534891758 ], [ 93.699723863438876, 7.302803461526248 ], [ 93.678649730280469, 7.281571173997314 ], [ 93.668791829279698, 7.258180261268286 ], [ 93.647172904995969, 7.24386973270652 ], [ 93.62972330101617, 7.265030737664381 ], [ 93.634954846515669, 7.286118734949855 ], [ 93.621213732720989, 7.309262105403057 ], [ 93.636543672463006, 7.321110330306839 ], [ 93.632877304478214, 7.371026646159466 ], [ 93.649702027335792, 7.368328433250058 ], [ 93.663530545336585, 7.381357636108026 ], [ 93.674328907696932, 7.37318970807228 ], [ 93.684395946646475, 7.387295166767233 ], [ 93.708757668121393, 7.394408834211879 ], [ 93.70371138537692, 7.401713047988256 ], [ 93.709863145921105, 7.423550192943349 ], [ 93.705097413309062, 7.44250039864693 ], [ 93.712894703396216, 7.443243692576881 ] ] ], [ [ [ 93.524981218254425, 8.2320506711057 ], [ 93.543467291191476, 8.2247526400791 ], [ 93.545214532088934, 8.200635650616487 ], [ 93.534341312832552, 8.180166316743259 ], [ 93.524282885279305, 8.172726245762501 ], [ 93.533396694438167, 8.184152706719347 ], [ 93.510700531087906, 8.168592159795406 ], [ 93.5117991490457, 8.158312444820131 ], [ 93.503160885870528, 8.147934028222393 ], [ 93.519989404581537, 8.127837149780056 ], [ 93.533598705102776, 8.097200622753322 ], [ 93.547801209560689, 8.088904366684734 ], [ 93.552466727378857, 8.064776721302458 ], [ 93.544772800176631, 8.049049117264587 ], [ 93.549799063895307, 8.036133956509886 ], [ 93.530513523434877, 8.049426216572908 ], [ 93.526082629022184, 8.03322397523325 ], [ 93.520718625045291, 8.037527964787017 ], [ 93.508298936851759, 8.034179523224756 ], [ 93.511645659085247, 8.016900702425223 ], [ 93.505345260335787, 8.017155861669748 ], [ 93.508868970237231, 8.009868616522882 ], [ 93.501469128165368, 7.99794077818905 ], [ 93.492566380643481, 8.000709400542755 ], [ 93.486610781315946, 8.0157853948196 ], [ 93.4857872490754, 8.044465528770923 ], [ 93.499936103612285, 8.039376674138365 ], [ 93.504272334413315, 8.04797141719423 ], [ 93.505409396313212, 8.041156413586256 ], [ 93.508774544627244, 8.037430767360707 ], [ 93.509730482267528, 8.051312459396797 ], [ 93.503945853473937, 8.056628666049484 ], [ 93.512014528605036, 8.068063181868112 ], [ 93.513885766070743, 8.048860355766957 ], [ 93.525622328315251, 8.052838398113742 ], [ 93.524208858958858, 8.06359039135164 ], [ 93.531631778446481, 8.068619988040071 ], [ 93.525632124022351, 8.067312967595992 ], [ 93.524742462891751, 8.074550849577006 ], [ 93.530849748892024, 8.079161780468795 ], [ 93.514329773385555, 8.084364756125389 ], [ 93.512690754717013, 8.074384810558177 ], [ 93.49137379463788, 8.063506156197999 ], [ 93.492428546697468, 8.051621102474233 ], [ 93.485539585576475, 8.052043795148645 ], [ 93.480938547030206, 8.086880631558403 ], [ 93.489916588772999, 8.090882891047622 ], [ 93.481868323154401, 8.09644662390429 ], [ 93.478234188126052, 8.091046917841586 ], [ 93.466140148330126, 8.10877964922947 ], [ 93.468461110628027, 8.118795253413213 ], [ 93.461126580779478, 8.119967097963015 ], [ 93.458864510010685, 8.132947345463995 ], [ 93.465525054941025, 8.139564707564226 ], [ 93.456580440643009, 8.144499106740325 ], [ 93.453750293720447, 8.168047953585575 ], [ 93.459493444767645, 8.179635161321563 ], [ 93.476023431927473, 8.183979106165491 ], [ 93.490928778025676, 8.19954633408898 ], [ 93.494259137110376, 8.222724513391984 ], [ 93.524981218254425, 8.2320506711057 ] ] ], [ [ [ 71.844857797549437, 11.8354688557271 ], [ 71.840101042970076, 11.821456007462938 ], [ 71.783709951166372, 11.834421782252678 ], [ 71.761024795794029, 11.872320707299831 ], [ 71.751760414258669, 11.927900776296172 ], [ 71.731479238254366, 11.954439168611305 ], [ 71.773353818431985, 12.003507835277972 ], [ 71.783915127453128, 12.003824620594592 ], [ 71.794853651893305, 11.986527211622443 ], [ 71.830676360690646, 11.893005665712323 ], [ 71.844857797549437, 11.8354688557271 ] ] ], [ [ [ 92.77579981095198, 9.256857087316748 ], [ 92.820140432564941, 9.210816764294531 ], [ 92.831802615756018, 9.16363468188867 ], [ 92.829687248934036, 9.137950690291209 ], [ 92.798895849258528, 9.119016046353428 ], [ 92.784367233110771, 9.118610093229476 ], [ 92.769183586708806, 9.128661039408243 ], [ 92.730142836500363, 9.124545082703099 ], [ 92.718685162453937, 9.157477931746572 ], [ 92.723352054674635, 9.217347853865975 ], [ 92.746617877390605, 9.21227368819128 ], [ 92.766332685563611, 9.215398671557431 ], [ 92.778768336880717, 9.242794544397739 ], [ 92.77579981095198, 9.256857087316748 ] ] ], [ [ [ 92.636530697141396, 11.51740936913556 ], [ 92.645331972317393, 11.511994211149034 ], [ 92.644457937461922, 11.501302133688696 ], [ 92.655163636877759, 11.491644803250011 ], [ 92.669106563052139, 11.48987855889737 ], [ 92.685714696827247, 11.43620661847441 ], [ 92.684187295262163, 11.427145173441987 ], [ 92.67205218916915, 11.427205216065699 ], [ 92.671311365945769, 11.415902040258265 ], [ 92.648642981286699, 11.40713811241266 ], [ 92.660165686736207, 11.406577404783388 ], [ 92.664893618004626, 11.394831277464354 ], [ 92.675025765277056, 11.399552962497685 ], [ 92.67772134398335, 11.393059985191899 ], [ 92.693513802642599, 11.387732424926607 ], [ 92.690848632652802, 11.3708165559423 ], [ 92.669179465992599, 11.363193559775025 ], [ 92.6640719287862, 11.354272324572998 ], [ 92.648793485271469, 11.357132145101634 ], [ 92.638211414079251, 11.347187639995559 ], [ 92.598229210485258, 11.347769341245206 ], [ 92.581504500151752, 11.36777718871654 ], [ 92.592796845505049, 11.380110293627304 ], [ 92.587169014120789, 11.400906424730543 ], [ 92.615726186602586, 11.400833556422432 ], [ 92.624520968017606, 11.408560546263816 ], [ 92.624762789371928, 11.426807840593936 ], [ 92.619655450476486, 11.431067956662549 ], [ 92.624294900169176, 11.441565992846861 ], [ 92.611549559640792, 11.458647914300984 ], [ 92.613644263269634, 11.472855578549458 ], [ 92.632128793502517, 11.514771723253787 ], [ 92.636530697141396, 11.51740936913556 ] ] ], [ [ [ 92.684377651140906, 12.987728213475684 ], [ 92.709399272032385, 12.989513783103812 ], [ 92.720315328529892, 12.978889611063822 ], [ 92.714797626137084, 12.943293220087151 ], [ 92.721413383748171, 12.946843576334148 ], [ 92.721055317756154, 12.924683305185452 ], [ 92.716423400064187, 12.92279717749021 ], [ 92.722832549066396, 12.901805499517659 ], [ 92.719380111638742, 12.881587796674401 ], [ 92.711356862159022, 12.883339858639049 ], [ 92.719616087029863, 12.874334060333023 ], [ 92.700102050656994, 12.840084440555177 ], [ 92.676222795835841, 12.835914610926292 ], [ 92.676726346884408, 12.824691561360799 ], [ 92.684779938662231, 12.829849902771405 ], [ 92.689284128005369, 12.817283966166199 ], [ 92.675224564847085, 12.807580377735981 ], [ 92.668216544579437, 12.78269958947614 ], [ 92.659066307884245, 12.795924473524316 ], [ 92.664686121945977, 12.798788164198143 ], [ 92.665713441193887, 12.81172730137351 ], [ 92.648061675026227, 12.861692269741722 ], [ 92.665124026750689, 12.882166113115952 ], [ 92.665388966830037, 12.90301876027085 ], [ 92.670680243911292, 12.905809485108566 ], [ 92.67053029015446, 12.922988108504814 ], [ 92.67968387279231, 12.942605260874457 ], [ 92.679855217219014, 12.948163527957298 ], [ 92.667493500807453, 12.950901105697803 ], [ 92.66949327210601, 12.963045882608318 ], [ 92.684377651140906, 12.987728213475684 ] ] ], [ [ [ 92.974563920106903, 12.042940591818462 ], [ 93.005794349203882, 12.024677711324518 ], [ 93.006751084384888, 12.001028715000139 ], [ 93.027625800149579, 11.951820747125534 ], [ 93.036641410098213, 11.947809334196597 ], [ 93.046436531186686, 11.92425029477185 ], [ 93.053511830395351, 11.897717011846803 ], [ 93.045021081757952, 11.88448366410881 ], [ 93.035077319427458, 11.882550779320443 ], [ 93.025721515875489, 11.889408307795168 ], [ 92.994901852379343, 11.941160943728395 ], [ 93.002206774804918, 11.948618251091835 ], [ 92.973808590994409, 11.949428943249798 ], [ 92.960000488964354, 11.981813206582157 ], [ 92.934571730398403, 11.985385530857174 ], [ 92.925373149908367, 11.997932397138566 ], [ 92.951292287834136, 12.013532410096021 ], [ 92.963082072967012, 12.042845304309651 ], [ 92.969811538398446, 12.032806241841392 ], [ 92.974563920106903, 12.042940591818462 ] ] ], [ [ [ 93.127335667656098, 8.355592038819829 ], [ 93.142998949906172, 8.34312606165774 ], [ 93.126194019344439, 8.275984856893544 ], [ 93.153223233418672, 8.243505679278114 ], [ 93.203241484141572, 8.216814906679669 ], [ 93.199684718452133, 8.195694675231698 ], [ 93.16214438181072, 8.202154215563207 ], [ 93.120778497932761, 8.224059660780556 ], [ 93.08718569359759, 8.271026445630007 ], [ 93.085651726156044, 8.306657049257934 ], [ 93.095518176729655, 8.339466891480839 ], [ 93.127335667656098, 8.355592038819829 ] ] ], [ [ [ 72.305663931742544, 10.033902690736273 ], [ 72.244418933014373, 10.006330776295544 ], [ 72.23586197534803, 10.014793881274397 ], [ 72.243568545449094, 10.054204830939492 ], [ 72.269262935855522, 10.077306807979253 ], [ 72.276325231707062, 10.093062885805752 ], [ 72.329583493761433, 10.139057972418453 ], [ 72.342105126052559, 10.101353403849064 ], [ 72.334292595872171, 10.078768197056792 ], [ 72.305663931742544, 10.033902690736273 ] ] ], [ [ [ 72.178781370609812, 11.49134833388058 ], [ 72.148599984986305, 11.501251028408275 ], [ 72.137392598929466, 11.543129991064594 ], [ 72.151397762686727, 11.579465822013374 ], [ 72.17436004260756, 11.606746320540671 ], [ 72.19056879399686, 11.599922651414344 ], [ 72.195334306007396, 11.588337220247734 ], [ 72.190118982806311, 11.551654510016885 ], [ 72.197069396566974, 11.499200963645279 ], [ 72.178781370609812, 11.49134833388058 ] ] ], [ [ [ 72.100139794106127, 11.222068410220286 ], [ 72.079687280280496, 11.135569415815182 ], [ 72.054575158872808, 11.121380319995632 ], [ 72.043123835819884, 11.128177446710508 ], [ 72.000943997895192, 11.193941135152397 ], [ 72.028240362013079, 11.187405668891932 ], [ 72.067114339602043, 11.192854603862816 ], [ 72.100139794106127, 11.222068410220286 ] ] ], [ [ [ 93.074472363462334, 12.210406876768186 ], [ 93.087726428507253, 12.192847175493284 ], [ 93.090505733112337, 12.176376975696762 ], [ 93.084661375630247, 12.156081236318812 ], [ 93.09504538975618, 12.142433763558927 ], [ 93.087732959798984, 12.129590278790655 ], [ 93.093147528816061, 12.122328227279079 ], [ 93.090424840747701, 12.098370380741443 ], [ 93.074077995011464, 12.083798832208867 ], [ 93.050094737601199, 12.114503011843258 ], [ 93.055530242324991, 12.123243855445558 ], [ 93.049326713432293, 12.120201847881424 ], [ 93.036777542914521, 12.133313590549687 ], [ 93.056786128650586, 12.192830449196714 ], [ 93.066449766523675, 12.210652168093455 ], [ 93.074472363462334, 12.210406876768186 ] ] ], [ [ [ 93.547754487331801, 8.026143720109005 ], [ 93.563484188262805, 8.024819430128874 ], [ 93.582420856155636, 7.992166678361343 ], [ 93.577354932862207, 7.929402479641309 ], [ 93.508124228932772, 7.984910161169351 ], [ 93.507004659447034, 7.997154309842764 ], [ 93.519653857883682, 7.993716882285985 ], [ 93.532180689326623, 8.006319719556219 ], [ 93.531794009303638, 8.024993397150761 ], [ 93.551293721105154, 7.996007079207936 ], [ 93.547754487331801, 8.026143720109005 ] ] ], [ [ [ 71.900911032634738, 12.285319025401627 ], [ 71.892221667504927, 12.287344835194375 ], [ 71.889282796772818, 12.295378332862425 ], [ 71.879544355732293, 12.38943544787899 ], [ 71.881981195766912, 12.397109983616046 ], [ 71.896677563974606, 12.403151497082471 ], [ 71.920417763966384, 12.387808627937 ], [ 71.92662600985139, 12.373874594472911 ], [ 71.919837128027098, 12.316375651855601 ], [ 71.900911032634738, 12.285319025401627 ] ] ], [ [ [ 92.216489047436724, 11.594779579102466 ], [ 92.228857146652288, 11.587755105856365 ], [ 92.242847179004997, 11.592317455656817 ], [ 92.270301931009385, 11.584842677356887 ], [ 92.268770130069797, 11.555932141418806 ], [ 92.274613005994468, 11.535831563105935 ], [ 92.269892145772758, 11.523096831930099 ], [ 92.26099886340063, 11.518006304506804 ], [ 92.250574706334703, 11.526356165335748 ], [ 92.214596560904667, 11.529747734564419 ], [ 92.207669152020415, 11.54962795368008 ], [ 92.215210904721445, 11.573352690222558 ], [ 92.20779902245647, 11.585459899467615 ], [ 92.216489047436724, 11.594779579102466 ] ] ], [ [ [ 73.048954330859772, 8.327408780143621 ], [ 73.085215588155961, 8.327413798322702 ], [ 73.0684394017767, 8.298321841940977 ], [ 73.069166965594988, 8.28214620710944 ], [ 73.047159647355954, 8.260552761154308 ], [ 73.010489235282265, 8.270073068618547 ], [ 73.010326225826077, 8.302522945938451 ], [ 73.048954330859772, 8.327408780143621 ] ] ], [ [ [ 93.029131099376656, 12.165581192284646 ], [ 93.025123203891255, 12.141867797907949 ], [ 93.035548319847933, 12.124902275263128 ], [ 93.030793343911114, 12.115771389694745 ], [ 93.034133739023403, 12.100330378149836 ], [ 93.054079918676081, 12.075983344161695 ], [ 93.045299497535311, 12.045734615169399 ], [ 93.025236785320729, 12.070490383298944 ], [ 93.00777809010377, 12.075626788753265 ], [ 93.008638434378426, 12.104098868400891 ], [ 93.000233526544321, 12.107953420681216 ], [ 93.000447505105896, 12.110494368264199 ], [ 93.003149885149313, 12.111341280039229 ], [ 93.005222991313758, 12.115102959267148 ], [ 93.001689394276184, 12.133790035818919 ], [ 93.007242945764105, 12.147063367104316 ], [ 93.029131099376656, 12.165581192284646 ] ] ], [ [ [ 73.645936248716509, 10.053368958237501 ], [ 73.621510279467017, 10.075126410956759 ], [ 73.620001337295761, 10.101869933794054 ], [ 73.660246494487524, 10.155047668843398 ], [ 73.665929177196318, 10.138009508502305 ], [ 73.654638926998274, 10.109940251037441 ], [ 73.645936248716509, 10.053368958237501 ] ] ], [ [ [ 92.991495395782522, 12.10900439236363 ], [ 93.005761955513648, 12.100380565535941 ], [ 92.99777160593591, 12.066023119258933 ], [ 93.000906718599566, 12.051498172210144 ], [ 92.994488574157131, 12.044346902611533 ], [ 92.980469140485198, 12.050925964589062 ], [ 92.973300664384993, 12.059482256602976 ], [ 92.975950800466705, 12.066677630415001 ], [ 92.964792918053973, 12.068437367629656 ], [ 92.960546310481661, 12.078840662495116 ], [ 92.97154043358303, 12.088173101366097 ], [ 92.960917708228749, 12.093907647477401 ], [ 92.959878515556611, 12.107665377452799 ], [ 92.973588879148622, 12.102339310281444 ], [ 92.991495395782522, 12.10900439236363 ] ] ], [ [ [ 92.731461893071113, 12.242318437421474 ], [ 92.732863324585196, 12.210550911418418 ], [ 92.738940551257627, 12.223629039187408 ], [ 92.74331053793675, 12.215072336833963 ], [ 92.744828920503636, 12.21888170013341 ], [ 92.737815980315133, 12.227909334700147 ], [ 92.739920756840021, 12.236404817976441 ], [ 92.745552337565329, 12.227124140413828 ], [ 92.762595728806517, 12.229711250802369 ], [ 92.763103980622731, 12.208475895752899 ], [ 92.768415407945724, 12.201062305654126 ], [ 92.763539244489266, 12.181691377078426 ], [ 92.750640878924784, 12.18342342727488 ], [ 92.746836230566814, 12.180526777024722 ], [ 92.73313658025846, 12.184747259941144 ], [ 92.730963573408388, 12.192502733635662 ], [ 92.720809952225451, 12.19058015258123 ], [ 92.722064602875435, 12.233369775097634 ], [ 92.731461893071113, 12.242318437421474 ] ] ], [ [ [ 93.588419358864613, 8.107362764530437 ], [ 93.590433086216066, 8.069429327347706 ], [ 93.600695528277825, 8.049968568119761 ], [ 93.593906886488099, 8.038611495621446 ], [ 93.572032117321783, 8.066983879230337 ], [ 93.574878473774177, 8.073065120008415 ], [ 93.583455710550808, 8.073058223038034 ], [ 93.570683028821961, 8.09110911284626 ], [ 93.573801263214207, 8.107941109529211 ], [ 93.562495901185372, 8.119802233776348 ], [ 93.579761599411796, 8.124665877289821 ], [ 93.588419358864613, 8.107362764530437 ] ] ], [ [ [ 93.61445934293576, 8.575246063058124 ], [ 93.622220823769254, 8.531699284300114 ], [ 93.63576879597791, 8.522536144603125 ], [ 93.637393412603885, 8.511502661423627 ], [ 93.631784174562441, 8.505648997978565 ], [ 93.64239061300502, 8.468268479840901 ], [ 93.62693682632316, 8.467733420268436 ], [ 93.622936823001936, 8.42323126322469 ], [ 93.617555870739096, 8.443520728995916 ], [ 93.623416091843936, 8.462994991127852 ], [ 93.619357424824429, 8.480544136003402 ], [ 93.629079754408494, 8.488751686478899 ], [ 93.622504805736511, 8.525604118640384 ], [ 93.611179599138367, 8.544478079728078 ], [ 93.61445934293576, 8.575246063058124 ] ] ], [ [ [ 93.016674962022279, 13.675174159155263 ], [ 93.031835119177074, 13.633674939452565 ], [ 93.025692998865395, 13.627179438132371 ], [ 93.01517732711946, 13.644149748438354 ], [ 93.001358010199425, 13.649632866902461 ], [ 92.986008838371774, 13.642736743179315 ], [ 92.976919891153628, 13.654955297133302 ], [ 92.982303169821847, 13.665310472469891 ], [ 93.005537938029264, 13.666823261632635 ], [ 93.016674962022279, 13.675174159155263 ] ] ], [ [ [ 92.963732745384306, 12.150755185575118 ], [ 92.992154322063527, 12.14408285247745 ], [ 93.00088843074947, 12.121640809591291 ], [ 92.997831032183214, 12.114445307888829 ], [ 92.98078916460949, 12.111593523865769 ], [ 92.963081892542732, 12.122877348728062 ], [ 92.955567570660662, 12.142702263026973 ], [ 92.963732745384306, 12.150755185575118 ] ] ], [ [ [ 92.955397487261351, 12.435576660996587 ], [ 92.960624429715693, 12.419207969530571 ], [ 92.944288691347154, 12.4042461125612 ], [ 92.942346796250789, 12.382458510355724 ], [ 92.930926420114659, 12.358504905774552 ], [ 92.917320587877242, 12.368990788749537 ], [ 92.927803654246802, 12.387201981296945 ], [ 92.926059294623073, 12.404789593834163 ], [ 92.937183509827832, 12.421402813294039 ], [ 92.947876198973489, 12.414902857742135 ], [ 92.955397487261351, 12.435576660996587 ] ] ], [ [ [ 93.103330693806043, 12.260770781779158 ], [ 93.106248011197465, 12.245017836820869 ], [ 93.100649269752154, 12.204399842204859 ], [ 93.092284799946242, 12.212355436934159 ], [ 93.092734652341889, 12.225230462858905 ], [ 93.083118673459197, 12.222699351980694 ], [ 93.062886548405658, 12.231039396389242 ], [ 93.072531085517014, 12.259706674821953 ], [ 93.083591424127349, 12.258455458273156 ], [ 93.088489370419481, 12.237304411540912 ], [ 93.103330693806043, 12.260770781779158 ] ] ], [ [ [ 93.031537115954052, 11.836848617527869 ], [ 93.060253364706625, 11.844961025867281 ], [ 93.071569565355148, 11.835024649559127 ], [ 93.06313446478201, 11.819177627108704 ], [ 93.050210440099548, 11.813213985159564 ], [ 93.021563613856671, 11.830373076998567 ], [ 93.015288705487791, 11.828601452772871 ], [ 93.013066310512386, 11.850002765403437 ], [ 93.031537115954052, 11.836848617527869 ] ] ], [ [ [ 92.934370600647142, 12.308183936075064 ], [ 92.933422237390971, 12.28907877933127 ], [ 92.942303530171117, 12.275684475763114 ], [ 92.928501351414496, 12.255912786314518 ], [ 92.923187760085341, 12.230681197876562 ], [ 92.920899938396516, 12.266341901747859 ], [ 92.912343925758719, 12.263034886978003 ], [ 92.914269965313991, 12.273417495751019 ], [ 92.900614003298244, 12.271929213931568 ], [ 92.901728894147368, 12.287868770501881 ], [ 92.913662966063782, 12.2932781412855 ], [ 92.91952262093011, 12.282278417048669 ], [ 92.927918845528765, 12.280871693180371 ], [ 92.934370600647142, 12.308183936075064 ] ] ], [ [ [ 92.710387366711672, 12.829076015274154 ], [ 92.715410460767316, 12.828261449424044 ], [ 92.712162873490342, 12.777253156085235 ], [ 92.725435388698642, 12.749009262997617 ], [ 92.723317101394898, 12.742392027675496 ], [ 92.719291168696401, 12.752920614034768 ], [ 92.718355330760744, 12.719241526386476 ], [ 92.709040049663869, 12.728416654484457 ], [ 92.709555568324916, 12.773587715933012 ], [ 92.694601403419028, 12.796047281366038 ], [ 92.710387366711672, 12.829076015274154 ] ] ], [ [ [ 93.006328190080509, 12.997075929263284 ], [ 92.980239384288652, 12.966663397741002 ], [ 92.988187998429268, 12.95645886230392 ], [ 92.980003342754841, 12.948079483898061 ], [ 92.981190056505355, 12.932929001488352 ], [ 92.96994463529326, 12.937019119870914 ], [ 92.968773450680828, 12.944324444036461 ], [ 92.952083724303563, 12.940932632143804 ], [ 92.960458967641301, 12.949735336476248 ], [ 92.973756011127293, 12.94649018821967 ], [ 92.972471133676976, 12.955206297631609 ], [ 92.959408602387413, 12.955760588256226 ], [ 92.953874175839815, 12.96272832123657 ], [ 92.953983661525385, 12.968186327590059 ], [ 92.962909977429149, 12.969105972047753 ], [ 92.952462252980936, 12.980123701930527 ], [ 92.959447397947628, 12.988924844280977 ], [ 92.969271808222615, 12.982378603264085 ], [ 92.964909246030544, 12.978204642524677 ], [ 92.972339027265406, 12.969798436400874 ], [ 92.988158319096385, 12.984836584015802 ], [ 92.985929839873194, 12.993456465607489 ], [ 93.006328190080509, 12.997075929263284 ] ] ], [ [ [ 92.53624895518071, 11.605676782343254 ], [ 92.548224482680197, 11.600300851498629 ], [ 92.546682648564897, 11.591452108247626 ], [ 92.566718018678458, 11.592940421635436 ], [ 92.569530348633691, 11.5884059238827 ], [ 92.562471262075292, 11.585523551983544 ], [ 92.565682198560168, 11.573655118619877 ], [ 92.554127314138228, 11.562393389646576 ], [ 92.538500467820384, 11.562779239626165 ], [ 92.530346794041378, 11.554676450585712 ], [ 92.53584825194757, 11.565049560362739 ], [ 92.532459113736792, 11.595636321202589 ], [ 92.53624895518071, 11.605676782343254 ] ] ], [ [ [ 92.888156620112426, 12.408178692593035 ], [ 92.88275432828442, 12.37408192568088 ], [ 92.879099975318326, 12.384219129688125 ], [ 92.862391653591814, 12.379918750530116 ], [ 92.860461326010352, 12.388914757624915 ], [ 92.844576834131402, 12.395137705784473 ], [ 92.843296041760453, 12.40153018918067 ], [ 92.854658717654686, 12.40876714844771 ], [ 92.881901901940054, 12.398303386690886 ], [ 92.888156620112426, 12.408178692593035 ] ] ], [ [ [ 92.704281674574446, 12.299491710453974 ], [ 92.723518193664574, 12.295969199511092 ], [ 92.72385391132272, 12.291130696556037 ], [ 92.710756360736724, 12.230149395724519 ], [ 92.699927609218577, 12.275689566909518 ], [ 92.704281674574446, 12.299491710453974 ] ] ], [ [ [ 92.900811975244721, 12.255152248894589 ], [ 92.914204535233324, 12.232231270187985 ], [ 92.912344841303906, 12.222183278280939 ], [ 92.908586243017851, 12.232977778649866 ], [ 92.900080193200367, 12.229116232858853 ], [ 92.891307218865677, 12.234044061012613 ], [ 92.880937803761284, 12.223817224336861 ], [ 92.878148525523429, 12.210000647112899 ], [ 92.871289368567048, 12.245737152943622 ], [ 92.878094933126818, 12.248341583535083 ], [ 92.883726773174274, 12.238052335971229 ], [ 92.887197986897419, 12.251534891583931 ], [ 92.900811975244721, 12.255152248894589 ] ] ], [ [ [ 93.234998961881743, 8.264494596591359 ], [ 93.251214959718752, 8.230582749688105 ], [ 93.239507831036605, 8.221876395866991 ], [ 93.220232759889839, 8.245668473189568 ], [ 93.222325302281689, 8.257438596525576 ], [ 93.234998961881743, 8.264494596591359 ] ] ], [ [ [ 72.647077402959695, 10.57780485519176 ], [ 72.651395175220117, 10.561608882281256 ], [ 72.617454487517051, 10.538991463270914 ], [ 72.615330411386282, 10.552528710415036 ], [ 72.632555381370025, 10.57830965653118 ], [ 72.638550387958603, 10.582250112266085 ], [ 72.647077402959695, 10.57780485519176 ] ] ], [ [ [ 93.86760430021846, 12.293976047998127 ], [ 93.87754584086062, 12.280526379621755 ], [ 93.876264669295722, 12.273155490610772 ], [ 93.854848821668398, 12.265746886646054 ], [ 93.846354770188825, 12.272310829704148 ], [ 93.849087786561469, 12.288709622693927 ], [ 93.86760430021846, 12.293976047998127 ] ] ], [ [ [ 94.25983992183852, 13.435718292024868 ], [ 94.246389783156744, 13.442780768802493 ], [ 94.252953960835939, 13.461582138189925 ], [ 94.275764521652889, 13.468584553932036 ], [ 94.275653797811273, 13.449722550700921 ], [ 94.25983992183852, 13.435718292024868 ] ] ], [ [ [ 92.926601015077495, 13.023670917188362 ], [ 92.939964236418675, 13.025108554560433 ], [ 92.941914208717449, 12.995519054385046 ], [ 92.920862275683305, 13.000524697583701 ], [ 92.91550937172029, 13.014702574675272 ], [ 92.921925251104639, 13.028674459806385 ], [ 92.926601015077495, 13.023670917188362 ] ] ], [ [ [ 73.65881259977003, 10.814192193273595 ], [ 73.699757301393618, 10.81646832655705 ], [ 73.703875619603849, 10.811481884776477 ], [ 73.679557222510439, 10.800871647327314 ], [ 73.66301989274082, 10.801565612184206 ], [ 73.65881259977003, 10.814192193273595 ] ] ], [ [ [ 93.044245543706964, 8.471210064273862 ], [ 93.056261437263274, 8.460862849791607 ], [ 93.057472973023238, 8.440527872104781 ], [ 93.044486456596346, 8.441610130594016 ], [ 93.03654947367302, 8.449704352270203 ], [ 93.044245543706964, 8.471210064273862 ] ] ], [ [ [ 72.170026505392372, 10.80873651524397 ], [ 72.162637008857061, 10.811752267712702 ], [ 72.177879665010039, 10.82713847454376 ], [ 72.195091723508739, 10.870356083640937 ], [ 72.206550736197627, 10.877821308782245 ], [ 72.170026505392372, 10.80873651524397 ] ] ], [ [ [ 92.73971014589965, 11.962081532381752 ], [ 92.765566108773271, 11.965847989412397 ], [ 92.764995092708034, 11.952285259326443 ], [ 92.74570807289453, 11.945386730819379 ], [ 92.736427963539882, 11.952318209923199 ], [ 92.73971014589965, 11.962081532381752 ] ] ], [ [ [ 92.600936286633981, 11.970754989309512 ], [ 92.609313029087843, 11.940376856284473 ], [ 92.598736810480744, 11.927864753894315 ], [ 92.59639270206182, 11.960235056100045 ], [ 92.588656916469347, 11.975980798447418 ], [ 92.600936286633981, 11.970754989309512 ] ] ], [ [ [ 92.843517439102087, 13.440077043329863 ], [ 92.842309698097154, 13.426230474513293 ], [ 92.831725305341706, 13.418548551031982 ], [ 92.822128874356963, 13.421457195385207 ], [ 92.821738358919987, 13.435986953810023 ], [ 92.843517439102087, 13.440077043329863 ] ] ], [ [ [ 92.70644749364169, 11.288634061758307 ], [ 92.705857432735442, 11.263811364802351 ], [ 92.68823434821293, 11.242428261587833 ], [ 92.697280374876328, 11.261867872288468 ], [ 92.693248073124295, 11.280925561221668 ], [ 92.70644749364169, 11.288634061758307 ] ] ], [ [ [ 92.592586409708957, 11.577860582319099 ], [ 92.595707454870862, 11.533238985144068 ], [ 92.588180877570139, 11.533803310192056 ], [ 92.587198796096914, 11.540961496774147 ], [ 92.583646949105088, 11.535177071583732 ], [ 92.592586409708957, 11.577860582319099 ] ] ], [ [ [ 72.791188823097684, 11.259062481978678 ], [ 72.778093948815695, 11.214107047190515 ], [ 72.762373117266549, 11.180727589195435 ], [ 72.779547117184507, 11.240369627872102 ], [ 72.791188823097684, 11.259062481978678 ] ] ], [ [ [ 92.61189457939183, 11.588079188377552 ], [ 92.619219030833534, 11.577143916103648 ], [ 92.614930050805285, 11.562259916040603 ], [ 92.600341041866628, 11.570553971800818 ], [ 92.601193160165693, 11.585853836025386 ], [ 92.61189457939183, 11.588079188377552 ] ] ], [ [ [ 92.607532638170696, 11.56328257517764 ], [ 92.620403366834395, 11.555236934859494 ], [ 92.617775050455379, 11.537047166586762 ], [ 92.610472698725246, 11.531394865785732 ], [ 92.601759109969223, 11.55432474331276 ], [ 92.60934977841417, 11.553456726082379 ], [ 92.607532638170696, 11.56328257517764 ] ] ], [ [ [ 92.729697065041762, 12.863729615085452 ], [ 92.717139419894394, 12.833405148910398 ], [ 92.709587427547802, 12.833714547981726 ], [ 92.720148374381765, 12.865253375071955 ], [ 92.729697065041762, 12.863729615085452 ] ] ], [ [ [ 92.791389383682656, 12.916844962927772 ], [ 92.800633439685342, 12.897662911780285 ], [ 92.79325774845698, 12.892138901822396 ], [ 92.782472075776695, 12.895989553651289 ], [ 92.788737439789926, 12.905398937134834 ], [ 92.774226026558921, 12.906394486676854 ], [ 92.77477482101267, 12.91233556198423 ], [ 92.791389383682656, 12.916844962927772 ] ] ], [ [ [ 73.00944416730556, 11.467001564294959 ], [ 73.000299871714759, 11.47791218460107 ], [ 73.000685831710598, 11.497441014921545 ], [ 73.010911925984246, 11.487840731211023 ], [ 73.00944416730556, 11.467001564294959 ] ] ], [ [ [ 72.718915312595215, 11.695228648315091 ], [ 72.709110090631782, 11.679229455343439 ], [ 72.700527533993764, 11.683689343650643 ], [ 72.707935646109263, 11.700316800253704 ], [ 72.717361182893669, 11.703486954029929 ], [ 72.718915312595215, 11.695228648315091 ] ] ], [ [ [ 92.876807201859663, 12.931416589819252 ], [ 92.886173103290574, 12.923965893456247 ], [ 92.880716978401011, 12.920840951092998 ], [ 92.874933723237547, 12.927067274697869 ], [ 92.873561803500351, 12.916615821165937 ], [ 92.86528134609182, 12.916691571481312 ], [ 92.859751096618339, 12.932752710891357 ], [ 92.876807201859663, 12.931416589819252 ] ] ], [ [ [ 92.696095023995397, 13.095356806807191 ], [ 92.720096759809337, 13.095568294428215 ], [ 92.70797401709531, 13.086890543330375 ], [ 92.706439482434845, 13.071558741293865 ], [ 92.701842772759548, 13.070959979413432 ], [ 92.696095023995397, 13.095356806807191 ] ] ], [ [ [ 72.721910554107694, 11.111532210330815 ], [ 72.718921948131907, 11.126087167522945 ], [ 72.735155570047993, 11.135268669246631 ], [ 72.733130769104605, 11.124641149258041 ], [ 72.721910554107694, 11.111532210330815 ] ] ], [ [ [ 92.761757215836681, 12.293943843761896 ], [ 92.767697348262658, 12.275067953322344 ], [ 92.764638141206319, 12.265497327815737 ], [ 92.75301699046895, 12.278023080667461 ], [ 92.761757215836681, 12.293943843761896 ] ] ], [ [ [ 92.749316815757297, 12.288631304819685 ], [ 92.742930306665244, 12.255485968473497 ], [ 92.734489291812963, 12.247900657803177 ], [ 92.739548474987245, 12.271079724458884 ], [ 92.739614066500366, 12.28253983290398 ], [ 92.749316815757297, 12.288631304819685 ] ] ], [ [ [ 93.056175049911374, 13.653937480365508 ], [ 93.06631805789506, 13.649507684650791 ], [ 93.055163434874856, 13.643876410396903 ], [ 93.046684317486793, 13.621147242435118 ], [ 93.043103315247649, 13.637567810287777 ], [ 93.056175049911374, 13.653937480365508 ] ] ], [ [ [ 92.935235991084355, 12.224638137695683 ], [ 92.94109910006263, 12.217292876444867 ], [ 92.934230568576282, 12.211242663715158 ], [ 92.935688400993044, 12.201868297434677 ], [ 92.932801819578899, 12.196088682360886 ], [ 92.925288480562685, 12.216255133160374 ], [ 92.935235991084355, 12.224638137695683 ] ] ], [ [ [ 92.888471775193523, 13.595152265375955 ], [ 92.903343916553141, 13.596102528100229 ], [ 92.885005511897603, 13.57461928871451 ], [ 92.882075293212694, 13.581363463075117 ], [ 92.888471775193523, 13.595152265375955 ] ] ], [ [ [ 92.552668720305931, 11.538671203907434 ], [ 92.568924946896516, 11.527706542348328 ], [ 92.56640025968818, 11.517723321216037 ], [ 92.552713150023237, 11.531207602242182 ], [ 92.552668720305931, 11.538671203907434 ] ] ], [ [ [ 92.674609307407522, 12.542056985346857 ], [ 92.684595433942121, 12.539629691938542 ], [ 92.678683825350774, 12.522374471662552 ], [ 92.66868559890122, 12.532439521894307 ], [ 92.674609307407522, 12.542056985346857 ] ] ], [ [ [ 93.025303220076921, 13.326297825278692 ], [ 93.02197623462115, 13.322327924991011 ], [ 93.021544929493587, 13.301254576423364 ], [ 93.014871080227081, 13.308698519605759 ], [ 93.016223861972051, 13.324102058169915 ], [ 93.017672036036373, 13.329293286560235 ], [ 93.025303220076921, 13.326297825278692 ] ] ], [ [ [ 92.724192280994629, 11.332040413892599 ], [ 92.723808897244382, 11.317581627396747 ], [ 92.717389792834595, 11.316335135663968 ], [ 92.710299237117226, 11.301893713663855 ], [ 92.698450164987918, 11.309087480716084 ], [ 92.711428371073296, 11.309268694139533 ], [ 92.724192280994629, 11.332040413892599 ] ] ], [ [ [ 93.71975948086552, 7.207067636345575 ], [ 93.712801373238236, 7.208330793304193 ], [ 93.709218109889378, 7.230357351749641 ], [ 93.7211913864314, 7.213346463377937 ], [ 93.71975948086552, 7.207067636345575 ] ] ], [ [ [ 93.120403022625226, 12.1482846729833 ], [ 93.12367442514082, 12.140311202445142 ], [ 93.115258556749481, 12.130173314433707 ], [ 93.110051229362114, 12.142893389152078 ], [ 93.120403022625226, 12.1482846729833 ] ] ], [ [ [ 92.957623170212614, 12.102187069756003 ], [ 92.951357975330879, 12.084580022986415 ], [ 92.948055610055263, 12.116317055535285 ], [ 92.957623170212614, 12.102187069756003 ] ] ], [ [ [ 92.829248918957802, 12.425487186885098 ], [ 92.846419480657005, 12.414975655400118 ], [ 92.836266451831406, 12.415948257009099 ], [ 92.829248918957802, 12.425487186885098 ] ] ], [ [ [ 92.7167896896934, 12.787818555816848 ], [ 92.724601528612055, 12.766117386135024 ], [ 92.724897912188965, 12.761795816205201 ], [ 92.719447353736385, 12.777846777612313 ], [ 92.71455337108172, 12.778858444176326 ], [ 92.71711244346406, 12.782813615696382 ], [ 92.7167896896934, 12.787818555816848 ] ] ], [ [ [ 93.689272363183264, 7.395982756695842 ], [ 93.683870626205305, 7.405742788712407 ], [ 93.688655139426274, 7.40935679242472 ], [ 93.696263569044177, 7.399804282672369 ], [ 93.689272363183264, 7.395982756695842 ] ] ], [ [ [ 92.227161000623099, 10.98194138782465 ], [ 92.223125174850225, 10.974042031050352 ], [ 92.215089413269766, 10.977884780204691 ], [ 92.220371191999021, 10.982701709424864 ], [ 92.227161000623099, 10.98194138782465 ] ] ], [ [ [ 92.91536251083356, 12.355499838768186 ], [ 92.918143053196076, 12.349351864041026 ], [ 92.910673040500654, 12.337890948289532 ], [ 92.909912882332506, 12.350513310367418 ], [ 92.91536251083356, 12.355499838768186 ] ] ], [ [ [ 92.754168244856729, 12.913818520134974 ], [ 92.755699319927245, 12.891526650726973 ], [ 92.750100774687581, 12.890740944857269 ], [ 92.754168244856729, 12.913818520134974 ] ] ], [ [ [ 92.733609003331779, 11.959682194020342 ], [ 92.731951769709468, 11.944637828144002 ], [ 92.725994543065411, 11.94170846853566 ], [ 92.722916664680881, 11.952744840437646 ], [ 92.733609003331779, 11.959682194020342 ] ] ], [ [ [ 92.789394361048863, 12.893227504344086 ], [ 92.790410378265946, 12.884580410313172 ], [ 92.784302189977538, 12.8823721394388 ], [ 92.781895505956072, 12.891923444664 ], [ 92.789394361048863, 12.893227504344086 ] ] ], [ [ [ 93.545212017582969, 7.511241250944767 ], [ 93.541390807893762, 7.514075853844417 ], [ 93.542856124407152, 7.524537730001789 ], [ 93.549788552421347, 7.517924932146466 ], [ 93.545212017582969, 7.511241250944767 ] ] ], [ [ [ 92.606387730763132, 10.937596782461046 ], [ 92.620441487241862, 10.929905844816478 ], [ 92.613819832806826, 10.92838739168266 ], [ 92.606387730763132, 10.937596782461046 ] ] ], [ [ [ 92.665271091137811, 10.992838017669893 ], [ 92.669450023312336, 10.98734178420756 ], [ 92.661122435028943, 10.982989711348752 ], [ 92.659700817667684, 10.990285921223386 ], [ 92.665271091137811, 10.992838017669893 ] ] ], [ [ [ 92.86680945981638, 12.235930937243101 ], [ 92.861527320985942, 12.243241398668014 ], [ 92.86505273401454, 12.250990838708827 ], [ 92.869922858600432, 12.249000104153239 ], [ 92.86680945981638, 12.235930937243101 ] ] ], [ [ [ 72.287592849937553, 10.945404240247216 ], [ 72.293747477554732, 10.93537070410804 ], [ 72.285834330589651, 10.934465653458771 ], [ 72.287592849937553, 10.945404240247216 ] ] ], [ [ [ 92.865845402222945, 12.421104126403009 ], [ 92.869603546891099, 12.414397415873376 ], [ 92.859931563024716, 12.414150765897633 ], [ 92.859215847134308, 12.417389283423731 ], [ 92.865845402222945, 12.421104126403009 ] ] ], [ [ [ 92.600678789501416, 11.529951228404036 ], [ 92.606503458117231, 11.533369053785229 ], [ 92.606226933274911, 11.521779680023659 ], [ 92.600678789501416, 11.529951228404036 ] ] ], [ [ [ 92.774363418349125, 12.931318030409516 ], [ 92.776064788722422, 12.926317259691178 ], [ 92.772715989464302, 12.917682832897485 ], [ 92.769626913791853, 12.928915745967307 ], [ 92.774363418349125, 12.931318030409516 ] ] ], [ [ [ 92.761029202704563, 12.867877352796361 ], [ 92.765188997589959, 12.868959291920604 ], [ 92.766124935990689, 12.854864155241799 ], [ 92.761029202704563, 12.867877352796361 ] ] ], [ [ [ 92.602066086418176, 11.917307740803855 ], [ 92.598686502390876, 11.906271876594648 ], [ 92.595627955902856, 11.905595095300768 ], [ 92.595251239076333, 11.915591612761878 ], [ 92.602066086418176, 11.917307740803855 ] ] ], [ [ [ 92.812233260997317, 13.419516236328755 ], [ 92.818681476961743, 13.416213480919344 ], [ 92.814498465796532, 13.403493096763997 ], [ 92.812233260997317, 13.419516236328755 ] ] ], [ [ [ 93.771836517000963, 7.395536981700847 ], [ 93.76638338114455, 7.394873441289959 ], [ 93.762864479913148, 7.398478156297313 ], [ 93.767651474528066, 7.403329314035587 ], [ 93.771836517000963, 7.395536981700847 ] ] ], [ [ [ 93.085512386138632, 11.789559321721057 ], [ 93.083207884699704, 11.780550889674432 ], [ 93.078360876229056, 11.77982680210545 ], [ 93.080470578185327, 11.787905598838421 ], [ 93.085512386138632, 11.789559321721057 ] ] ], [ [ [ 92.874231941853409, 13.506317249344917 ], [ 92.868576416222098, 13.504176546435042 ], [ 92.870187405504495, 13.513185748952763 ], [ 92.872327581717315, 13.512184514315223 ], [ 92.874231941853409, 13.506317249344917 ] ] ], [ [ [ 72.32723087103787, 10.949073154165086 ], [ 72.320628817877747, 10.943821602274829 ], [ 72.315531338148318, 10.941807535666186 ], [ 72.316856237211297, 10.948110794137362 ], [ 72.32723087103787, 10.949073154165086 ] ] ], [ [ [ 93.644456995785276, 7.470730176978457 ], [ 93.65363849907655, 7.475373248217272 ], [ 93.652128001771516, 7.470079220622724 ], [ 93.644456995785276, 7.470730176978457 ] ] ], [ [ [ 92.756418574041888, 12.180517902502071 ], [ 92.763769503783678, 12.178869871676939 ], [ 92.759181304190264, 12.166528698499421 ], [ 92.759362819932619, 12.177754689350538 ], [ 92.756418574041888, 12.180517902502071 ] ] ], [ [ [ 93.07094455864906, 13.413024585060175 ], [ 93.067180428651767, 13.422249607856072 ], [ 93.072492991625538, 13.431198378328419 ], [ 93.070546451117465, 13.423344173476423 ], [ 93.07094455864906, 13.413024585060175 ] ] ], [ [ [ 93.087279445283286, 13.415593901856385 ], [ 93.095452228421763, 13.415677222192556 ], [ 93.089226512640735, 13.410044303225044 ], [ 93.087279445283286, 13.415593901856385 ] ] ], [ [ [ 92.915520978180965, 13.514232031035474 ], [ 92.922105818812526, 13.512990872294722 ], [ 92.914534094273847, 13.506845108855599 ], [ 92.915520978180965, 13.514232031035474 ] ] ], [ [ [ 92.76088088543851, 12.931254163962681 ], [ 92.766777937586596, 12.928624267745635 ], [ 92.763297055297642, 12.925950638267521 ], [ 92.76088088543851, 12.931254163962681 ] ] ], [ [ [ 92.722920297023578, 12.735778208521477 ], [ 92.729497292507304, 12.73043382233695 ], [ 92.727969588900407, 12.726915022241192 ], [ 92.722920297023578, 12.735778208521477 ] ] ], [ [ [ 92.676871194587974, 11.188629484579133 ], [ 92.677245013354366, 11.177912859385534 ], [ 92.675190611797618, 11.189805165776491 ], [ 92.676871194587974, 11.188629484579133 ] ] ], [ [ [ 92.905529596293377, 13.535684847218008 ], [ 92.911915142033649, 13.533566505089469 ], [ 92.905676008137931, 13.530776468291732 ], [ 92.905529596293377, 13.535684847218008 ] ] ], [ [ [ 93.644542405347849, 8.394700319146249 ], [ 93.656150342954646, 8.39015310181494 ], [ 93.647867618782939, 8.39066548246114 ], [ 93.644542405347849, 8.394700319146249 ] ] ], [ [ [ 92.557584172011161, 11.396291678747124 ], [ 92.561684484611376, 11.393467949541517 ], [ 92.555989048256862, 11.391238092522027 ], [ 92.557584172011161, 11.396291678747124 ] ] ], [ [ [ 92.733464304859311, 11.14796212123689 ], [ 92.731568339501521, 11.142909594649407 ], [ 92.728392372671365, 11.143564126649414 ], [ 92.728953268310349, 11.147624305500011 ], [ 92.733464304859311, 11.14796212123689 ] ] ], [ [ [ 92.765664842427569, 11.677688192447306 ], [ 92.763973407239149, 11.673499529477372 ], [ 92.761431072134798, 11.670230288751558 ], [ 92.760228774553241, 11.677762689814134 ], [ 92.765664842427569, 11.677688192447306 ] ] ], [ [ [ 93.096221276525981, 13.434297775959326 ], [ 93.102705422757595, 13.434625955816724 ], [ 93.10356007912894, 13.430178831904755 ], [ 93.096221276525981, 13.434297775959326 ] ] ], [ [ [ 93.028016676670859, 12.279943669790162 ], [ 93.026553478378176, 12.273839609207961 ], [ 93.022092411663053, 12.274680529477257 ], [ 93.028016676670859, 12.279943669790162 ] ] ], [ [ [ 92.695450692695161, 11.663580741620668 ], [ 92.701232421277567, 11.660326933530978 ], [ 92.692907602470711, 11.661148080901448 ], [ 92.695450692695161, 11.663580741620668 ] ] ], [ [ [ 93.020227975014421, 13.3382523697215 ], [ 93.016293099256274, 13.341011137032355 ], [ 93.018852923191474, 13.345952250866109 ], [ 93.02064899345757, 13.345033096075905 ], [ 93.020227975014421, 13.3382523697215 ] ] ], [ [ [ 92.919003815153772, 13.042733907250989 ], [ 92.91440282086559, 13.042471234074418 ], [ 92.916691948051337, 13.047669785568855 ], [ 92.919003815153772, 13.042733907250989 ] ] ], [ [ [ 92.90383721017291, 12.424762890518913 ], [ 92.899174136071693, 12.421272146361433 ], [ 92.899765505276747, 12.426084610185963 ], [ 92.90383721017291, 12.424762890518913 ] ] ], [ [ [ 92.766580719968445, 12.925435272512988 ], [ 92.764817578723509, 12.917806645788144 ], [ 92.762495643533583, 12.919768502960244 ], [ 92.766580719968445, 12.925435272512988 ] ] ], [ [ [ 93.002141455362704, 12.117911846573426 ], [ 93.002178852404143, 12.111138033796966 ], [ 92.998065041901341, 12.113571074554326 ], [ 93.002141455362704, 12.117911846573426 ] ] ], [ [ [ 92.68332971492552, 12.216412689326482 ], [ 92.679750369163571, 12.218983255829741 ], [ 92.682253756341439, 12.224404750554115 ], [ 92.683235053316011, 12.223573493567638 ], [ 92.68332971492552, 12.216412689326482 ] ] ], [ [ [ 93.077272897248392, 13.299373243616506 ], [ 93.074107861838598, 13.303054247402166 ], [ 93.078724413043531, 13.301466937279443 ], [ 93.077272897248392, 13.299373243616506 ] ] ], [ [ [ 92.563538188426193, 11.949744154315081 ], [ 92.569692943896925, 11.945532498459293 ], [ 92.567308800655823, 11.944705159104174 ], [ 92.563538188426193, 11.949744154315081 ] ] ], [ [ [ 92.731433286352342, 12.18740111677873 ], [ 92.725136456680488, 12.186071549430343 ], [ 92.730402989550242, 12.189869790018168 ], [ 92.731433286352342, 12.18740111677873 ] ] ], [ [ [ 92.91465085789676, 13.066355992749269 ], [ 92.916767081473438, 13.057928951904819 ], [ 92.913709589140097, 13.066925536038541 ], [ 92.91465085789676, 13.066355992749269 ] ] ], [ [ [ 93.051956221399749, 13.564489432048118 ], [ 93.056403454464075, 13.562820075499491 ], [ 93.053578348918904, 13.560386668561804 ], [ 93.051956221399749, 13.564489432048118 ] ] ], [ [ [ 92.771909428378152, 12.293447511217344 ], [ 92.766402092245272, 12.289808450045383 ], [ 92.77092773830158, 12.295326078045363 ], [ 92.771909428378152, 12.293447511217344 ] ] ], [ [ [ 92.695549232686631, 12.247080898444144 ], [ 92.699864752797353, 12.247115618334421 ], [ 92.699289030156294, 12.243859461875189 ], [ 92.695549232686631, 12.247080898444144 ] ] ], [ [ [ 92.737968671074952, 12.292426130802843 ], [ 92.737089594263537, 12.282765321982431 ], [ 92.735618672324861, 12.281314978557655 ], [ 92.735249690547803, 12.288135751272813 ], [ 92.737968671074952, 12.292426130802843 ] ] ], [ [ [ 92.771393057068295, 12.017372209736672 ], [ 92.775225935412664, 12.013946462233088 ], [ 92.772419898279551, 12.013774254693082 ], [ 92.771393057068295, 12.017372209736672 ] ] ], [ [ [ 93.06729539789761, 12.318713484100735 ], [ 93.072837206654015, 12.315947652202096 ], [ 93.062612884508354, 12.315797794280304 ], [ 93.06729539789761, 12.318713484100735 ] ] ], [ [ [ 72.537655230388694, 10.781478797435453 ], [ 72.531013861948736, 10.779830238775283 ], [ 72.537313317272705, 10.783103113551778 ], [ 72.537655230388694, 10.781478797435453 ] ] ], [ [ [ 92.576733608673095, 11.568291930398285 ], [ 92.572754396030348, 11.565266021126815 ], [ 92.576692615440393, 11.570897112527691 ], [ 92.576733608673095, 11.568291930398285 ] ] ], [ [ [ 92.936685318074666, 12.917100148219175 ], [ 92.931650543066482, 12.917010351059956 ], [ 92.931733336417665, 12.919019496286815 ], [ 92.936685318074666, 12.917100148219175 ] ] ], [ [ [ 93.635789107386842, 7.479253438687416 ], [ 93.632130048355464, 7.476465795253067 ], [ 93.630626927483874, 7.479401043508487 ], [ 93.635789107386842, 7.479253438687416 ] ] ], [ [ [ 92.629432631088861, 11.544303030854477 ], [ 92.626835522165734, 11.544732722884424 ], [ 92.628692872257702, 11.549424747262925 ], [ 92.629432631088861, 11.544303030854477 ] ] ], [ [ [ 92.738918844724623, 12.106994557306768 ], [ 92.740025232987534, 12.111873619076221 ], [ 92.743151495324966, 12.115151812291513 ], [ 92.742438582328589, 12.111824453859969 ], [ 92.738918844724623, 12.106994557306768 ] ] ], [ [ [ 92.738415248489758, 12.276095704717882 ], [ 92.738373170540655, 12.271979784644829 ], [ 92.73541107789184, 12.268957049532945 ], [ 92.734708616346026, 12.270070778958535 ], [ 92.738415248489758, 12.276095704717882 ] ] ], [ [ [ 92.615567409965934, 11.51026658240373 ], [ 92.610392692474676, 11.504214964280763 ], [ 92.60953396435599, 11.504443916627466 ], [ 92.610306854169636, 11.507677365377925 ], [ 92.615567409965934, 11.51026658240373 ] ] ], [ [ [ 92.584374698433024, 11.982115565487431 ], [ 92.581608765976583, 11.977260797823249 ], [ 92.583784846218521, 11.982362789437563 ], [ 92.584374698433024, 11.982115565487431 ] ] ], [ [ [ 92.547273510235996, 11.397020824878581 ], [ 92.549425324080744, 11.394269109877007 ], [ 92.546187764694693, 11.394949986432934 ], [ 92.547273510235996, 11.397020824878581 ] ] ], [ [ [ 92.7278132969019, 12.835504539502949 ], [ 92.724812075097304, 12.834200197741112 ], [ 92.727389805432452, 12.838544904508423 ], [ 92.7278132969019, 12.835504539502949 ] ] ], [ [ [ 92.968008328353505, 13.335745725116604 ], [ 92.965422926934863, 13.335989874227332 ], [ 92.969958977012425, 13.338745641851311 ], [ 92.968008328353505, 13.335745725116604 ] ] ], [ [ [ 92.947182703238411, 13.025855392938247 ], [ 92.94834930186353, 13.020869913733199 ], [ 92.945087265726286, 13.025305130145851 ], [ 92.947182703238411, 13.025855392938247 ] ] ], [ [ [ 92.877723901254583, 12.29705318165256 ], [ 92.880164171048364, 12.295222091998092 ], [ 92.876813415577672, 12.294046025057911 ], [ 92.877723901254583, 12.29705318165256 ] ] ], [ [ [ 92.797078254883374, 13.17027753266202 ], [ 92.793247920397761, 13.169634704537556 ], [ 92.794458319083432, 13.171154513234015 ], [ 92.797078254883374, 13.17027753266202 ] ] ], [ [ [ 93.059090421042839, 13.226432384935656 ], [ 93.058874100951158, 13.222564424860634 ], [ 93.057664678738504, 13.226538754659661 ], [ 93.059090421042839, 13.226432384935656 ] ] ], [ [ [ 92.877762072269718, 13.538141431261566 ], [ 92.874342324459164, 13.53662961633164 ], [ 92.875192083171811, 13.540313940376901 ], [ 92.877762072269718, 13.538141431261566 ] ] ], [ [ [ 93.096223825837342, 12.136621106189109 ], [ 93.099392670023065, 12.136371835184349 ], [ 93.097031243970065, 12.13343766100831 ], [ 93.096223825837342, 12.136621106189109 ] ] ], [ [ [ 92.899697702665463, 12.261790954736909 ], [ 92.902068510274688, 12.260077554833369 ], [ 92.900263146662013, 12.258399709829479 ], [ 92.899697702665463, 12.261790954736909 ] ] ], [ [ [ 92.897021002849584, 12.410128832513667 ], [ 92.899392541858305, 12.408670928500461 ], [ 92.89864031918323, 12.407378365075168 ], [ 92.897021002849584, 12.410128832513667 ] ] ], [ [ [ 93.006790422046677, 13.559155000298432 ], [ 93.0049179111016, 13.558256260042764 ], [ 93.005632562345454, 13.561025681134971 ], [ 93.006790422046677, 13.559155000298432 ] ] ], [ [ [ 93.060625139798205, 13.385574581957385 ], [ 93.062259718571795, 13.383004514073196 ], [ 93.061301471618691, 13.383003800943376 ], [ 93.060625139798205, 13.385574581957385 ] ] ], [ [ [ 92.731307060304999, 13.0944718427598 ], [ 92.728518631441005, 13.093191497442874 ], [ 92.730725248732384, 13.095422335269703 ], [ 92.731307060304999, 13.0944718427598 ] ] ], [ [ [ 93.075700866179005, 13.366487514766005 ], [ 93.077273781256238, 13.362892257628559 ], [ 93.073758830789231, 13.365183150249679 ], [ 93.075700866179005, 13.366487514766005 ] ] ], [ [ [ 92.93419078904401, 13.051298368671622 ], [ 92.931664342813676, 13.051496085514779 ], [ 92.933184612504178, 13.053333498761841 ], [ 92.93419078904401, 13.051298368671622 ] ] ], [ [ [ 92.757057474021906, 12.878729851156587 ], [ 92.760451237481433, 12.87744694888422 ], [ 92.756998887266803, 12.876172005444149 ], [ 92.757057474021906, 12.878729851156587 ] ] ], [ [ [ 92.881839218894811, 12.248932626014421 ], [ 92.879627368518982, 12.248092512416639 ], [ 92.880219798689538, 12.250521013999823 ], [ 92.881839218894811, 12.248932626014421 ] ] ], [ [ [ 92.76518357948909, 12.299579389888873 ], [ 92.76498896374359, 12.296583712340484 ], [ 92.763186802979931, 12.297236423728043 ], [ 92.76518357948909, 12.299579389888873 ] ] ], [ [ [ 92.986925607071839, 13.00045463606426 ], [ 92.988414080163892, 12.998397782150938 ], [ 92.986505831563505, 12.998815588608711 ], [ 92.986925607071839, 13.00045463606426 ] ] ], [ [ [ 93.843077128839241, 7.288963778359371 ], [ 93.839553197515997, 7.28762861734585 ], [ 93.843078340101997, 7.289884866256909 ], [ 93.843077128839241, 7.288963778359371 ] ] ], [ [ [ 72.333604608163682, 10.951651842382216 ], [ 72.332057061624738, 10.949007118359578 ], [ 72.328324039978028, 10.950325292753297 ], [ 72.333604608163682, 10.951651842382216 ] ] ], [ [ [ 92.703391729224307, 12.640311803293049 ], [ 92.700942519797266, 12.639070465048116 ], [ 92.70217551514213, 12.641283997529829 ], [ 92.703391729224307, 12.640311803293049 ] ] ], [ [ [ 92.890226254169221, 12.93793343105482 ], [ 92.893137371398268, 12.936839793931441 ], [ 92.889514154273101, 12.935078597989472 ], [ 92.890226254169221, 12.93793343105482 ] ] ], [ [ [ 92.565453258030345, 11.570196600627964 ], [ 92.566247330598259, 11.567707469346695 ], [ 92.565099511685929, 11.567933291375292 ], [ 92.565453258030345, 11.570196600627964 ] ] ], [ [ [ 92.89738232217853, 12.394557820418244 ], [ 92.895302647218415, 12.393572523350505 ], [ 92.895654735967767, 12.395288046748284 ], [ 92.89738232217853, 12.394557820418244 ] ] ], [ [ [ 92.72581882846282, 11.143719937181299 ], [ 92.723046474064617, 11.142928812871256 ], [ 92.724013309496328, 11.144216518173714 ], [ 92.72581882846282, 11.143719937181299 ] ] ], [ [ [ 92.577043267639326, 11.584726291140027 ], [ 92.579619537899447, 11.583281086543671 ], [ 92.577663231855652, 11.582328135798434 ], [ 92.577043267639326, 11.584726291140027 ] ] ], [ [ [ 92.899655393142453, 12.941200753993645 ], [ 92.902517811717274, 12.940746830163398 ], [ 92.903116979268418, 12.93857105393373 ], [ 92.899655393142453, 12.941200753993645 ] ] ], [ [ [ 92.846664275907372, 12.150937965287135 ], [ 92.84385839389337, 12.149678148280641 ], [ 92.846238222340148, 12.151355915298332 ], [ 92.846664275907372, 12.150937965287135 ] ] ], [ [ [ 93.038752565464151, 13.342825970553362 ], [ 93.036402515289652, 13.342530821970536 ], [ 93.038452155456881, 13.343983778547349 ], [ 93.038752565464151, 13.342825970553362 ] ] ], [ [ [ 92.744647770990781, 11.966983104244568 ], [ 92.741758163269793, 11.966308173217643 ], [ 92.743966479122022, 11.967567875889294 ], [ 92.744647770990781, 11.966983104244568 ] ] ], [ [ [ 92.913006063782973, 12.333530389374655 ], [ 92.911081742944219, 12.333279301545547 ], [ 92.911529827044149, 12.335485759373167 ], [ 92.913006063782973, 12.333530389374655 ] ] ], [ [ [ 92.754849522161535, 12.293340084107834 ], [ 92.752941642477666, 12.294703673716572 ], [ 92.755009713001115, 12.294532513151269 ], [ 92.754849522161535, 12.293340084107834 ] ] ], [ [ [ 72.336146988712869, 10.956285225728699 ], [ 72.334220995192609, 10.954958987141694 ], [ 72.334786966433242, 10.957916703791632 ], [ 72.336146988712869, 10.956285225728699 ] ] ], [ [ [ 92.904274414202575, 12.340691962839465 ], [ 92.906546289431731, 12.338850196768082 ], [ 92.904898734087794, 12.338328466327663 ], [ 92.904274414202575, 12.340691962839465 ] ] ], [ [ [ 92.731688509049178, 12.855743845792627 ], [ 92.729202365492711, 12.856010878480257 ], [ 92.731677570681626, 12.856717594573194 ], [ 92.731688509049178, 12.855743845792627 ] ] ], [ [ [ 72.333826502908835, 10.954013434489188 ], [ 72.334725782083368, 10.951612073444693 ], [ 72.332474130417097, 10.952645730870602 ], [ 72.333826502908835, 10.954013434489188 ] ] ], [ [ [ 92.778154868562339, 12.866694189915307 ], [ 92.776500778130952, 12.865065324699044 ], [ 92.776021491534024, 12.866351129897167 ], [ 92.778154868562339, 12.866694189915307 ] ] ], [ [ [ 93.083285192137694, 13.368368972260841 ], [ 93.08054364810107, 13.368445332449312 ], [ 93.081926852719576, 13.369671093592698 ], [ 93.083285192137694, 13.368368972260841 ] ] ], [ [ [ 92.912668933034894, 13.00361006382059 ], [ 92.910301843557974, 13.00409785199655 ], [ 92.910892176908931, 13.005035745916764 ], [ 92.912668933034894, 13.00361006382059 ] ] ], [ [ [ 92.893885663090941, 12.898383594897266 ], [ 92.891669614321302, 12.898843087754795 ], [ 92.892775770332634, 12.899931262169021 ], [ 92.893885663090941, 12.898383594897266 ] ] ], [ [ [ 92.864750236218995, 12.914576408863594 ], [ 92.86321535534465, 12.913820754901852 ], [ 92.863640103045284, 12.915077027048957 ], [ 92.864750236218995, 12.914576408863594 ] ] ], [ [ [ 92.866113287670601, 13.413504878627474 ], [ 92.864960416966483, 13.412021271928449 ], [ 92.864640119218635, 13.413034680416532 ], [ 92.866113287670601, 13.413504878627474 ] ] ], [ [ [ 93.606946466056002, 8.581504140410566 ], [ 93.608957600575437, 8.58015961773342 ], [ 93.608359713803168, 8.57930175404694 ], [ 93.606946466056002, 8.581504140410566 ] ] ], [ [ [ 92.715804157469208, 12.775675117982955 ], [ 92.717585275796921, 12.776500617964517 ], [ 92.717291245045914, 12.775015299598191 ], [ 92.715804157469208, 12.775675117982955 ] ] ], [ [ [ 93.013874362754791, 13.338712203109024 ], [ 93.015046544977452, 13.337462393728655 ], [ 93.013556247820873, 13.337434948939602 ], [ 93.013874362754791, 13.338712203109024 ] ] ], [ [ [ 92.716889530366529, 12.801127408167311 ], [ 92.715527272613315, 12.799952726417107 ], [ 92.716206639766455, 12.801377152460974 ], [ 92.716889530366529, 12.801127408167311 ] ] ], [ [ [ 92.716473962475817, 12.795936623673819 ], [ 92.715282672842619, 12.794594868214983 ], [ 92.715787913971084, 12.797693118546778 ], [ 92.716473962475817, 12.795936623673819 ] ] ], [ [ [ 93.009325673985842, 13.336544917218253 ], [ 93.007150909720593, 13.336398611221069 ], [ 93.009324977643743, 13.337248546133132 ], [ 93.009325673985842, 13.336544917218253 ] ] ], [ [ [ 92.971441211044365, 12.064112100629139 ], [ 92.969751638053495, 12.065036745290412 ], [ 92.971357180021286, 12.065065601145466 ], [ 92.971441211044365, 12.064112100629139 ] ] ], [ [ [ 93.015497323126695, 13.285150143454109 ], [ 93.015584188739041, 13.283657970479517 ], [ 93.014444642449078, 13.284117146734625 ], [ 93.015497323126695, 13.285150143454109 ] ] ], [ [ [ 93.633732031574255, 8.398026371703205 ], [ 93.635488698263444, 8.396778074312351 ], [ 93.635514207487901, 8.39563756013356 ], [ 93.633732031574255, 8.398026371703205 ] ] ], [ [ [ 92.717565043049902, 12.804393416875941 ], [ 92.716289293963044, 12.802632951510063 ], [ 92.716455660675265, 12.80464229818886 ], [ 92.717565043049902, 12.804393416875941 ] ] ], [ [ [ 92.766718248045848, 12.917365641081352 ], [ 92.768181799363376, 12.91764189900284 ], [ 92.768044854204504, 12.916342257779652 ], [ 92.766718248045848, 12.917365641081352 ] ] ], [ [ [ 92.886814322929112, 12.929361664259394 ], [ 92.888091763251808, 12.928145062380802 ], [ 92.886513521005256, 12.928439231251771 ], [ 92.886814322929112, 12.929361664259394 ] ] ], [ [ [ 92.726764130508244, 12.753616543082781 ], [ 92.725621654353588, 12.752490571255802 ], [ 92.725965826396759, 12.753819272905936 ], [ 92.726764130508244, 12.753616543082781 ] ] ], [ [ [ 92.763790854180598, 12.85356537439112 ], [ 92.765205356915203, 12.853645970695293 ], [ 92.764794034224678, 12.85263147111389 ], [ 92.763790854180598, 12.85356537439112 ] ] ], [ [ [ 92.758447922799277, 12.913164272499959 ], [ 92.757010897556398, 12.91271276471574 ], [ 92.758184604652541, 12.914125495259579 ], [ 92.758447922799277, 12.913164272499959 ] ] ], [ [ [ 92.889842420642225, 12.413909468138719 ], [ 92.888443012111395, 12.413314745614557 ], [ 92.88874308067119, 12.414416171488096 ], [ 92.889842420642225, 12.413909468138719 ] ] ], [ [ [ 92.593254237558497, 11.589339955194248 ], [ 92.594638271894937, 11.589729251738669 ], [ 92.59466779870219, 11.5893180143268 ], [ 92.593254237558497, 11.589339955194248 ] ] ], [ [ [ 92.891140513833975, 12.932462979247402 ], [ 92.89238320664964, 12.932069536033632 ], [ 92.891074360067748, 12.931771377800487 ], [ 92.891140513833975, 12.932462979247402 ] ] ], [ [ [ 93.642836621479262, 8.393535011095731 ], [ 93.641159154370854, 8.394040616980163 ], [ 93.643076678960441, 8.393879571034887 ], [ 93.642836621479262, 8.393535011095731 ] ] ], [ [ [ 92.717860896131427, 12.773876391906473 ], [ 92.71667206689952, 12.774006557992335 ], [ 92.717373171385674, 12.774591257978594 ], [ 92.717860896131427, 12.773876391906473 ] ] ], [ [ [ 92.716760209374925, 12.783498367707656 ], [ 92.715789003417441, 12.782886605285475 ], [ 92.715895218431157, 12.783761746909295 ], [ 92.716760209374925, 12.783498367707656 ] ] ], [ [ [ 92.910291242097216, 13.007708267754561 ], [ 92.909293542869904, 13.007230032453339 ], [ 92.909446141384052, 13.007958176137747 ], [ 92.910291242097216, 13.007708267754561 ] ] ] ] } },
{ "type": "Feature", "properties": { "objectid": 12, "ae_regcode": 7, "physio_reg": "DECCAN PLATEAU  (TELANGANA) AND EASTERN GHATS  HOT SEMI ARID ECO-REGION", "area_sqkm": 38225.242878899997, "shape_Leng": 2218622.9686699999, "shape_Area": 157417867072.0 }, "geometry": { "type": "Polygon", "coordinates": [ [ [ 79.205602941790346, 18.873492293117312 ], [ 79.355372015844139, 18.829904193931831 ], [ 79.462936090405066, 18.838885076280626 ], [ 79.726019733246119, 18.694972201690948 ], [ 79.777888572429347, 18.70309273027528 ], [ 79.842950468441686, 18.78500318526924 ], [ 79.900918232965353, 18.83463875919572 ], [ 79.938958862691393, 18.788345540520496 ], [ 80.019406602553943, 18.770812754877721 ], [ 80.025793757713004, 18.755094272201195 ], [ 80.039956114565129, 18.750555594444617 ], [ 80.053475821877328, 18.725084452452222 ], [ 80.069035501683089, 18.720710081066301 ], [ 80.118010231397122, 18.680522957801244 ], [ 80.165325801442592, 18.700306555193208 ], [ 80.178224115707309, 18.681754116331035 ], [ 80.196214433153131, 18.680020081168689 ], [ 80.209171857027428, 18.701861381705957 ], [ 80.253959900581478, 18.705782786897004 ], [ 80.274847759170669, 18.722436819594144 ], [ 80.303668464400218, 18.69020238599947 ], [ 80.326718936703514, 18.626434852367431 ], [ 80.349287880244475, 18.591234930425482 ], [ 80.369967088727108, 18.608540624306759 ], [ 80.389027525816033, 18.598436276102188 ], [ 80.457705649249249, 18.631218377426809 ], [ 80.475263106586581, 18.627701690990609 ], [ 80.490999322363351, 18.633029094203653 ], [ 80.518249985103125, 18.620643881331688 ], [ 80.539580754853105, 18.591119012521116 ], [ 80.6032106319863, 18.554283703005993 ], [ 80.621522852756826, 18.531319026628701 ], [ 80.640358425958524, 18.524154243027926 ], [ 80.64228398275192, 18.503980331500752 ], [ 80.658499405542557, 18.477698966255772 ], [ 80.706659452665576, 18.441555996032836 ], [ 80.698792818154629, 18.424929617070681 ], [ 80.720844617445479, 18.411347418573673 ], [ 80.734353638557693, 18.414626326166491 ], [ 80.724075740013561, 18.388608309718055 ], [ 80.750801414413459, 18.327976412416444 ], [ 80.752495242410404, 18.308032965962344 ], [ 80.796219419914607, 18.255787884386681 ], [ 80.741203570550113, 18.224783534042267 ], [ 80.742515701609037, 18.177792769644007 ], [ 80.770384694390088, 18.169106934543645 ], [ 80.805942375762115, 18.172469630672165 ], [ 80.82591351952118, 18.193279851789359 ], [ 80.825158395646696, 18.231308636417157 ], [ 80.837566572947139, 18.24021794412338 ], [ 80.867096997510714, 18.23214995314326 ], [ 80.875506577086156, 18.213461299219624 ], [ 80.869312953962066, 18.204906449296278 ], [ 80.85620757504762, 18.203850740043411 ], [ 80.870076782865567, 18.139007267162221 ], [ 80.90882334837778, 18.14105856881319 ], [ 80.962277919013147, 18.173379392382838 ], [ 80.981787429705079, 18.174568724974417 ], [ 80.980726186483238, 18.150018002929979 ], [ 80.957463543478269, 18.129657219024807 ], [ 80.952114965916635, 18.087566410181864 ], [ 80.974150993504324, 18.050119215246951 ], [ 80.970456976254852, 18.038194772973149 ], [ 80.992905616669205, 17.92979953579944 ], [ 81.002629290540185, 17.921159816677623 ], [ 81.012671353361739, 17.845438038276296 ], [ 81.040834080242291, 17.796948805473686 ], [ 81.064373214871395, 17.790091462618605 ], [ 81.0820055059541, 17.793575265602069 ], [ 81.106099146797604, 17.824355871397774 ], [ 81.167961464531544, 17.859916090360009 ], [ 81.18479563340297, 17.856436677642051 ], [ 81.503161018084, 17.487622598994491 ], [ 81.606665862170587, 17.401463133474216 ], [ 81.65491972981259, 17.302221770356368 ], [ 81.665170461291609, 17.18800031125496 ], [ 81.73856787504775, 17.03464095620398 ], [ 81.73754339302603, 16.914482464169129 ], [ 81.52347533402255, 16.741866819822469 ], [ 81.115070722673124, 16.597571723254333 ], [ 80.197012258099264, 16.241891611376364 ], [ 79.95183569156741, 16.072333202742378 ], [ 79.772485777980961, 15.823960943223089 ], [ 79.696796404733718, 15.139690541582382 ], [ 79.712931241996955, 14.841550946034499 ], [ 79.877897137290034, 13.86532690494743 ], [ 79.726164086445948, 13.905342599191169 ], [ 79.452120492286198, 13.947183187192872 ], [ 79.444637588363008, 13.892912425571231 ], [ 79.445044383742697, 13.792033178418411 ], [ 79.420644041927915, 13.751112895322466 ], [ 79.361755367883305, 13.736456739247309 ], [ 79.31263114315361, 13.736230825985112 ], [ 79.053709196102886, 13.883670425105931 ], [ 78.972389371954336, 13.907137274842665 ], [ 78.915827439554647, 13.906723193688585 ], [ 78.820207180585413, 13.872340307991955 ], [ 78.771293031062328, 13.843106610426704 ], [ 78.707293775499508, 13.85215520293157 ], [ 78.62080000522262, 13.896996439807248 ], [ 78.580688387134742, 13.971089829016682 ], [ 78.54122171459889, 13.980307990505512 ], [ 78.487329490014545, 13.958126713402153 ], [ 78.456824889804423, 13.986132189683707 ], [ 78.419864716357239, 14.000270361041096 ], [ 78.446109849836503, 14.048646127721778 ], [ 78.41381594572745, 14.236191963191962 ], [ 78.3651752145324, 14.287311630909157 ], [ 78.192914389390836, 14.355557857907753 ], [ 78.06167057953715, 14.447172596993141 ], [ 78.028533321708409, 14.658249183123894 ], [ 78.09958607238903, 14.86038628781027 ], [ 77.993823440451678, 15.068887354273942 ], [ 77.876181270744524, 15.133961216012557 ], [ 77.543356456547784, 15.20900173568894 ], [ 77.373074325901612, 15.220391555600269 ], [ 77.152220055875091, 15.255659952980366 ], [ 77.16997873732717, 15.256281376020397 ], [ 77.168883917822129, 15.264377307886717 ], [ 77.149812690196669, 15.271319306714284 ], [ 77.152555270637407, 15.290917712013101 ], [ 77.119963882278824, 15.2950424377728 ], [ 77.114173392717873, 15.332422217407313 ], [ 77.065938327779051, 15.326942357201114 ], [ 77.067231448171484, 15.342976153487617 ], [ 77.042290606565714, 15.363778217065265 ], [ 77.048062246204765, 15.38872453199377 ], [ 77.032718409340546, 15.406243424788363 ], [ 77.031544014437145, 15.440077027250918 ], [ 77.010178445968876, 15.453083729775608 ], [ 76.974068004112851, 15.499696612037514 ], [ 76.975806164870519, 15.51105220563284 ], [ 77.030685055023213, 15.504809601637229 ], [ 77.027710456432459, 15.581099367010243 ], [ 77.033240165381045, 15.638504951851175 ], [ 77.072923704487508, 15.645614014463051 ], [ 77.085532168909268, 15.657553154091646 ], [ 77.120409829263238, 15.629902012743338 ], [ 77.125148068564272, 15.641982234196414 ], [ 77.129182983225107, 15.663814002911149 ], [ 77.079961251519833, 15.695539588405625 ], [ 77.088404893784841, 15.713608298360949 ], [ 77.080286653679408, 15.715003748048066 ], [ 77.080293251794004, 15.72603231705091 ], [ 77.051018837351961, 15.729584905078625 ], [ 77.047132336949119, 15.739038233200992 ], [ 77.050601321187102, 15.755873687454816 ], [ 77.055643173337188, 15.754684417711527 ], [ 77.053619666139284, 15.768630040720929 ], [ 77.066396973717545, 15.782925453035602 ], [ 77.071162670323886, 15.800564084966897 ], [ 77.065416480446217, 15.802431231379689 ], [ 77.067778207039908, 15.827641802749776 ], [ 77.045336285213565, 15.8261130441002 ], [ 77.026036204686477, 15.836192202028027 ], [ 77.069772048667133, 15.903699988253369 ], [ 77.288648051606231, 16.407044059624297 ], [ 77.262098202796992, 16.451261540168513 ], [ 77.238991066239336, 16.471971134742894 ], [ 77.242677947223996, 16.476800949885217 ], [ 77.255362682180404, 16.471818152798356 ], [ 77.295954355618406, 16.477603058589207 ], [ 77.300588870731147, 16.495411133609103 ], [ 77.328446838094322, 16.484919785819432 ], [ 77.370421084194007, 16.488149784226021 ], [ 77.373221488791913, 16.506135297922892 ], [ 77.383223396523491, 16.514754740809327 ], [ 77.419547090739428, 16.521889319077474 ], [ 77.41985162345523, 16.548026857733333 ], [ 77.405741729403459, 16.55078243305832 ], [ 77.395561806980595, 16.569164950197454 ], [ 77.421474365087761, 16.567912692817217 ], [ 77.440953066870449, 16.585205772463862 ], [ 77.468471051827464, 16.588247453384103 ], [ 77.463060339128447, 16.596064559325519 ], [ 77.467898018726345, 16.608818610948692 ], [ 77.458126992589754, 16.611405652481938 ], [ 77.458074091389918, 16.61777767966052 ], [ 77.473649797685269, 16.650871616416939 ], [ 77.465662598995934, 16.652772451299764 ], [ 77.448258549213136, 16.639727438138372 ], [ 77.437114103759583, 16.641566969109554 ], [ 77.440396483938642, 16.646452544602568 ], [ 77.420977728806108, 16.658634061299278 ], [ 77.420687255700258, 16.666682795681012 ], [ 77.450609983278511, 16.678055464178485 ], [ 77.46592133763626, 16.676271059698557 ], [ 77.469264543926968, 16.682192958270161 ], [ 77.471020123736494, 16.715803720005876 ], [ 77.449558020933978, 16.717644061665869 ], [ 77.441509195992396, 16.711382971258519 ], [ 77.427507232306567, 16.718336897962335 ], [ 77.439443966288778, 16.753329907560072 ], [ 77.441610829367519, 16.78694867859766 ], [ 77.475305054210466, 16.782917452428318 ], [ 77.47590990519177, 16.800045964032737 ], [ 77.460724822291851, 16.827457837219008 ], [ 77.464391355182215, 16.858200455997892 ], [ 77.461662948313645, 16.882915043982447 ], [ 77.456291512437886, 16.885209526423584 ], [ 77.457416927500503, 16.912618079006076 ], [ 77.471798190543666, 16.92071706534988 ], [ 77.468100624601121, 16.956233057122517 ], [ 77.483244051940162, 16.971575459232181 ], [ 77.482399342997866, 16.99376394186071 ], [ 77.503468352261635, 17.010835912575846 ], [ 77.480896592173337, 17.079624394691226 ], [ 77.464225905542477, 17.096192703492587 ], [ 77.466564447582172, 17.107405945917797 ], [ 77.442483562894736, 17.117874561738859 ], [ 77.427342079249186, 17.117339474375921 ], [ 77.407503992075405, 17.126460640459641 ], [ 77.402646701591735, 17.135145461690001 ], [ 77.38003584128964, 17.14108144299453 ], [ 77.379096277326127, 17.151874660199695 ], [ 77.363635073124186, 17.164764663391647 ], [ 77.374398802397636, 17.193188376460945 ], [ 77.395204957092076, 17.195511714668299 ], [ 77.397158753129546, 17.210060486832266 ], [ 77.402517322522399, 17.211894880113981 ], [ 77.384018839235665, 17.222860335431559 ], [ 77.409171181178507, 17.240501900256909 ], [ 77.418670110238949, 17.233006855667508 ], [ 77.426333937984836, 17.256342504692892 ], [ 77.458308292749621, 17.278987471136631 ], [ 77.456593829841196, 17.289713278457214 ], [ 77.437766100806527, 17.291317372019371 ], [ 77.458870480169111, 17.340921793584503 ], [ 77.460120205366664, 17.347994031677139 ], [ 77.453503123898926, 17.353048285274966 ], [ 77.455343350838334, 17.373459030988283 ], [ 77.48313500665364, 17.372612926479899 ], [ 77.478275099467183, 17.362177486198043 ], [ 77.502988139240799, 17.357110661013618 ], [ 77.524728295539532, 17.365113582164927 ], [ 77.531932947909127, 17.375170306665336 ], [ 77.534090474839658, 17.380934326775648 ], [ 77.525224087021215, 17.389356250352176 ], [ 77.539417540889218, 17.407122321394915 ], [ 77.514537794338139, 17.415524263758964 ], [ 77.513993348372495, 17.430220320829278 ], [ 77.537364281530145, 17.443923352885442 ], [ 77.576546036891799, 17.432539464131189 ], [ 77.577170473410547, 17.457194492074603 ], [ 77.599930380271317, 17.445722166225202 ], [ 77.614683190037752, 17.44727227065734 ], [ 77.615005372447939, 17.472959996760434 ], [ 77.644546505978781, 17.479053492305145 ], [ 77.648341214735069, 17.497928926119183 ], [ 77.656885271878409, 17.506272062595986 ], [ 77.652218332313083, 17.484227445405068 ], [ 77.688220464220919, 17.475953755558091 ], [ 77.68981999454266, 17.508710506464411 ], [ 77.670231803585722, 17.512980606666698 ], [ 77.660746455367473, 17.524345405865766 ], [ 77.625277629379298, 17.525207276632162 ], [ 77.620615447833259, 17.532296876592348 ], [ 77.595703793881384, 17.535593935808667 ], [ 77.593779780933872, 17.565627676775058 ], [ 77.552258067879436, 17.552298307276502 ], [ 77.540523206461458, 17.57413717594887 ], [ 77.531241135434968, 17.576017395572581 ], [ 77.505384242400652, 17.543677813648912 ], [ 77.493734941130043, 17.569024878862582 ], [ 77.477771650987847, 17.567847033795129 ], [ 77.464865513531663, 17.579737298694916 ], [ 77.443525484602034, 17.584144710188557 ], [ 77.444091569030917, 17.606733834204846 ], [ 77.450110282107943, 17.609889067414596 ], [ 77.456832995551594, 17.633392075173187 ], [ 77.448590917455746, 17.651008990860102 ], [ 77.453918817856149, 17.69383811969298 ], [ 77.4751705900172, 17.706558134164208 ], [ 77.488112135297627, 17.706211758838272 ], [ 77.497932905610895, 17.718595466983228 ], [ 77.509135328252128, 17.717085976056229 ], [ 77.531289508389307, 17.729694372799884 ], [ 77.5431100064269, 17.728009441532105 ], [ 77.565841614816478, 17.749698584649032 ], [ 77.569760481730384, 17.76668130497881 ], [ 77.558220049612572, 17.763823540472881 ], [ 77.526729141537785, 17.782117095579427 ], [ 77.508124636302327, 17.785060769411647 ], [ 77.514533507338825, 17.803902751300708 ], [ 77.529773060644104, 17.814148539533647 ], [ 77.529685284158134, 17.82926379850359 ], [ 77.54743101847248, 17.82872901775896 ], [ 77.548529571646426, 17.819484405426323 ], [ 77.553491301608048, 17.820506349909056 ], [ 77.576517598204077, 17.87523707609585 ], [ 77.600523009069093, 17.87290386221348 ], [ 77.586826951905522, 17.900778671748945 ], [ 77.588946297002607, 17.910625299115463 ], [ 77.62044021325535, 17.905303917115891 ], [ 77.62061892961971, 17.940490210844736 ], [ 77.632706546433965, 17.950889475994444 ], [ 77.627568685342695, 17.960117557472987 ], [ 77.63357123802281, 17.965331369377783 ], [ 77.635668905705614, 17.955912128706814 ], [ 77.647863734348661, 17.948781297721581 ], [ 77.64813502534237, 17.965074368808398 ], [ 77.657281646667258, 17.971735367587382 ], [ 77.647490325389555, 17.975811948845429 ], [ 77.652773070795277, 17.980772948818402 ], [ 77.650034437558844, 17.995547585345648 ], [ 77.632633928516725, 17.994847136109808 ], [ 77.610442348934583, 18.020278413865217 ], [ 77.595985791596249, 18.012436461434639 ], [ 77.588691646474928, 18.027028683206467 ], [ 77.556753278115181, 18.036852572636416 ], [ 77.549374619908704, 18.055916102763042 ], [ 77.551061997877582, 18.065781572218089 ], [ 77.560343364639877, 18.064328853519839 ], [ 77.570994924153695, 18.078442954981099 ], [ 77.601189021360739, 18.086455819132187 ], [ 77.604283267122895, 18.101551805577095 ], [ 77.597196686556018, 18.129958557064413 ], [ 77.601462146424637, 18.153914093605742 ], [ 77.583020011877394, 18.164160094111629 ], [ 77.573638905527105, 18.191148726388256 ], [ 77.567929688576484, 18.19196935198342 ], [ 77.567899703641032, 18.202526007885417 ], [ 77.578017285351564, 18.201903949210266 ], [ 77.588592595905666, 18.218714590990452 ], [ 77.576137775660499, 18.242477801615738 ], [ 77.585105383005285, 18.258240760940197 ], [ 77.606676220113627, 18.279913138664913 ], [ 77.66818856483043, 18.283264718328244 ], [ 77.900899408666831, 18.156147368426907 ], [ 77.953676212351155, 18.114756500710865 ], [ 78.063115290275121, 18.088208456878878 ], [ 78.177170811898392, 18.114617169296871 ], [ 78.173072884326373, 18.152535955254123 ], [ 78.441492401307627, 18.166479311962188 ], [ 78.52406285137306, 18.180913104057911 ], [ 78.568577428694596, 18.229805445096694 ], [ 78.566169604957608, 18.390802895934353 ], [ 78.594494522101385, 18.54705618955758 ], [ 78.659499937531507, 18.643274415839716 ], [ 78.603230535195365, 18.815311417120181 ], [ 78.626464566631, 18.928833382168285 ], [ 78.742117668051989, 19.01094491039245 ], [ 78.877216554245692, 19.038490845699034 ], [ 78.955619957232088, 19.071408208165341 ], [ 79.09225554907502, 18.991862235858264 ], [ 79.205602941790346, 18.873492293117312 ] ] ] } },
{ "type": "Feature", "properties": { "objectid": 13, "ae_regcode": 8, "physio_reg": "EASTERN GHATS AND TAMIL NADU UPLANDS AND DECCAN (K ARNATAKA) PLATEAU  HOT SEMI-ARID ECO-REGION", "area_sqkm": 87960.269499300004, "shape_Leng": 2682582.9078199998, "shape_Area": 180622710137.0 }, "geometry": { "type": "Polygon", "coordinates": [ [ [ 76.33308263623006, 14.406650712038129 ], [ 76.888935101431244, 14.137144490216819 ], [ 76.917867412985771, 14.128283521216058 ], [ 76.92779630236754, 14.135222860909032 ], [ 76.948382106667609, 14.118125868467072 ], [ 76.951810105101828, 14.091516691942148 ], [ 76.973666665029825, 14.086042642262221 ], [ 76.979833970127316, 14.064040582169353 ], [ 76.977151028956811, 14.05873010847804 ], [ 76.943496465992567, 14.053889167750022 ], [ 76.936645427070317, 14.029034176037914 ], [ 77.00016564432336, 13.987940860206674 ], [ 76.994822521287375, 13.963154319931622 ], [ 77.041845396334736, 13.932174890352959 ], [ 77.047334513481175, 13.904012734965221 ], [ 77.023259360632039, 13.899941655760301 ], [ 77.012011617410892, 13.856686520061363 ], [ 77.000122294389811, 13.845546914073834 ], [ 76.99222839356193, 13.845800196766715 ], [ 76.989970027480297, 13.834320369931774 ], [ 76.974365074167437, 13.820958711942291 ], [ 76.989748069786643, 13.810793150824562 ], [ 76.987265201693234, 13.792413775883098 ], [ 76.998732991603546, 13.749223947750961 ], [ 77.017624660433384, 13.739434905111569 ], [ 77.026047305101159, 13.776554125261123 ], [ 77.032559616837716, 13.778150086268379 ], [ 77.04140983289652, 13.776003245315907 ], [ 77.066371451620086, 13.745653087347705 ], [ 77.087003112672235, 13.744224165125159 ], [ 77.08675727930455, 13.76023561131136 ], [ 77.101672200736601, 13.767719791041989 ], [ 77.130031073783968, 13.757781098835299 ], [ 77.173222369092699, 13.761632806909917 ], [ 77.177967963580286, 13.779002543205909 ], [ 77.160630040081998, 13.807459340881181 ], [ 77.168788710436147, 13.827634275597593 ], [ 77.13165510324481, 13.849821833727708 ], [ 77.130276908859372, 13.856189654603977 ], [ 77.145789156455237, 13.865851117919206 ], [ 77.168959467917631, 13.863840080395461 ], [ 77.162340296849052, 13.906609815889761 ], [ 77.165944078093531, 13.915261290016129 ], [ 77.183453472397147, 13.924225946606528 ], [ 77.188685014440168, 13.908145253434736 ], [ 77.185324925880224, 13.8667236010184 ], [ 77.203458680440647, 13.866445272861011 ], [ 77.211502642450355, 13.88806285608252 ], [ 77.218129721974606, 13.868359158547213 ], [ 77.232080660310416, 13.90240003788753 ], [ 77.240470821483854, 13.901868301644885 ], [ 77.248204207776681, 13.895817607750626 ], [ 77.247424548697325, 13.872862598956067 ], [ 77.259774425592127, 13.863140357074093 ], [ 77.257194346741827, 13.84650288119024 ], [ 77.289766190101034, 13.848069972317344 ], [ 77.313812313605581, 13.864352339763059 ], [ 77.326977917527685, 13.832921679085008 ], [ 77.33424232660839, 13.831975631258009 ], [ 77.366529528106042, 13.852884043668327 ], [ 77.380233634383004, 13.845440216787166 ], [ 77.379972210027617, 13.83854579440564 ], [ 77.431770662254721, 13.8424764841137 ], [ 77.415915941623027, 13.806602518803217 ], [ 77.426542706308936, 13.807085473276551 ], [ 77.424165653932931, 13.798317882483769 ], [ 77.436000093243322, 13.795405634009025 ], [ 77.447907434242467, 13.809705616945489 ], [ 77.464845900366356, 13.804491045472821 ], [ 77.458171779189811, 13.792972480175429 ], [ 77.470107904184857, 13.751092862168418 ], [ 77.464362031120771, 13.720174089758547 ], [ 77.452334562667417, 13.70328793663478 ], [ 77.457300505121836, 13.683351114775181 ], [ 77.490573626190411, 13.687310755987763 ], [ 77.487323204278923, 13.710798257279254 ], [ 77.494952382954537, 13.71438703541177 ], [ 77.510437466806167, 13.712036764267722 ], [ 77.520044642723377, 13.693341505171214 ], [ 77.529260279154045, 13.69555335991619 ], [ 77.535548358677588, 13.714696712640109 ], [ 77.534270994203851, 13.732890137600817 ], [ 77.522760970769426, 13.744647738613734 ], [ 77.527305129728589, 13.751463655032561 ], [ 77.547190259009795, 13.751378997051162 ], [ 77.555892075887215, 13.728102597827894 ], [ 77.563858932881118, 13.724170977512545 ], [ 77.574413491686997, 13.737106953485243 ], [ 77.58143987944436, 13.734381546142329 ], [ 77.603442525178252, 13.751335904985206 ], [ 77.629187169103048, 13.735220347426942 ], [ 77.644711009246763, 13.743081664065059 ], [ 77.641687065057255, 13.749118657181697 ], [ 77.620533587059285, 13.754653297193833 ], [ 77.618337705298302, 13.763213746548322 ], [ 77.657021545914887, 13.783663199715024 ], [ 77.678209326897601, 13.785354140876368 ], [ 77.671708416432551, 13.760132328690604 ], [ 77.703603537843421, 13.769349745676363 ], [ 77.710329616105028, 13.738958167065523 ], [ 77.716907509402944, 13.740714592129498 ], [ 77.720929564112723, 13.798444128216415 ], [ 77.736519366765123, 13.809677514106848 ], [ 77.786685145668656, 13.820924730116179 ], [ 77.784206134285881, 13.84390352426885 ], [ 77.81099125606525, 13.848707314898318 ], [ 77.835971352310978, 13.868679627095128 ], [ 77.827421227718858, 13.874062983032257 ], [ 77.835489868185888, 13.879646401203953 ], [ 77.833240099637095, 13.887930720899384 ], [ 77.814476260733485, 13.916610569963286 ], [ 77.826404914104685, 13.942840682455575 ], [ 77.838273832716638, 13.935133263071382 ], [ 77.895283944408973, 13.939266417184843 ], [ 77.89801361092654, 13.919466451818192 ], [ 77.92000883445229, 13.905418190239422 ], [ 77.928233174654963, 13.906887427450917 ], [ 77.947270562994674, 13.932813396989641 ], [ 77.959198057977289, 13.936147765423417 ], [ 77.963738499764744, 13.950119290235385 ], [ 77.974871169291475, 13.95877053276452 ], [ 77.987069152603851, 13.955894003189034 ], [ 77.981868101870631, 13.92814072747681 ], [ 77.98657714757168, 13.901654161963849 ], [ 77.950964445592334, 13.888486739811391 ], [ 77.953181955356555, 13.828300975886592 ], [ 77.974421921869038, 13.828532842281266 ], [ 77.993783021515583, 13.870026151095162 ], [ 78.046581265212424, 13.861318887292136 ], [ 78.05166139297512, 13.872249854174884 ], [ 78.049849709202149, 13.895154234434607 ], [ 78.079718852871693, 13.880471809209187 ], [ 78.083745811065924, 13.863461026157061 ], [ 78.114945436835896, 13.86214250902824 ], [ 78.126241628719427, 13.830440434903275 ], [ 78.116650273521856, 13.812264166534842 ], [ 78.127278875254007, 13.785616731532906 ], [ 78.120059320201889, 13.770467124097708 ], [ 78.09831051063955, 13.751745553915303 ], [ 78.093955009243928, 13.742193415185376 ], [ 78.103735600819093, 13.734845526411791 ], [ 78.241466723510527, 13.783317042920544 ], [ 78.265354591788949, 13.858704799034367 ], [ 78.387564030206505, 13.940688746436862 ], [ 78.419864716357239, 14.000270361041096 ], [ 78.456824889804423, 13.986132189683707 ], [ 78.487329490014545, 13.958126713402153 ], [ 78.54122171459889, 13.980307990505512 ], [ 78.580688387134742, 13.971089829016682 ], [ 78.62080000522262, 13.896996439807248 ], [ 78.707293775499508, 13.85215520293157 ], [ 78.771293031062328, 13.843106610426704 ], [ 78.820207180585413, 13.872340307991955 ], [ 78.915827439554647, 13.906723193688585 ], [ 78.972389371954336, 13.907137274842665 ], [ 79.053709196102886, 13.883670425105931 ], [ 79.31263114315361, 13.736230825985112 ], [ 79.361755367883305, 13.736456739247309 ], [ 79.420644041927915, 13.751112895322466 ], [ 79.445044383742697, 13.792033178418411 ], [ 79.444637588363008, 13.892912425571231 ], [ 79.452120492286198, 13.947183187192872 ], [ 79.726164086445948, 13.905342599191169 ], [ 79.877897137290034, 13.86532690494743 ], [ 80.089550668534784, 13.537044426717486 ], [ 80.087283995776048, 13.490852375445336 ], [ 79.90483816613002, 13.372658710285638 ], [ 79.819222136866742, 13.276648729763028 ], [ 79.78265230191235, 13.180698501213845 ], [ 79.727975321666918, 12.994881295829789 ], [ 79.6609086263758, 12.946827428033165 ], [ 79.630669031624834, 12.838979217978373 ], [ 79.716497363076584, 12.63570385057092 ], [ 79.716754541949413, 12.510098744235018 ], [ 79.692661615186253, 12.396450787643435 ], [ 79.553774310543304, 12.091377243533461 ], [ 79.433660361371636, 11.786561239818754 ], [ 79.423310722683624, 11.363302847746848 ], [ 79.490254515866837, 11.214691502341031 ], [ 79.490472573738003, 11.155168668250047 ], [ 79.467366563047804, 10.893336836245345 ], [ 79.40162711459719, 10.792015271204441 ], [ 79.400746143620978, 10.777426368116567 ], [ 79.270434709597083, 10.589398964625696 ], [ 79.211046859482721, 10.476265607744891 ], [ 79.145871371855435, 10.345321464701225 ], [ 79.057632905591717, 10.101612348133779 ], [ 78.903739982686716, 9.893126875244016 ], [ 78.641042330696024, 9.439922218324995 ], [ 78.497304388634163, 9.362854608428902 ], [ 78.214354031814935, 9.152819534521566 ], [ 78.109253324907115, 9.01568800344641 ], [ 78.022228833444174, 8.872913085677464 ], [ 77.959330127007107, 8.712839883117953 ], [ 77.896928068144845, 8.529301086715245 ], [ 77.804143816001158, 8.4101475221256 ], [ 77.739237686355935, 8.403239663063836 ], [ 77.561974760849282, 8.400295999422106 ], [ 77.496560279485607, 8.422697168876915 ], [ 77.278609873453163, 8.557441320157693 ], [ 77.27035207392818, 8.579379247348715 ], [ 77.24707317603243, 8.606144603317389 ], [ 77.246875116791543, 8.621245492444855 ], [ 77.208692195707513, 8.663169777870442 ], [ 77.20597660693889, 8.69205134445864 ], [ 77.179813243718058, 8.72340796792686 ], [ 77.173333182051351, 8.745802307803707 ], [ 77.194586578508464, 8.743328333061683 ], [ 77.201014670902254, 8.76945502328355 ], [ 77.220319237086642, 8.769275913664275 ], [ 77.216413824053973, 8.777890103576476 ], [ 77.232728251776493, 8.784202296119112 ], [ 77.235357163908517, 8.805503715447854 ], [ 77.245386039043225, 8.809062281731842 ], [ 77.265029628043507, 8.840462946037121 ], [ 77.257714377789597, 8.876640551554575 ], [ 77.244920702236371, 8.880378581166585 ], [ 77.23918064752776, 8.896687499221507 ], [ 77.223920008294783, 8.901689237536223 ], [ 77.222338638143142, 8.925920702120743 ], [ 77.211399553066158, 8.93040208531731 ], [ 77.202325102206828, 8.918632079139277 ], [ 77.197952900330648, 8.924202927628942 ], [ 77.19759817582684, 8.955499343604563 ], [ 77.180556983590492, 8.970777806075926 ], [ 77.160369165411922, 9.006286515962225 ], [ 77.151382472531751, 9.008368132274704 ], [ 77.149264913274706, 9.020235823252586 ], [ 77.163995527529465, 9.029992641062501 ], [ 77.170842355180582, 9.045019308327165 ], [ 77.199239846426053, 9.045050121108266 ], [ 77.212902667550381, 9.09703061167099 ], [ 77.22639941782505, 9.106224047303925 ], [ 77.228767158786809, 9.115023117811427 ], [ 77.247223189638945, 9.12353099866352 ], [ 77.268841373833922, 9.151839671399724 ], [ 77.265324336076574, 9.184583701667032 ], [ 77.253514071890905, 9.187967483310706 ], [ 77.256601279367558, 9.19874095519603 ], [ 77.2671738623783, 9.19906122240323 ], [ 77.283709616386091, 9.217697703812714 ], [ 77.276332166532214, 9.23326833141531 ], [ 77.284366370037148, 9.271303803885315 ], [ 77.290879664657311, 9.272096128215498 ], [ 77.283496245589092, 9.299800482565146 ], [ 77.300191211729626, 9.309873155027818 ], [ 77.300755694934097, 9.336451689542757 ], [ 77.328035587348808, 9.336952557131569 ], [ 77.339667208792463, 9.367656040327605 ], [ 77.33635409837153, 9.385226253207806 ], [ 77.344171310962992, 9.398930856652617 ], [ 77.338179239034304, 9.414768374704801 ], [ 77.350696054946866, 9.440205456617834 ], [ 77.368062692075767, 9.458915076392318 ], [ 77.380128924055271, 9.452540810428532 ], [ 77.395102724320211, 9.460039839646686 ], [ 77.393870375227806, 9.467944747213217 ], [ 77.403321072252396, 9.476685151037541 ], [ 77.401944753117419, 9.495509590290204 ], [ 77.412687046214202, 9.505892350255133 ], [ 77.411285296368149, 9.513735543974086 ], [ 77.402782489821178, 9.516117440936853 ], [ 77.403111111983335, 9.526071662432585 ], [ 77.387057736844355, 9.51797263289666 ], [ 77.366784836035094, 9.535532034641095 ], [ 77.364972681601472, 9.555439400052999 ], [ 77.351981035634495, 9.566044107566803 ], [ 77.361333490050839, 9.576508490124281 ], [ 77.359237998594509, 9.594052427814088 ], [ 77.367369920926066, 9.59730069629523 ], [ 77.356903875651128, 9.604286990436032 ], [ 77.340834911798225, 9.572382785248163 ], [ 77.326660330251684, 9.579509010827541 ], [ 77.330790652300877, 9.597780460314596 ], [ 77.320212357088906, 9.602176800181088 ], [ 77.290819546752886, 9.59000588630574 ], [ 77.270841443852532, 9.57398799747752 ], [ 77.245632175577768, 9.584858421070688 ], [ 77.238536237398918, 9.581692755818125 ], [ 77.212157824622864, 9.604550706799232 ], [ 77.211488110507005, 9.613044881668827 ], [ 77.201490459968809, 9.614751389815313 ], [ 77.190078681928071, 9.605953705400511 ], [ 77.167292542048088, 9.61475525858198 ], [ 77.177655402008952, 9.628584515503151 ], [ 77.180994861592964, 9.657019566581837 ], [ 77.194937034397782, 9.6692140818963 ], [ 77.206990189550226, 9.695046461666825 ], [ 77.205170082654931, 9.724384943526376 ], [ 77.2234874892427, 9.730593146692685 ], [ 77.221258070855527, 9.746407562842158 ], [ 77.233793674149069, 9.768972072766134 ], [ 77.225822724709261, 9.77532896778021 ], [ 77.224926386393165, 9.788878344294343 ], [ 77.249146572110632, 9.797532066520812 ], [ 77.242183958618909, 9.815298488066292 ], [ 77.223923281295157, 9.823468717527328 ], [ 77.228791137862004, 9.84751135780432 ], [ 77.238703818471862, 9.851955563854265 ], [ 77.238616132936471, 9.857991602629834 ], [ 77.224088677635649, 9.862745644817366 ], [ 77.213950527685114, 9.874912187350803 ], [ 77.221372284410577, 9.886713394064513 ], [ 77.219231579870126, 9.903278613913267 ], [ 77.231682735295252, 9.914744527391798 ], [ 77.249451326744122, 9.951871710762001 ], [ 77.264694107687461, 9.951619454014502 ], [ 77.276179239352288, 9.972830105640536 ], [ 77.264544770968001, 9.98185026212759 ], [ 77.262322533542672, 10.003920102678379 ], [ 77.255477251430406, 10.009200074523886 ], [ 77.262662881864301, 10.029329965799478 ], [ 77.232542278844107, 10.065873002407727 ], [ 77.209471148833387, 10.082502726386965 ], [ 77.202341842691425, 10.104596408627513 ], [ 77.208774143098282, 10.11521524917592 ], [ 77.217516095348444, 10.112598733697046 ], [ 77.239352822057654, 10.127486172390052 ], [ 77.267630425302031, 10.120517916385927 ], [ 77.274130160170955, 10.128208699435962 ], [ 77.278622608841815, 10.188884874416782 ], [ 77.283850597697395, 10.205948283571939 ], [ 77.294617272307462, 10.216432587785901 ], [ 77.284061465525753, 10.233490402551585 ], [ 77.260566197578569, 10.229708103073355 ], [ 77.258797542169575, 10.254290852359532 ], [ 77.264502493951568, 10.262856447013087 ], [ 77.228214763904816, 10.314823617518874 ], [ 77.235818482907007, 10.349343008573907 ], [ 77.176425866421823, 10.355170985181481 ], [ 77.121705589914114, 10.31593167568403 ], [ 77.065141445741972, 10.294099778800655 ], [ 77.059385126665731, 10.282895476728571 ], [ 77.047081920564679, 10.280747854897271 ], [ 77.055815949499603, 10.270563892231703 ], [ 77.051875940246788, 10.256745124579812 ], [ 77.019926548088762, 10.244876707466986 ], [ 76.984000723369178, 10.217076753929964 ], [ 76.94079065628155, 10.237904909044888 ], [ 76.918438860958105, 10.233011943432283 ], [ 76.905206396887039, 10.240895364524251 ], [ 76.897438871795671, 10.263293444814046 ], [ 76.87499987813888, 10.275212479216835 ], [ 76.876910562717242, 10.298199460527192 ], [ 76.853160097571774, 10.291717022890085 ], [ 76.851160179986536, 10.285702657012752 ], [ 76.84253213410166, 10.299194469785924 ], [ 76.832165305412047, 10.303299410531471 ], [ 76.838101523687968, 10.342285276927742 ], [ 76.85173729559078, 10.367820465932239 ], [ 76.827911117776836, 10.39458180537085 ], [ 76.834906373382793, 10.402126082198365 ], [ 76.833678507649765, 10.41148219515186 ], [ 76.827226174329866, 10.409841919183046 ], [ 76.819465199259824, 10.422952344525827 ], [ 76.829549192588161, 10.446548845378326 ], [ 76.832294998910896, 10.498744092358367 ], [ 76.843375755389218, 10.532665625297833 ], [ 76.836418699933432, 10.545715903864279 ], [ 76.841517746121937, 10.593144376712495 ], [ 76.820316116198271, 10.602518801694789 ], [ 76.816587701606309, 10.634377369318857 ], [ 76.864232931083578, 10.632072491892357 ], [ 76.884453196281214, 10.637614140798727 ], [ 76.881897427790804, 10.672284676243962 ], [ 76.867156224619137, 10.683414181017248 ], [ 76.886704279270944, 10.714906891348811 ], [ 76.895415015274267, 10.715564281912382 ], [ 76.892017702782454, 10.73435199924195 ], [ 76.909086147533387, 10.779034586782331 ], [ 76.899764661780537, 10.808087143956836 ], [ 76.871369085273628, 10.807949700057446 ], [ 76.863917651271052, 10.816628942077305 ], [ 76.851716002090896, 10.815757626195017 ], [ 76.848384785255035, 10.823630609593057 ], [ 76.856448647095817, 10.83460765742087 ], [ 76.828628959645911, 10.869838745802069 ], [ 76.796198678654804, 10.879433238119534 ], [ 76.783878362055319, 10.889579397288399 ], [ 76.743438755382371, 10.88882306175153 ], [ 76.710994612149207, 10.908564748755873 ], [ 76.685338374650968, 10.914114748004295 ], [ 76.657718825867789, 10.936627486585476 ], [ 76.665937628519416, 10.941937381434427 ], [ 76.67076305011642, 10.968133534044055 ], [ 76.688094851658903, 10.987406492046702 ], [ 76.690074580525192, 11.007146224996596 ], [ 76.716836418189686, 11.039110998377522 ], [ 76.767476137675459, 11.03247206244707 ], [ 76.792394976463584, 11.036885353089785 ], [ 76.804001820106095, 11.054969292031943 ], [ 76.800520158181897, 11.057633215559022 ], [ 76.777695293791808, 11.040118999096823 ], [ 76.761548588921713, 11.054621198566482 ], [ 76.747479175232769, 11.055328985128257 ], [ 76.744827774641905, 11.07171198853035 ], [ 76.75838592925993, 11.082951391827846 ], [ 76.744397962069925, 11.101179247760729 ], [ 76.748932239462079, 11.129113731477407 ], [ 76.732356010570257, 11.130294235257953 ], [ 76.719893302734619, 11.148047218714222 ], [ 76.713033648805222, 11.149513984389415 ], [ 76.713679106154856, 11.13974972847744 ], [ 76.706704226350368, 11.140419170718571 ], [ 76.695950456047811, 11.165395437574819 ], [ 76.716420100407163, 11.187352675456937 ], [ 76.731166262715647, 11.192275546630338 ], [ 76.727914816602578, 11.20607142149575 ], [ 76.736511461080767, 11.214242433181184 ], [ 76.705450809335517, 11.238707023556954 ], [ 76.888185904766146, 11.34842568811087 ], [ 77.06714202965837, 11.42497609152838 ], [ 76.96824887085991, 11.552771378221715 ], [ 76.882577591048872, 11.598625384525096 ], [ 76.846831480544864, 11.582377908788926 ], [ 76.764696797609332, 11.622242324419073 ], [ 76.595475644334812, 11.615925333819455 ], [ 76.389443717611897, 11.723003666346122 ], [ 76.197493732382654, 11.834983403606886 ], [ 76.133758507063575, 11.947891866119701 ], [ 76.143390392439201, 12.124942797444801 ], [ 76.035417679908477, 12.248680870550176 ], [ 76.004892366516273, 12.295653566509175 ], [ 75.975804766788841, 12.376152882836566 ], [ 75.959195171979843, 12.445058701353387 ], [ 75.978030710172462, 12.550874765354235 ], [ 75.972603642681037, 12.653651135106324 ], [ 75.947314972189048, 12.767877151452293 ], [ 75.910271824684003, 13.030387693225506 ], [ 75.840622421033018, 13.313762218289051 ], [ 75.746530133445575, 13.584631559180705 ], [ 75.68048246084085, 13.733974663384139 ], [ 75.560610578795789, 13.869693410962904 ], [ 75.477714684816092, 13.996920195283622 ], [ 75.425007464231257, 14.101060260021539 ], [ 75.375492447047222, 14.181260520080896 ], [ 75.295854692876802, 14.274922525469989 ], [ 75.216778345360382, 14.349332675883202 ], [ 75.097546507360946, 14.413769289385584 ], [ 75.098225189720594, 14.426419946735429 ], [ 75.168484772759541, 14.487776738218537 ], [ 75.261948087348927, 14.50050113758661 ], [ 75.307040137325046, 14.482710905723421 ], [ 75.428563215995126, 14.395130346449209 ], [ 75.490135194386781, 14.324865114767368 ], [ 75.549463946696108, 14.32189240016524 ], [ 75.602627632986071, 14.357211160458901 ], [ 75.640407017534585, 14.411304495093683 ], [ 75.726231344513536, 14.510156450721865 ], [ 75.804209845396272, 14.546146972325269 ], [ 75.781642139039306, 14.63699524635026 ], [ 75.794256127889426, 14.709618896471666 ], [ 75.836054398832985, 14.798127736163478 ], [ 76.33308263623006, 14.406650712038129 ] ] ] } },
{ "type": "Feature", "properties": { "objectid": 14, "ae_regcode": 9, "physio_reg": "NORTHERN PLAIN  HOT SUBHUMID (DRY) ECO-REGION", "area_sqkm": 35663.845097500001, "shape_Leng": 3586995.4092899999, "shape_Area": 117167693273.0 }, "geometry": { "type": "Polygon", "coordinates": [ [ [ 75.33818972407559, 32.219420931232072 ], [ 75.348404725395554, 32.21962152706638 ], [ 75.606220146596243, 32.083557675688418 ], [ 75.593643814291056, 32.081439570315851 ], [ 75.613410086279231, 32.06569505030069 ], [ 75.664300662701436, 32.076770356734279 ], [ 75.704757025446369, 32.061023121168041 ], [ 75.725395883233972, 32.035430219694739 ], [ 75.7529222856286, 32.03516010186307 ], [ 75.79916408536161, 31.993530054322491 ], [ 75.820482909217731, 31.984171111042716 ], [ 75.851252163811168, 31.980727764641028 ], [ 75.856498239985143, 31.972681785381191 ], [ 75.88105567245087, 31.96782875102857 ], [ 75.909423320167676, 31.948728761208894 ], [ 75.970444884579507, 31.831029623203808 ], [ 75.98614352306987, 31.813163953826766 ], [ 75.967566567215854, 31.822619116428008 ], [ 75.94788099682809, 31.813714341996995 ], [ 75.936449091739888, 31.815885155132857 ], [ 75.974046312003296, 31.748086096288176 ], [ 75.972044568605909, 31.739034235440815 ], [ 75.98052187111719, 31.731974861989247 ], [ 75.990229726936363, 31.693780612599465 ], [ 76.006583848398549, 31.682926026148326 ], [ 76.019121664498343, 31.661386138302628 ], [ 76.017093954926963, 31.6449184291282 ], [ 76.037494321984468, 31.613734104564031 ], [ 76.058346164468617, 31.601247949010592 ], [ 76.057432282381242, 31.590172360862294 ], [ 76.122290926675873, 31.493079765204662 ], [ 76.129618357500377, 31.463366126470959 ], [ 76.167526640926198, 31.411807212219472 ], [ 76.167008070723483, 31.395038120339819 ], [ 76.148035086819874, 31.380450648329195 ], [ 76.148930203035945, 31.359538353378507 ], [ 76.153499665591426, 31.350875837274145 ], [ 76.180204820108258, 31.339161487627777 ], [ 76.186663186151975, 31.304390097574441 ], [ 76.220237756282103, 31.302848881800994 ], [ 76.237061100981649, 31.310641757003484 ], [ 76.26950928362821, 31.312473331916301 ], [ 76.275068660388513, 31.303336326881944 ], [ 76.310044856344305, 31.316670788777877 ], [ 76.316218960298002, 31.323813766242619 ], [ 76.309958319968715, 31.339711751334619 ], [ 76.331840983792674, 31.3496790855786 ], [ 76.344094006945042, 31.342715969179089 ], [ 76.35068975687048, 31.350441410227553 ], [ 76.343650320732834, 31.376984596541092 ], [ 76.332316804432367, 31.378593280270724 ], [ 76.329954608492017, 31.399900904968025 ], [ 76.361027348079404, 31.403188115697208 ], [ 76.373336182943476, 31.413095352956073 ], [ 76.370960869619296, 31.427088830568831 ], [ 76.377365109041051, 31.438835159969244 ], [ 76.389456526412218, 31.419604470947377 ], [ 76.387213592221826, 31.41108825680768 ], [ 76.404544507178755, 31.394725919017976 ], [ 76.393388823014604, 31.388568745014783 ], [ 76.462301424747679, 31.303191103855362 ], [ 76.442473482937743, 31.286448892199715 ], [ 76.445126932666426, 31.280058399741833 ], [ 76.480751233566522, 31.307384379489172 ], [ 76.502593000683206, 31.270505982762295 ], [ 76.528297064718529, 31.280160573786738 ], [ 76.532086508842895, 31.259367661712925 ], [ 76.54190364014859, 31.2670088607636 ], [ 76.545255954314754, 31.280596209660533 ], [ 76.551214314295251, 31.280995387042321 ], [ 76.548930265814874, 31.252375679390795 ], [ 76.559930921136228, 31.252880638065033 ], [ 76.584567087964587, 31.277143684329744 ], [ 76.615641014391457, 31.247833443122261 ], [ 76.589926739787344, 31.222715757857532 ], [ 76.594555658203646, 31.213259629354347 ], [ 76.630263581011135, 31.22632472157445 ], [ 76.63995317265308, 31.223949598850556 ], [ 76.638511949980071, 31.217900292566036 ], [ 76.64939938750787, 31.209821386328628 ], [ 76.626151651069122, 31.199499794593347 ], [ 76.60428507939757, 31.179727774251329 ], [ 76.603928123065501, 31.154118060511575 ], [ 76.612591893738013, 31.147998220127196 ], [ 76.603112670706807, 31.124516718954684 ], [ 76.637502016847975, 31.114768098654825 ], [ 76.639521927656062, 31.106985000823368 ], [ 76.625602839703319, 31.093139996486428 ], [ 76.618611540349335, 31.075131411424668 ], [ 76.623208663048885, 31.057388602547999 ], [ 76.612627456099119, 31.050280238060132 ], [ 76.627205301050139, 31.018665641508623 ], [ 76.62364350331795, 31.000907290527859 ], [ 76.676184088354859, 30.967694365629594 ], [ 76.707811269350969, 30.969014759840888 ], [ 76.726171467078629, 30.959903210106216 ], [ 76.739559043359861, 30.935775130258609 ], [ 76.762155360751706, 30.925569734217291 ], [ 76.783370626158984, 30.902755983110122 ], [ 76.823767771400668, 30.926705825994677 ], [ 76.82793783736858, 30.917652912489345 ], [ 76.823333302233195, 30.903113145181283 ], [ 76.829272275166502, 30.89230831970492 ], [ 76.865939498927787, 30.866908680970575 ], [ 76.915747732098367, 30.893415767306493 ], [ 76.94012521289963, 30.850565984610665 ], [ 76.940998007470043, 30.833453325814769 ], [ 76.956323955416991, 30.825275551069719 ], [ 76.967217023303448, 30.80725658318795 ], [ 76.99253965891748, 30.794811101233535 ], [ 77.001943477861175, 30.811013566355598 ], [ 77.011461506255728, 30.810288251883708 ], [ 77.013482614528229, 30.78499486728121 ], [ 77.002043297225839, 30.773048992071065 ], [ 77.017875227416624, 30.762306309983785 ], [ 77.018093459479729, 30.748440097006686 ], [ 77.026473174243804, 30.738135350136123 ], [ 77.041685028048178, 30.739348519193531 ], [ 77.047122922045261, 30.751325604179254 ], [ 77.090262227711762, 30.74060616326901 ], [ 77.115769539688245, 30.726594575192053 ], [ 77.113318934502658, 30.718089691793949 ], [ 77.130869109807065, 30.713698037878228 ], [ 77.16511827548149, 30.686233954551739 ], [ 77.166043493719826, 30.649891472526477 ], [ 77.175669868095383, 30.634325296265015 ], [ 77.17070984158471, 30.595198429592042 ], [ 77.124622368465552, 30.562965633865073 ], [ 77.144175573361082, 30.537138610055294 ], [ 77.198456138326691, 30.521444414424362 ], [ 77.212757165642643, 30.502130957746754 ], [ 77.215645459961038, 30.475850522509177 ], [ 77.239834650102324, 30.484107054323669 ], [ 77.264876897223346, 30.479881120395095 ], [ 77.276642327303236, 30.462113328317539 ], [ 77.323760048927795, 30.449002953010321 ], [ 77.339347343968484, 30.458561606510809 ], [ 77.359172527409669, 30.457252772016393 ], [ 77.36988269291119, 30.437394123387072 ], [ 77.393490977568561, 30.441454411820065 ], [ 77.413660282553096, 30.414026585455421 ], [ 77.463731340673647, 30.460489582037443 ], [ 77.469463194968725, 30.453443023897659 ], [ 77.466493514092292, 30.435595586921568 ], [ 77.452815936204033, 30.419646344280714 ], [ 77.42896447907863, 30.408083725399074 ], [ 77.448018778939257, 30.398915657231413 ], [ 77.499955630108673, 30.407805854775891 ], [ 77.506083910394651, 30.42825315527179 ], [ 77.523039002125941, 30.444023475030114 ], [ 77.551868911450583, 30.397052225614797 ], [ 77.578454430502305, 30.379994836558755 ], [ 77.588006712983898, 30.379624834526908 ], [ 77.576203591516219, 30.399611453838602 ], [ 77.588120293270833, 30.406856687922563 ], [ 77.63524781225351, 30.399845761455435 ], [ 77.647406168593591, 30.405951769395401 ], [ 77.674456159357334, 30.388259568949788 ], [ 77.677295615503255, 30.378996297535139 ], [ 77.686479166331381, 30.380668032345007 ], [ 77.723909505054777, 30.333723875930595 ], [ 77.870988107089829, 30.267183683557974 ], [ 77.887086891212306, 30.268953428053635 ], [ 77.929953599289789, 30.250934786352246 ], [ 77.994876895101186, 30.189314471471814 ], [ 78.035592696529562, 30.111812292871999 ], [ 78.099013917933206, 30.026902130370107 ], [ 78.193864432399906, 29.944517633364367 ], [ 78.313549712824909, 29.85961238874556 ], [ 78.36385225276986, 29.780550548095565 ], [ 78.398575577390233, 29.768137051538577 ], [ 78.425171884240896, 29.766682025226558 ], [ 78.444721219717593, 29.752370211433615 ], [ 78.500159310131593, 29.735600690373253 ], [ 78.502770075296255, 29.719136071626799 ], [ 78.514402370580399, 29.705922069969127 ], [ 78.530192008236014, 29.63332370949562 ], [ 78.588863474163446, 29.574699516371684 ], [ 78.651942896844801, 29.541880540743325 ], [ 78.70569119918062, 29.502956595911694 ], [ 78.751404326981444, 29.499040109449865 ], [ 78.797827215020533, 29.47008316264019 ], [ 78.878080014625908, 29.453620638173227 ], [ 78.932168667360784, 29.454157925699658 ], [ 78.935303642808464, 29.450184985874209 ], [ 78.912751589890192, 29.440700199406329 ], [ 78.908777837745731, 29.417584751211372 ], [ 78.882428629656147, 29.386371828960375 ], [ 78.874829350856487, 29.388613686895365 ], [ 78.869019802576517, 29.379604246201435 ], [ 78.844739503222073, 29.375364157755111 ], [ 78.848446211871632, 29.365418645335801 ], [ 78.841008804582543, 29.362186203314323 ], [ 78.826367162014691, 29.364049736164208 ], [ 78.827207453210875, 29.379355287457525 ], [ 78.821171835353894, 29.376897161028168 ], [ 78.809342980401269, 29.34965090356414 ], [ 78.802278903050265, 29.346135326604305 ], [ 78.810030270609388, 29.33232639800784 ], [ 78.800934834028837, 29.323289209107131 ], [ 78.793451252193876, 29.325972692173131 ], [ 78.794590645133724, 29.340457131345236 ], [ 78.778038379108565, 29.33506868562722 ], [ 78.769518443016224, 29.343776221574274 ], [ 78.753589925049937, 29.326639811171898 ], [ 78.740423365505094, 29.328186369434555 ], [ 78.739399079246596, 29.311507687514215 ], [ 78.725893157794417, 29.311378321073057 ], [ 78.773106680939904, 29.287341162772289 ], [ 78.778860966291717, 29.279921915238848 ], [ 78.770667131753584, 29.280674920272734 ], [ 78.79801406056329, 29.267018246502086 ], [ 78.799384725687446, 29.259326905388647 ], [ 78.811879080755673, 29.251850959605221 ], [ 78.825788012340496, 29.246276536082924 ], [ 78.843276189692617, 29.25472368436337 ], [ 78.854352563554301, 29.248269604354547 ], [ 78.864645754253146, 29.255288440438942 ], [ 78.882995995912808, 29.234703274444691 ], [ 78.882134688825218, 29.222505113280477 ], [ 78.894848553708897, 29.219289514304936 ], [ 78.904115954634932, 29.208842083184059 ], [ 78.899737911548058, 29.20429431921778 ], [ 78.911121036635592, 29.196550370287028 ], [ 78.906305195386523, 29.189855245619686 ], [ 78.917640161846577, 29.174293062896158 ], [ 78.917631669821503, 29.159157657495275 ], [ 78.906938080347089, 29.150763540002337 ], [ 78.912304276034519, 29.144572451243352 ], [ 78.926347718795284, 29.142925654107547 ], [ 78.935543224128338, 29.151074942583197 ], [ 78.956292711785778, 29.14353105002407 ], [ 78.974271548830828, 29.160748494068592 ], [ 78.990951246301123, 29.148688003238938 ], [ 78.995456744998307, 29.13128898972197 ], [ 79.004524360643828, 29.127564862292054 ], [ 79.012455901530515, 29.110483862590559 ], [ 79.028897561895135, 29.111789456513897 ], [ 79.042884697798229, 29.124150490850386 ], [ 79.020678848384804, 29.130148019271441 ], [ 79.022919142559289, 29.151154058704257 ], [ 79.038353059239185, 29.143791667581905 ], [ 79.033735301222933, 29.161236592961352 ], [ 79.0389436064319, 29.16620755071586 ], [ 79.058107852457312, 29.148665349076595 ], [ 79.084842894292578, 29.14592855450319 ], [ 79.112707754671661, 29.125605754796162 ], [ 79.142776521880862, 29.123280820292766 ], [ 79.154181078391503, 29.11364908403408 ], [ 79.155911862519091, 29.100533275701736 ], [ 79.146619068815951, 29.075819022993972 ], [ 79.14886016793173, 29.063255099530487 ], [ 79.155571905847594, 29.054000630211682 ], [ 79.177270336863671, 29.045162449464524 ], [ 79.166044098993893, 29.026821732039405 ], [ 79.170103535305941, 29.016786829853995 ], [ 79.180402104562177, 29.009762933094184 ], [ 79.196782240698653, 29.011903850924703 ], [ 79.194804732180728, 29.018113652388465 ], [ 79.209416974041915, 29.015990909787028 ], [ 79.215880386184608, 29.023016964904969 ], [ 79.310699133569798, 28.946997269417849 ], [ 79.318974602294105, 28.95235920704943 ], [ 79.36370328484702, 28.946318117106969 ], [ 79.371515268200838, 28.964372799554141 ], [ 79.388829172549279, 28.930931191638315 ], [ 79.413236856323806, 28.926154161406831 ], [ 79.407379668373736, 28.879331665839956 ], [ 79.422914720940824, 28.849758364239854 ], [ 79.445172358425651, 28.855526625490079 ], [ 79.471461794435811, 28.853052799040224 ], [ 79.488385221194463, 28.861062106581169 ], [ 79.518987312603073, 28.857191277754556 ], [ 79.548253500077564, 28.886438586001102 ], [ 79.565763687626117, 28.872417384170376 ], [ 79.559437985365463, 28.848193493961556 ], [ 79.565357560901205, 28.838939399394278 ], [ 79.58830638561831, 28.844171644207876 ], [ 79.604053561562267, 28.860441017480557 ], [ 79.624994478303023, 28.862474148878682 ], [ 79.662664820958014, 28.801602758419307 ], [ 79.745470864252724, 28.714413342998423 ], [ 79.890044006168864, 28.627223448062495 ], [ 79.95193720545214, 28.601773328864972 ], [ 80.112711875397451, 28.503448360916238 ], [ 80.330954770525395, 28.4303257984715 ], [ 80.384221193330021, 28.339171101742302 ], [ 80.437511933210331, 28.277122535310884 ], [ 80.78173403084449, 28.060890285713576 ], [ 80.912405998427815, 27.958176928065583 ], [ 80.997937575140782, 27.877495884092596 ], [ 81.071314004880733, 27.825997512678725 ], [ 81.258842081227655, 27.722568114743787 ], [ 81.295100099562532, 27.663954741202581 ], [ 81.318398035158182, 27.543461588924576 ], [ 81.40212516539016, 27.34949225851291 ], [ 81.424684941232954, 27.177881515010952 ], [ 81.484735145832474, 27.082490471390749 ], [ 81.811585196583067, 26.856521922359189 ], [ 81.965177879380903, 26.792644244183297 ], [ 82.026448439134938, 26.810110280872802 ], [ 82.067165670897623, 26.813228459124101 ], [ 82.152610036800851, 26.815729285764217 ], [ 82.193078993117851, 26.804222169855862 ], [ 82.22483255244795, 26.759985662680023 ], [ 82.325225947783039, 26.692841301836982 ], [ 82.44224409602424, 26.650916838456283 ], [ 82.696724212007922, 26.584697019553655 ], [ 82.80589023976853, 26.564529407518684 ], [ 82.970532990703944, 26.488486002588466 ], [ 83.074456303794079, 26.424417926986578 ], [ 83.151097193517501, 26.408289727619778 ], [ 83.228089965768675, 26.406719920052616 ], [ 83.39159158579811, 26.30467814856091 ], [ 83.548166075479685, 26.253731974712547 ], [ 83.649341720530344, 26.251401217876086 ], [ 83.710471703356717, 26.264568009260202 ], [ 83.73880282702622, 26.263892580975892 ], [ 83.790763470107208, 26.240729779195703 ], [ 83.861270191419734, 26.162311145738009 ], [ 83.948535266804541, 26.105344381638581 ], [ 84.099838835727937, 26.094272731491923 ], [ 84.145418263253418, 26.044820081951453 ], [ 84.176000370782702, 26.023326171369717 ], [ 84.174927301667935, 25.98937600032237 ], [ 84.181145683647486, 25.996669758519552 ], [ 84.200963035610243, 25.987429160800712 ], [ 84.210499573847216, 25.99845693673317 ], [ 84.304926130773083, 25.945005264284639 ], [ 84.359977038420254, 25.957383738731394 ], [ 84.416829091147648, 25.929468387757243 ], [ 84.431811265334815, 25.890576348472155 ], [ 84.475027688327742, 25.881897323824095 ], [ 84.493767184318727, 25.887461265784271 ], [ 84.514992005732537, 25.870625972959125 ], [ 84.5370835801521, 25.876004663791822 ], [ 84.548978486965211, 25.860411895878634 ], [ 84.528433685000664, 25.859413545049247 ], [ 84.534676317213652, 25.853689614215284 ], [ 84.535386872699107, 25.832627550858057 ], [ 84.552669801446385, 25.828297606161804 ], [ 84.555266796372237, 25.839619343875977 ], [ 84.564944178026494, 25.835832743882971 ], [ 84.628570451760353, 25.792495138237932 ], [ 84.629069458462268, 25.770802282062196 ], [ 84.618457391076944, 25.77569360221155 ], [ 84.608856290751035, 25.75905571363495 ], [ 84.630626357486221, 25.745767574357142 ], [ 84.638873547703554, 25.726807833521388 ], [ 84.632473839216544, 25.72637253719331 ], [ 84.752102291702556, 25.691455431257694 ], [ 84.819665622851076, 25.686451897996832 ], [ 84.90456913446242, 25.713029339651037 ], [ 85.019615226599484, 25.7254358710004 ], [ 85.059615960694984, 25.716830780577514 ], [ 85.087982346247401, 25.699826020095021 ], [ 85.121203598446613, 25.643187638423676 ], [ 85.243652577204799, 25.601094556769986 ], [ 85.311472719896031, 25.515473747424448 ], [ 85.437124279255031, 25.449700380852704 ], [ 85.553488074664955, 25.422183076562739 ], [ 85.588344062090769, 25.409233343789861 ], [ 85.614836455954574, 25.389267485196271 ], [ 85.635342482504214, 25.343193776210462 ], [ 85.697003502692112, 25.282446512587658 ], [ 85.713103231328986, 25.246756873914208 ], [ 85.722578933209491, 25.206922394665462 ], [ 85.695910244531703, 25.149409470765576 ], [ 85.707052672720934, 25.110975027424857 ], [ 85.758105044527667, 25.103232756493075 ], [ 85.767069237015164, 25.088273693849771 ], [ 85.776319244065917, 25.04405259593447 ], [ 85.825285573442031, 24.991024628870701 ], [ 85.835844544401283, 24.940897134476224 ], [ 85.864803979287501, 24.907621668941626 ], [ 85.914286757754155, 24.867703893544057 ], [ 85.986750219809522, 24.840043353815197 ], [ 86.044372963886985, 24.804152649875881 ], [ 86.05732676794517, 24.779889183804222 ], [ 86.016347966939421, 24.768333529212882 ], [ 86.006750512914877, 24.751728296560994 ], [ 85.9840409388664, 24.747987448974627 ], [ 85.976949442044628, 24.733939495309084 ], [ 85.957093795277743, 24.732468604393855 ], [ 85.917348408117377, 24.753968416250864 ], [ 85.894064278835245, 24.785845665078078 ], [ 85.896557679636516, 24.791899031274333 ], [ 85.88467216735738, 24.80052423840813 ], [ 85.834142843600247, 24.809829028958031 ], [ 85.8249705401158, 24.807155484140228 ], [ 85.817587082467725, 24.794701611703733 ], [ 85.784190618684931, 24.799124985192588 ], [ 85.772417173675109, 24.812666797908864 ], [ 85.743741852773795, 24.822778650830337 ], [ 85.727961401911259, 24.787120164353855 ], [ 85.716783795867684, 24.781137624419511 ], [ 85.711742358556776, 24.768990753390149 ], [ 85.7150933994902, 24.747882663006024 ], [ 85.703602116952325, 24.713693283002478 ], [ 85.686610862319682, 24.694004866436426 ], [ 85.656498479423604, 24.687259629017856 ], [ 85.670276415801922, 24.664958242655512 ], [ 85.66812038799101, 24.646918947142773 ], [ 85.679024156994075, 24.619709030279296 ], [ 85.680131415782768, 24.593285755793531 ], [ 85.671588735153691, 24.582279927716971 ], [ 85.651177690712672, 24.578639329892141 ], [ 85.622366203754595, 24.58325083742319 ], [ 85.605179714116403, 24.597858490500165 ], [ 85.583528727352956, 24.603279901407006 ], [ 85.569797490798734, 24.591551435151704 ], [ 85.575235300811244, 24.565497995575811 ], [ 85.561563694916472, 24.556438938777198 ], [ 85.54376405879664, 24.56553536413843 ], [ 85.543404056712674, 24.536337472377831 ], [ 85.525257921763483, 24.524872359268393 ], [ 85.509384559283063, 24.53173729746862 ], [ 85.504492168344825, 24.548786719933716 ], [ 85.493465234243885, 24.551025779586205 ], [ 85.440275006082757, 24.536344303381433 ], [ 85.413643918816049, 24.545889408516871 ], [ 85.377315123917739, 24.529809478862902 ], [ 85.289606667504501, 24.526863464518012 ], [ 85.289047180036988, 24.497410924806612 ], [ 85.253597192417644, 24.495473815259174 ], [ 85.23103983162089, 24.471386887722087 ], [ 85.210360673882562, 24.473136587040145 ], [ 85.20636080617075, 24.46758222613304 ], [ 85.157804570989299, 24.463032547016642 ], [ 85.157045842285811, 24.456020756597454 ], [ 85.165861344823711, 24.451428941499984 ], [ 85.176483665752372, 24.429683581648376 ], [ 85.162407885993218, 24.418231178042163 ], [ 85.1221936033334, 24.409225882814553 ], [ 85.09655285918808, 24.379413235459673 ], [ 85.072619249926689, 24.386958522412034 ], [ 85.08170804767731, 24.408631586066939 ], [ 85.083342307625045, 24.440006444289168 ], [ 85.060450188387961, 24.415282386605565 ], [ 85.039283393263204, 24.425474516008876 ], [ 84.997603380747847, 24.412338667403532 ], [ 84.975762343839946, 24.376087998525065 ], [ 84.955145230284501, 24.371907310246154 ], [ 84.932564325774536, 24.378152356482673 ], [ 84.905247738198085, 24.372224170189611 ], [ 84.905422508547545, 24.393882211973487 ], [ 84.885168072139834, 24.422658177335052 ], [ 84.887463614356918, 24.462779047866533 ], [ 84.874748684708734, 24.466874627659418 ], [ 84.867052501649184, 24.456603452627977 ], [ 84.854789571492176, 24.465884049420161 ], [ 84.841697822157627, 24.452476530841597 ], [ 84.840772719293525, 24.469522650897119 ], [ 84.834505294028688, 24.470035238828594 ], [ 84.839962842695599, 24.511360118938207 ], [ 84.826847178236633, 24.524679539168059 ], [ 84.80899887167746, 24.520970132669365 ], [ 84.802699030778669, 24.529329549735326 ], [ 84.787255959860488, 24.504698036075762 ], [ 84.749398097561908, 24.496305342301074 ], [ 84.732294136809656, 24.47279538018126 ], [ 84.713915614860554, 24.472198619824166 ], [ 84.68629436100322, 24.456180148870384 ], [ 84.673606726246902, 24.431046060813078 ], [ 84.675170599549162, 24.412839627260162 ], [ 84.665621377110341, 24.393636988450549 ], [ 84.630277124736381, 24.403805285406627 ], [ 84.589244335980609, 24.401296912901426 ], [ 84.58747453399836, 24.410233225674052 ], [ 84.579906165314824, 24.412156232273244 ], [ 84.56652846393807, 24.396933574011612 ], [ 84.573195026936673, 24.383782137031982 ], [ 84.55325291774443, 24.373541823668823 ], [ 84.528939951953561, 24.376079348983417 ], [ 84.53537362195847, 24.364666165717683 ], [ 84.526777099141498, 24.345687604729825 ], [ 84.532894672788771, 24.339341569743915 ], [ 84.518096276863361, 24.317048899592539 ], [ 84.510594562046904, 24.315283810210158 ], [ 84.509685578131212, 24.294447752570086 ], [ 84.500929839329856, 24.286947134743809 ], [ 84.491603131294355, 24.29680608763049 ], [ 84.494481807770043, 24.304707243051659 ], [ 84.485979661206841, 24.302762946961924 ], [ 84.486483069730212, 24.309146630359905 ], [ 84.506417951277456, 24.323944420412865 ], [ 84.50823113745767, 24.332387868900273 ], [ 84.485140311767012, 24.31592735722727 ], [ 84.46938645384067, 24.317397341480238 ], [ 84.461980928805218, 24.3384588138406 ], [ 84.424881764766596, 24.331156732786148 ], [ 84.43000775199225, 24.358923603708881 ], [ 84.402417872099662, 24.367526006947319 ], [ 84.407263118079641, 24.374368079436234 ], [ 84.392505936786051, 24.3790465116553 ], [ 84.389724745287523, 24.389393271408576 ], [ 84.368873026063056, 24.386318135876255 ], [ 84.343385077878054, 24.395485558540795 ], [ 84.345495400292094, 24.40094187585121 ], [ 84.333398969906085, 24.410555417912065 ], [ 84.335335480830167, 24.421772165589815 ], [ 84.322609865304614, 24.42305148779451 ], [ 84.337943102917791, 24.430793579536399 ], [ 84.322560278869148, 24.447087730132306 ], [ 84.300771288037723, 24.450379040406784 ], [ 84.292829309022522, 24.465446231914651 ], [ 84.301773909418003, 24.480276741014851 ], [ 84.329280817847206, 24.489284181182516 ], [ 84.333924308870166, 24.502234774658078 ], [ 84.305060743270985, 24.562563357791788 ], [ 84.276883200472199, 24.563654712563249 ], [ 84.279530172187393, 24.553432002285973 ], [ 84.287719548022878, 24.551338819704473 ], [ 84.26608768810425, 24.537117625296375 ], [ 84.264765523596381, 24.530185452971882 ], [ 84.241904553711265, 24.542978922236447 ], [ 84.242663654209352, 24.552572829321228 ], [ 84.228327961646997, 24.549706153947366 ], [ 84.22512720835536, 24.534566857343815 ], [ 84.216576858044789, 24.536549189747145 ], [ 84.20756170279968, 24.556377701966998 ], [ 84.195963259706048, 24.554662954916147 ], [ 84.194644482714921, 24.548651355786532 ], [ 84.180559461605995, 24.546475810182432 ], [ 84.19407534348251, 24.521888272707166 ], [ 84.186906154959388, 24.509808638402774 ], [ 84.161297975671943, 24.517001845941671 ], [ 84.172088408042484, 24.533067605247414 ], [ 84.153745471886069, 24.539624821689653 ], [ 84.143968006798545, 24.528700663518634 ], [ 84.14761896040288, 24.504163642070445 ], [ 84.132576291956056, 24.497687019554135 ], [ 84.130240278691687, 24.486050761481788 ], [ 84.117433411603272, 24.480777035234514 ], [ 84.096779349237792, 24.503463838901709 ], [ 84.097383396531924, 24.533228973694328 ], [ 84.086057787126435, 24.544284406141411 ], [ 84.080203795066893, 24.56884088325571 ], [ 84.067482969600675, 24.576212545496247 ], [ 84.069082130762013, 24.588568841274707 ], [ 84.060666264532443, 24.587169732951629 ], [ 84.054499941068627, 24.611461195384663 ], [ 84.031949558709286, 24.628188679711467 ], [ 84.000000000471474, 24.637124794446976 ], [ 83.98011221229207, 24.595758993028248 ], [ 83.940767860472121, 24.550889473138866 ], [ 83.875815601882096, 24.532006124071113 ], [ 83.86546820089049, 24.536671447566974 ], [ 83.802301271687767, 24.52851029726661 ], [ 83.756463965727292, 24.5095829810681 ], [ 83.724504042826453, 24.503985463522675 ], [ 83.690282334977297, 24.514568528781506 ], [ 83.608022183308037, 24.512161430469881 ], [ 83.517396203901427, 24.526377300317058 ], [ 83.407887436423891, 24.504830499671058 ], [ 83.251143683668346, 24.626404726736471 ], [ 83.14683945799554, 24.721156369517615 ], [ 83.111987471552609, 24.824191860115707 ], [ 83.088698007855825, 24.965962915542796 ], [ 83.120735731484118, 25.184566825831183 ], [ 83.074440565780691, 25.263441609106764 ], [ 83.156561855970622, 25.334864919109695 ], [ 83.176582485502834, 25.385606776566135 ], [ 83.157185102783927, 25.468815167018313 ], [ 83.125718795692634, 25.498678908269589 ], [ 83.085895034662627, 25.516524320676833 ], [ 83.066126583891347, 25.587543770952539 ], [ 83.067295480572994, 25.636227704383252 ], [ 83.036403719313938, 25.692845264000365 ], [ 82.812881092839248, 25.794451599262793 ], [ 82.74660736906614, 25.839463709600501 ], [ 82.469656339108951, 25.987747549556207 ], [ 82.300881635867711, 26.039018488222432 ], [ 81.805917192021226, 26.099087543552063 ], [ 81.706610233005932, 26.131848361536058 ], [ 81.607529087208434, 26.186447789482692 ], [ 81.559962740726718, 26.267246786144202 ], [ 81.47438362944601, 26.336220352885597 ], [ 81.380393685978646, 26.385748925185858 ], [ 81.286478458131796, 26.449817666390736 ], [ 81.182490693324468, 26.603925467486437 ], [ 81.091377846144923, 26.709198073358479 ], [ 80.929739070653582, 26.829433844655078 ], [ 80.772982010054875, 26.910548846290133 ], [ 80.618631079482753, 26.969602369482367 ], [ 80.494091759345551, 27.050295783650988 ], [ 80.429107605900882, 27.108847601348653 ], [ 80.331716625126731, 27.271987566975461 ], [ 80.26153306248375, 27.539507872115202 ], [ 80.201670367876389, 27.614934723618017 ], [ 80.051716019664511, 27.845887523753284 ], [ 79.975171420129314, 27.921203198569703 ], [ 79.674022438197326, 28.042320735487625 ], [ 79.567168054816122, 28.068781886505775 ], [ 79.375103791369227, 28.148286189227466 ], [ 79.194012181149475, 28.188754072635419 ], [ 79.119757681425853, 28.224784600704499 ], [ 79.058456761307625, 28.355545152327974 ], [ 78.845707990039799, 28.509505629464645 ], [ 78.560906148114753, 28.662516763202834 ], [ 78.377631468920384, 28.791789564185596 ], [ 78.274863742577921, 28.853792864510087 ], [ 78.101854713517639, 28.994952810756452 ], [ 77.883398194487413, 29.186224741994899 ], [ 77.776942778327836, 29.267220822605665 ], [ 77.560030210901516, 29.470113264691548 ], [ 77.44752623029332, 29.553187704414221 ], [ 77.298882631626725, 29.633148874972388 ], [ 77.154997274724323, 29.701064757758164 ], [ 77.134294421156397, 29.737953320485005 ], [ 77.124668424817202, 29.743747617041247 ], [ 77.128793124033294, 29.766057091180759 ], [ 77.04733189309492, 29.816345504551403 ], [ 76.843642212117928, 29.906345893573249 ], [ 76.812229321267495, 29.911784027794621 ], [ 76.7487538958366, 29.946845489049633 ], [ 76.712879541062833, 29.988496918077985 ], [ 76.668137147136363, 30.099560360529136 ], [ 76.622454835529211, 30.138648518439584 ], [ 76.639684352934225, 30.151055929224235 ], [ 76.634823230218572, 30.166262318145677 ], [ 76.653843780013531, 30.185206042784255 ], [ 76.65106970126736, 30.201909549351075 ], [ 76.616404034207861, 30.211189532629437 ], [ 76.624171209719719, 30.226995225912781 ], [ 76.596203812573663, 30.252601789723663 ], [ 76.544634944910953, 30.223253033482614 ], [ 76.55812176919467, 30.239659071230815 ], [ 76.559827676472281, 30.261046537741667 ], [ 76.570116046802582, 30.260376971156635 ], [ 76.294289798366179, 30.469583876556715 ], [ 76.154432152991305, 30.520765958164088 ], [ 76.10662917066243, 30.574052566045733 ], [ 76.088474258770091, 30.617151634396883 ], [ 76.026369754624653, 30.720840242529889 ], [ 75.920840215878258, 30.863289391415112 ], [ 75.781680375395794, 30.99751624496151 ], [ 75.452015644394521, 31.260472558412744 ], [ 75.324531949845124, 31.394532771516229 ], [ 75.193263772268224, 31.510243782702002 ], [ 74.613178761732826, 31.564103539721344 ], [ 74.618981344186381, 31.570527948811698 ], [ 74.59348255003367, 31.579057463296692 ], [ 74.582654559318442, 31.589658770488395 ], [ 74.579735180835257, 31.60504043085443 ], [ 74.557814973952574, 31.611588096739712 ], [ 74.541643526318481, 31.659456908406632 ], [ 74.533558751125227, 31.666458882059569 ], [ 74.536075615148704, 31.680922780340143 ], [ 74.507178488298052, 31.699157475336371 ], [ 74.486036196635453, 31.722434652103622 ], [ 74.502948274654997, 31.730350908278037 ], [ 74.508600713949718, 31.742473275728276 ], [ 74.565206611537292, 31.755033656515682 ], [ 74.557485865564061, 31.778297926084331 ], [ 74.568431065022551, 31.793431611304232 ], [ 74.562892208480122, 31.800224899028795 ], [ 74.5737797964523, 31.817165344807187 ], [ 74.56930507996735, 31.829582735843626 ], [ 74.594084178472798, 31.845413449226168 ], [ 74.596961745634871, 31.858746035874436 ], [ 74.60965617516149, 31.866650861599641 ], [ 74.614005159045703, 31.887907018198625 ], [ 74.640309326459672, 31.884738352880412 ], [ 74.651665962651791, 31.898512138625595 ], [ 74.664616422982007, 31.899861019561833 ], [ 74.673728630894814, 31.919995634471377 ], [ 74.69858993753418, 31.92481101634635 ], [ 74.714880523504462, 31.917913334495065 ], [ 74.723072663566029, 31.921074043284452 ], [ 74.721459031791554, 31.937119807799473 ], [ 74.738883231417759, 31.944548354691328 ], [ 74.753590922587748, 31.94012154851897 ], [ 74.759748888418429, 31.9431654067644 ], [ 74.759948363522426, 31.953352764486592 ], [ 74.773465018106279, 31.947742607156517 ], [ 74.815430530250779, 31.963242400828328 ], [ 74.823192040770905, 31.956559035382149 ], [ 74.83397154568128, 31.977913244192628 ], [ 74.832503385432773, 31.998914831653384 ], [ 74.859927506517707, 32.010632725332698 ], [ 74.854538506158704, 32.021696422905606 ], [ 74.879297592544759, 32.02528098109633 ], [ 74.876526377676285, 32.046526712678435 ], [ 74.893630300413207, 32.053260908543571 ], [ 74.913246215028863, 32.051204805160111 ], [ 74.928614400316732, 32.066533116893069 ], [ 74.978574323926736, 32.053169515162438 ], [ 74.978119982370117, 32.044280998186117 ], [ 75.006723787656881, 32.044418293206505 ], [ 75.013419259917541, 32.034998266674705 ], [ 75.02446547321189, 32.046379083608954 ], [ 75.038525378906783, 32.050200025101795 ], [ 75.043030231230375, 32.043387634259631 ], [ 75.072297355006057, 32.063168311899837 ], [ 75.106635045280669, 32.060347517093092 ], [ 75.111973316003343, 32.071192456092142 ], [ 75.130822141662605, 32.083633093480344 ], [ 75.158959938728685, 32.083661732601279 ], [ 75.179002035256104, 32.068654397718284 ], [ 75.186208254411994, 32.079719479147165 ], [ 75.19974409736399, 32.084412853012999 ], [ 75.210010244230418, 32.11733265776607 ], [ 75.219272323673124, 32.116653082060928 ], [ 75.223707720630671, 32.10372714513781 ], [ 75.233603456465488, 32.101616630255783 ], [ 75.239657086215956, 32.090936521604462 ], [ 75.253663707271244, 32.101796991799361 ], [ 75.265478384528578, 32.100195098279265 ], [ 75.287176368296301, 32.127855534191923 ], [ 75.283042918255916, 32.142780966743018 ], [ 75.302469119855473, 32.152614838355753 ], [ 75.309740108028933, 32.169752952138182 ], [ 75.32168147314421, 32.174653732754585 ], [ 75.319952770439485, 32.191626867275623 ], [ 75.313861644390286, 32.19592632121622 ], [ 75.33818972407559, 32.219420931232072 ] ] ] } },
{ "type": "Feature", "properties": { "objectid": 15, "ae_regcode": 10, "physio_reg": "CENTRAL HIGHLANDS (MALWA AND BUNDELKHAND)  HOT SUBHUMID (DRY) ECO-REGION", "area_sqkm": 58789.1766002, "shape_Leng": 3691227.8171600001, "shape_Area": 231549833398.0 }, "geometry": { "type": "Polygon", "coordinates": [ [ [ 78.893107306569121, 25.555568359311383 ], [ 78.917945579197536, 25.554139612118608 ], [ 78.924408436100407, 25.536106025779702 ], [ 78.93326404269358, 25.554765582848685 ], [ 78.949299589028996, 25.546253329778867 ], [ 78.949478928547549, 25.525976269645735 ], [ 78.939809473313076, 25.519184811972167 ], [ 78.927175053708851, 25.522259523663937 ], [ 78.923937099463771, 25.515575822110712 ], [ 78.942700330597461, 25.489148944087344 ], [ 78.943163040304285, 25.474878843471135 ], [ 78.934977502606245, 25.460558716486371 ], [ 78.910704592984288, 25.441811409062723 ], [ 78.936621208941418, 25.423223460254139 ], [ 78.950081200772857, 25.436587840835038 ], [ 78.96764611662077, 25.433783305092128 ], [ 78.976407960795967, 25.420034785824896 ], [ 78.975653482480226, 25.391472897975433 ], [ 78.985977503868583, 25.37095000868533 ], [ 78.955881522381631, 25.3649375733985 ], [ 78.946137107746168, 25.347769198022895 ], [ 78.936050993500913, 25.346743042544091 ], [ 78.904345860211052, 25.360133832778818 ], [ 78.899867359095012, 25.370218104906609 ], [ 78.902794115380004, 25.375699543835022 ], [ 78.938576319490977, 25.372045766659891 ], [ 78.95682633953507, 25.395079870042402 ], [ 78.938509927955366, 25.398071365528502 ], [ 78.908510012650993, 25.384164370689795 ], [ 78.882155404107607, 25.382559214548909 ], [ 78.845085095164691, 25.34708168361319 ], [ 78.850839412991732, 25.327292482256563 ], [ 78.840623903844062, 25.326265991686757 ], [ 78.82186094557791, 25.305903404604081 ], [ 78.799206914639271, 25.30970846031606 ], [ 78.790502659468132, 25.292542299786813 ], [ 78.800549085321293, 25.288045409894551 ], [ 78.810951426132007, 25.296941806279936 ], [ 78.81895579677952, 25.294784569435997 ], [ 78.812869532861441, 25.265889000916747 ], [ 78.849001316678866, 25.224162192828874 ], [ 78.869598686727002, 25.278102771267051 ], [ 78.879744770963697, 25.283177178791625 ], [ 78.874196084303364, 25.305944884062974 ], [ 78.863758164376861, 25.311902611894308 ], [ 78.882965330218937, 25.328944859844015 ], [ 78.883877044262221, 25.339387463052265 ], [ 78.915262829969393, 25.334342757383265 ], [ 78.926281212336889, 25.340931874822779 ], [ 78.935010040577751, 25.326660088029691 ], [ 78.960289966800275, 25.344824876829286 ], [ 78.960190773563582, 25.306844801277634 ], [ 78.977439292822808, 25.280207361155746 ], [ 78.954914003863522, 25.278687822327104 ], [ 78.955752432617601, 25.260915999470804 ], [ 78.947961262668471, 25.257687472844989 ], [ 78.925629089278928, 25.270163791250251 ], [ 78.915937267686587, 25.269346046885303 ], [ 78.898987472313493, 25.24046466626962 ], [ 78.883166124579134, 25.25076263761315 ], [ 78.874348547021768, 25.227540421464543 ], [ 78.889687510888265, 25.206082755821413 ], [ 78.874615819245776, 25.184996763058024 ], [ 78.879044085675858, 25.16105503401684 ], [ 78.884357586647837, 25.157229313356023 ], [ 78.900641774702223, 25.168275280691148 ], [ 78.931520359867704, 25.205635983660379 ], [ 78.955651721019009, 25.215210800752775 ], [ 78.971246979268884, 25.214466007525957 ], [ 78.989740732215253, 25.194211446743282 ], [ 79.003144079011463, 25.191009645364009 ], [ 79.007723554255335, 25.211106973109821 ], [ 79.000675519950136, 25.217268418188642 ], [ 79.002045543649842, 25.228793180107644 ], [ 78.978522251080022, 25.23994630755649 ], [ 78.994167321762518, 25.269963370880578 ], [ 79.012387501785668, 25.271981430606612 ], [ 79.023396331936965, 25.260169658122624 ], [ 79.019506800037334, 25.243271893125893 ], [ 79.036791505612413, 25.244386021480214 ], [ 79.033870547827959, 25.229719860274027 ], [ 79.063847657007315, 25.220779149833074 ], [ 79.062523303525793, 25.212292967322853 ], [ 79.031948956236377, 25.181648551231035 ], [ 79.043129046396828, 25.168991349164131 ], [ 79.029077754077875, 25.138299561952927 ], [ 79.050373572125224, 25.133274148226651 ], [ 79.065397719405112, 25.145954455535406 ], [ 79.071448583888369, 25.167594227882791 ], [ 79.091695047632726, 25.187625921257435 ], [ 79.097973623033297, 25.171345820927076 ], [ 79.127829680123838, 25.159305653302354 ], [ 79.11518787736658, 25.138843386750093 ], [ 79.132483763274777, 25.124375496414018 ], [ 79.122191649694273, 25.112962131512973 ], [ 79.136526318653608, 25.105945058791889 ], [ 79.145580405346621, 25.113578622746864 ], [ 79.164007977788501, 25.107085589540894 ], [ 79.186715903618719, 25.112877390342597 ], [ 79.187282393996782, 25.124010145084828 ], [ 79.17620699957692, 25.126745545491982 ], [ 79.174180923654092, 25.137510017838583 ], [ 79.192296848485483, 25.146291168552029 ], [ 79.204168482925269, 25.138099785339101 ], [ 79.203593626696787, 25.126847452189864 ], [ 79.214544520358558, 25.119577942113846 ], [ 79.213795575852771, 25.108957579561288 ], [ 79.230224808099564, 25.118450791922172 ], [ 79.24582736274715, 25.111574925965918 ], [ 79.251005915530996, 25.135983763062924 ], [ 79.232337709820854, 25.135420518242729 ], [ 79.221358476415773, 25.143556414033451 ], [ 79.24331225408568, 25.156129673950129 ], [ 79.258085941590167, 25.156392199171648 ], [ 79.266693506690004, 25.148461158609933 ], [ 79.269559030672667, 25.136357790431187 ], [ 79.262020439739302, 25.125664136494748 ], [ 79.267538957661685, 25.117317774082085 ], [ 79.277473665016615, 25.121368964208823 ], [ 79.284031345751259, 25.11548242816697 ], [ 79.289668506877405, 25.128727821012468 ], [ 79.310729036782121, 25.128551481893279 ], [ 79.322086146661718, 25.147091192971256 ], [ 79.304672009008314, 25.174185362796056 ], [ 79.310588658798409, 25.178630755081855 ], [ 79.312532454975511, 25.195613062345814 ], [ 79.304191571100645, 25.201285101018463 ], [ 79.291055915911855, 25.184630345127264 ], [ 79.285324711871084, 25.198672207703524 ], [ 79.289056386581791, 25.2222895446316 ], [ 79.281171638244572, 25.243252569470684 ], [ 79.300916680857725, 25.235338992817351 ], [ 79.318356508046278, 25.214642793207986 ], [ 79.332940895772524, 25.217601342436652 ], [ 79.34016866764334, 25.1960159128793 ], [ 79.354557188695097, 25.209417392671199 ], [ 79.336722420345637, 25.225066943313273 ], [ 79.34874480698619, 25.22565185489794 ], [ 79.35216663779795, 25.259444540787264 ], [ 79.347727828108972, 25.267892215447016 ], [ 79.339545031915065, 25.27139918416529 ], [ 79.317650103999711, 25.257054912832125 ], [ 79.295366072759805, 25.28534576472806 ], [ 79.294072565430582, 25.276171714617941 ], [ 79.278717502215613, 25.261614571025103 ], [ 79.267037544270437, 25.266546603049822 ], [ 79.267760029665695, 25.305319078182979 ], [ 79.28525053724529, 25.323117679171919 ], [ 79.298989958147686, 25.324360927939306 ], [ 79.302396784571869, 25.335283930092142 ], [ 79.353571425418394, 25.328128151366649 ], [ 79.342156025988814, 25.312494147711032 ], [ 79.349540434710221, 25.29969605656613 ], [ 79.33840795964872, 25.289166856909297 ], [ 79.357378049978152, 25.283553419626749 ], [ 79.360619016980792, 25.26052669075645 ], [ 79.37338107449068, 25.263220664349479 ], [ 79.375110757730198, 25.289450358747832 ], [ 79.409573218116151, 25.274408820042577 ], [ 79.408891770173028, 25.25753110697784 ], [ 79.422989215156875, 25.25439471854736 ], [ 79.43890538293023, 25.254733920462009 ], [ 79.465152852464939, 25.279047416348234 ], [ 79.480862938798396, 25.277315090726617 ], [ 79.484035056987295, 25.268343904780323 ], [ 79.49814315096171, 25.265543613044411 ], [ 79.49167787635551, 25.260181349376076 ], [ 79.466895993884506, 25.264638431395788 ], [ 79.456036877004991, 25.246011067491587 ], [ 79.446237246974704, 25.243465631862346 ], [ 79.434677000077983, 25.220249843678669 ], [ 79.450071592146358, 25.216167517693091 ], [ 79.450360548023326, 25.207775648954588 ], [ 79.439786119488545, 25.197998495045518 ], [ 79.417200743967044, 25.203965405943368 ], [ 79.411495878250264, 25.184803567652615 ], [ 79.391459619541109, 25.165509762186161 ], [ 79.387802679895671, 25.144364010580613 ], [ 79.396837002364748, 25.11584585293631 ], [ 79.406700844068013, 25.108738004269192 ], [ 79.422527191174424, 25.118272867755415 ], [ 79.42269996985813, 25.134362716135975 ], [ 79.438735169810613, 25.130668109543961 ], [ 79.442834000723735, 25.121815587250268 ], [ 79.438642298690255, 25.102797506889857 ], [ 79.476004448832086, 25.12974239177343 ], [ 79.468107661768869, 25.091654428599508 ], [ 79.497461137543795, 25.078091096714626 ], [ 79.507769452822359, 25.094535913944686 ], [ 79.524848086311209, 25.097130101098845 ], [ 79.521412430334905, 25.121040543923449 ], [ 79.558031647520082, 25.16470099996085 ], [ 79.573233277589367, 25.172848969340937 ], [ 79.581678441983911, 25.154769504157663 ], [ 79.597404367904431, 25.14261389436075 ], [ 79.610516754828424, 25.150099286782943 ], [ 79.605579370037091, 25.126785192686665 ], [ 79.627753610278361, 25.138018008937351 ], [ 79.645567250652931, 25.126449290879741 ], [ 79.67390455110322, 25.122504852602784 ], [ 79.684356339057175, 25.132383398318069 ], [ 79.725537446624386, 25.129228455869541 ], [ 79.753426264443618, 25.13929565109445 ], [ 79.776992435559393, 25.120696988253307 ], [ 79.826507995888093, 25.105628636062352 ], [ 79.839098265685905, 25.093605773284651 ], [ 79.863712553779493, 25.094002255131993 ], [ 79.850490933918024, 25.111809954704437 ], [ 79.855494459308758, 25.128865828635387 ], [ 79.879963624094856, 25.145774302992074 ], [ 79.8684582640348, 25.151518350401556 ], [ 79.870487854999496, 25.172416416918598 ], [ 79.859735966210366, 25.198893043410806 ], [ 79.870951195763183, 25.21459771197452 ], [ 79.855074242018944, 25.227802280395871 ], [ 79.855055319626302, 25.2355897880927 ], [ 79.868895380694426, 25.238386636034953 ], [ 79.880398146256809, 25.249177371687136 ], [ 79.901558990481973, 25.241621100814818 ], [ 79.910352076762692, 25.252318111596153 ], [ 79.921412411396489, 25.228871924153207 ], [ 79.928967859142816, 25.246123571897893 ], [ 79.940534714037014, 25.245744127516573 ], [ 79.941313343097619, 25.258431234836628 ], [ 79.950567160622526, 25.267289623158053 ], [ 79.957210371437696, 25.260721578468967 ], [ 80.004740196213703, 25.264094112809353 ], [ 79.999281131231967, 25.27858734555096 ], [ 80.020692087485898, 25.297145197695542 ], [ 80.017956280866983, 25.320150493303558 ], [ 80.028834970266118, 25.33855350752825 ], [ 80.078138314100656, 25.338520399230234 ], [ 80.091421520882548, 25.351249918970542 ], [ 80.131440376251717, 25.333886610040484 ], [ 80.145278160995645, 25.351183516103237 ], [ 80.167307046979701, 25.361654434784583 ], [ 80.167354940181113, 25.373088619172247 ], [ 80.196087843072434, 25.379113730049163 ], [ 80.20215536779493, 25.411659297031488 ], [ 80.219586556976139, 25.399398549781282 ], [ 80.234820023854255, 25.406097664002893 ], [ 80.253425719077057, 25.400361706415197 ], [ 80.264128143293078, 25.424166690553037 ], [ 80.281987117900869, 25.420508832087336 ], [ 80.318992050801711, 25.382842261718604 ], [ 80.321489926065638, 25.367792466404854 ], [ 80.310853470040072, 25.353823307492316 ], [ 80.31996383142986, 25.329776188198014 ], [ 80.312203918500543, 25.284483863986278 ], [ 80.320190870222163, 25.277759446175452 ], [ 80.349151884209974, 25.274222087633976 ], [ 80.365884476953426, 25.246791681603966 ], [ 80.386198593065473, 25.233197105126369 ], [ 80.398880141269672, 25.241373609618723 ], [ 80.407234330155376, 25.238661693125117 ], [ 80.409825846649866, 25.21665912351699 ], [ 80.431822401033529, 25.169905353197226 ], [ 80.423604458556895, 25.161058582488728 ], [ 80.394875157081714, 25.158635277407917 ], [ 80.359377015856325, 25.140644403963584 ], [ 80.355603896131427, 25.125772267474623 ], [ 80.376875149629257, 25.111137936095172 ], [ 80.350046114167512, 25.089256738041051 ], [ 80.34515678182872, 25.06711853156839 ], [ 80.354012894600359, 25.061356338946979 ], [ 80.353071418958606, 25.054368933942143 ], [ 80.335061595431668, 25.057389388485412 ], [ 80.311396972184355, 25.043100635709067 ], [ 80.289559195509383, 25.055824244821391 ], [ 80.274898679875989, 25.026035102996808 ], [ 80.286471836315627, 25.017461708944666 ], [ 80.297170642306199, 25.01695353856655 ], [ 80.324109964236257, 24.999046535219712 ], [ 80.336940728425446, 25.001286094952388 ], [ 80.345976244492419, 25.016785336738941 ], [ 80.355936269012901, 25.012325426051738 ], [ 80.366847607247777, 25.021931779955203 ], [ 80.375828284150003, 25.021281888257658 ], [ 80.380834714420374, 25.00420841831577 ], [ 80.390191596482779, 25.005614346740728 ], [ 80.397158445068612, 25.010795787047062 ], [ 80.379777912464689, 25.028614055828328 ], [ 80.38821683523291, 25.037458518653249 ], [ 80.37209122631532, 25.043558011006674 ], [ 80.373792888743026, 25.053583745340234 ], [ 80.387287465539288, 25.051792244384828 ], [ 80.402186704386239, 25.067855356504186 ], [ 80.413304697050762, 25.05669148112149 ], [ 80.417980280058558, 25.0725659984661 ], [ 80.432558912216166, 25.067356826727718 ], [ 80.448785871676705, 25.077922653076211 ], [ 80.454038021695055, 25.06170730558086 ], [ 80.464009947550608, 25.06969602307543 ], [ 80.468060839026364, 25.065575767552957 ], [ 80.478242137231078, 25.040589522839785 ], [ 80.493905929316725, 25.043219240342637 ], [ 80.501741700396607, 25.037515942763534 ], [ 80.492922064698234, 25.029804601317228 ], [ 80.454354530143362, 25.041188584010143 ], [ 80.433644027557321, 25.026555242173597 ], [ 80.433512814899487, 25.019860509206232 ], [ 80.444003772115053, 25.022203599936148 ], [ 80.449536438972601, 25.010116133063978 ], [ 80.466246154987175, 25.000098666429384 ], [ 80.460324073843296, 24.982613133331366 ], [ 80.481318113876497, 24.976282025216857 ], [ 80.484789492688662, 24.989472940192126 ], [ 80.521470801479992, 25.0087118796258 ], [ 80.533692800023331, 25.001958866018281 ], [ 80.550304445247008, 25.002650920244751 ], [ 80.543859448008376, 25.017679771576891 ], [ 80.548478960289899, 25.031753362144958 ], [ 80.50226831875446, 25.041247572525702 ], [ 80.501252474877845, 25.050240529261526 ], [ 80.51021804253574, 25.063262902507674 ], [ 80.498689730661042, 25.074096732312587 ], [ 80.508089818179556, 25.08544689359853 ], [ 80.482579919073146, 25.097691693568517 ], [ 80.517623477200715, 25.096908711586249 ], [ 80.527114323346723, 25.077832131548679 ], [ 80.551536063644278, 25.063590602772045 ], [ 80.568111959995363, 25.070925267638611 ], [ 80.570568054005776, 25.08737173488462 ], [ 80.576166225379879, 25.08121068319856 ], [ 80.595709444603884, 25.081810986936713 ], [ 80.614914075992147, 25.068147970649068 ], [ 80.595941099006865, 25.105022597373111 ], [ 80.609615305535954, 25.118734158724887 ], [ 80.598932580197939, 25.127484444269438 ], [ 80.602780295271756, 25.151132551609741 ], [ 80.613981304396262, 25.145185424314377 ], [ 80.616512234103155, 25.128867603376715 ], [ 80.633127848279244, 25.133589764368054 ], [ 80.640562405139164, 25.119221328910388 ], [ 80.627399373026861, 25.116140777508008 ], [ 80.621458406708697, 25.102480366392022 ], [ 80.609510212367852, 25.100348433405038 ], [ 80.628192529858097, 25.085546627069608 ], [ 80.64339377318511, 25.093523199423135 ], [ 80.658694175866103, 25.083511932272064 ], [ 80.664459458169119, 25.070442500111344 ], [ 80.676454323584267, 25.082744852137022 ], [ 80.687431640873697, 25.077828789189745 ], [ 80.679957918010544, 25.063348803508088 ], [ 80.681709965332971, 25.050199454881533 ], [ 80.735365383356154, 25.067873119717987 ], [ 80.741754927520716, 25.058505468768253 ], [ 80.784112069917086, 25.05778561313592 ], [ 80.789565182021093, 25.065645140920999 ], [ 80.784179281371095, 25.080369830109795 ], [ 80.759316413693767, 25.087177335153889 ], [ 80.753969076298205, 25.095438142040603 ], [ 80.733429832035711, 25.093983364969844 ], [ 80.727203576787957, 25.10003566875459 ], [ 80.733567173626142, 25.118886714879714 ], [ 80.725519330943001, 25.124915259983592 ], [ 80.709084390934933, 25.124024822036155 ], [ 80.707850262624447, 25.133109594301597 ], [ 80.731280222675636, 25.144756305567512 ], [ 80.746305502905244, 25.130599896297408 ], [ 80.782254111979327, 25.142633736993087 ], [ 80.790385064081576, 25.133112878578753 ], [ 80.807825635289305, 25.142454058068715 ], [ 80.816513229654305, 25.136868980818264 ], [ 80.81784180733429, 25.126751769329864 ], [ 80.826884032932554, 25.126609381005629 ], [ 80.835934388803963, 25.106388583426721 ], [ 80.846012163804616, 25.123587764426954 ], [ 80.840356823905751, 25.137473249666034 ], [ 80.850576641338066, 25.167245966577436 ], [ 80.844577708711796, 25.188697741101816 ], [ 80.872464142165612, 25.183903561659047 ], [ 80.886357835518481, 25.191644701186149 ], [ 80.894447481481777, 25.173237798476997 ], [ 80.913204458575564, 25.15640399892261 ], [ 80.896710303414338, 25.137341122219819 ], [ 80.883685913873421, 25.140516037467787 ], [ 80.873228543518991, 25.11974509369659 ], [ 80.881229129534361, 25.098694315290977 ], [ 80.872469138023234, 25.084288365124536 ], [ 80.883310146551963, 25.075686033138954 ], [ 80.878864938677921, 25.067202703134242 ], [ 80.84933531318265, 25.047422733611363 ], [ 80.843407621131036, 25.035832436795523 ], [ 80.834862813928112, 25.035335648343153 ], [ 80.858425200683982, 24.999339226464961 ], [ 80.856338578897663, 24.994344889415874 ], [ 80.844535790844077, 24.982296587240967 ], [ 80.832858608102029, 24.982256352015778 ], [ 80.826781050741502, 24.969835064928333 ], [ 80.798102632297471, 24.967967294227105 ], [ 80.81102542064562, 24.953144440933066 ], [ 80.810313132683305, 24.94068258103135 ], [ 80.843020842630793, 24.930783229119832 ], [ 80.883131485389512, 24.936999168154422 ], [ 80.892967725744796, 24.945161793213728 ], [ 80.908183298306042, 24.935871167414074 ], [ 80.901446260749083, 24.946742127400622 ], [ 80.905433750112934, 24.952993020446556 ], [ 80.944993750398595, 24.968791585499559 ], [ 80.953017944128575, 24.964307133968269 ], [ 80.952008403878651, 24.947009703563225 ], [ 80.96037228231657, 24.939212950519327 ], [ 80.96336892571729, 24.922063092328948 ], [ 80.980411693331092, 24.935940761963444 ], [ 80.987453252173594, 24.934432090291761 ], [ 80.989173122524093, 24.926008522175383 ], [ 81.008174987742336, 24.936572289566747 ], [ 81.024956142627275, 24.928843423681975 ], [ 81.029314060279802, 24.934644553323501 ], [ 81.017700240885333, 24.95067420064391 ], [ 81.027416523449148, 24.941371117789156 ], [ 81.034863276981596, 24.951333586350973 ], [ 81.08462044866809, 24.948663113123096 ], [ 81.097680791967989, 24.920925628869906 ], [ 81.140614126621827, 24.888579590030304 ], [ 81.148265858339883, 24.912927860215035 ], [ 81.16051330175668, 24.912774202328578 ], [ 81.169648035346881, 24.95497097144866 ], [ 81.184809731518712, 24.951442167952596 ], [ 81.207171015271783, 24.931267534236451 ], [ 81.192634981875614, 24.925732092802729 ], [ 81.207703465629422, 24.923462966331535 ], [ 81.220812921355417, 24.931042963153644 ], [ 81.214220927144893, 24.93575119882167 ], [ 81.208244995505936, 24.963330563538925 ], [ 81.220972719739549, 24.978133710072388 ], [ 81.209956078587567, 24.992181969535455 ], [ 81.238957961427232, 25.014551856521898 ], [ 81.269891491159527, 25.064891993196664 ], [ 81.261350531824846, 25.075456923178557 ], [ 81.267459403055284, 25.083715556394694 ], [ 81.254030322619741, 25.101935691851796 ], [ 81.266300146512151, 25.113235139816624 ], [ 81.269825538284337, 25.140711341481826 ], [ 81.283155313176181, 25.149777371883225 ], [ 81.277512268662164, 25.164083876925815 ], [ 81.314786230122067, 25.162356404606417 ], [ 81.312670464171148, 25.141691029230739 ], [ 81.323029035138973, 25.112709937476485 ], [ 81.331360225658571, 25.114817969642814 ], [ 81.319347941338066, 25.145355791236184 ], [ 81.321354067165245, 25.159927692341707 ], [ 81.33834018434932, 25.168874842080104 ], [ 81.344441736709641, 25.162743824707764 ], [ 81.357810174348913, 25.163757161104453 ], [ 81.37287331415267, 25.134305792505391 ], [ 81.394898438720446, 25.13040572904643 ], [ 81.399609627439474, 25.119608248077292 ], [ 81.414614308993748, 25.119886082268852 ], [ 81.40859008691686, 25.130265626552578 ], [ 81.43860685641701, 25.130120717237432 ], [ 81.446724295369449, 25.106960733150352 ], [ 81.409217190830915, 25.10427114073525 ], [ 81.467212907728381, 25.089540715381744 ], [ 81.466651572402426, 25.083334111790105 ], [ 81.4920813266056, 25.071534745546444 ], [ 81.494806024855507, 25.080684834196379 ], [ 81.502991423636004, 25.078695226951119 ], [ 81.502641924417517, 25.098266558784474 ], [ 81.515957630749838, 25.103391118577555 ], [ 81.490103975964374, 25.113874898506197 ], [ 81.481266985286425, 25.133647001578215 ], [ 81.498006548235495, 25.130765441542053 ], [ 81.503831745596472, 25.148874845320297 ], [ 81.533063046071575, 25.140192234744763 ], [ 81.527145205124896, 25.148375029231289 ], [ 81.538442244781734, 25.159881132832354 ], [ 81.516251826275195, 25.172765152660144 ], [ 81.518023347003847, 25.183539362720197 ], [ 81.557481301548691, 25.183115293026209 ], [ 81.574851776792897, 25.192285878705665 ], [ 81.596459707157976, 25.180350096696593 ], [ 81.590214688181604, 25.164840168322353 ], [ 81.613924026464559, 25.162221975051931 ], [ 81.618420577879832, 25.17024179318317 ], [ 81.627423834290056, 25.156262382521973 ], [ 81.623494961741542, 25.140558925542773 ], [ 81.618440691618261, 25.143785686000985 ], [ 81.600532590644704, 25.132998178907911 ], [ 81.599420133059837, 25.119619314199074 ], [ 81.610702660197774, 25.114151167920188 ], [ 81.609621118485009, 25.096861498889723 ], [ 81.625156956513194, 25.119268300207704 ], [ 81.633464622115355, 25.117107154935525 ], [ 81.631044502369008, 25.107905701833193 ], [ 81.640348988886288, 25.099945167274058 ], [ 81.602172727466154, 25.076470806042991 ], [ 81.61807873909143, 25.061393119287441 ], [ 81.612722410795286, 25.057439646053034 ], [ 81.630268839855646, 25.053635258206729 ], [ 81.667070198153397, 25.076447904622032 ], [ 81.670593176798931, 25.061882111210089 ], [ 81.684207060919178, 25.062731077810295 ], [ 81.691444429686541, 25.053530739731158 ], [ 81.690255106743621, 25.040546322539367 ], [ 81.713722225170699, 25.03469964776221 ], [ 81.721750011066007, 25.03685922949564 ], [ 81.724765591426205, 25.049754058443956 ], [ 81.740760672822532, 25.045519304136064 ], [ 81.746572406172348, 25.035890369547861 ], [ 81.797567360608269, 25.007032004536033 ], [ 81.837735337195966, 25.016238493058456 ], [ 81.854653570604526, 25.004046843525781 ], [ 81.889735239894293, 24.996463602710325 ], [ 81.894488929829336, 24.989801748960865 ], [ 81.902359791872442, 25.000440427540479 ], [ 81.897685443948802, 25.010075373815898 ], [ 81.906810743699367, 25.006591049067168 ], [ 81.902836773956139, 24.984393645165579 ], [ 81.909971676105215, 24.979831048269478 ], [ 81.912434172728553, 24.939316876512379 ], [ 81.920346145075428, 24.927988210606838 ], [ 81.904726526585506, 24.889605207338064 ], [ 81.936651076387022, 24.870197159713861 ], [ 81.93498286972239, 24.857942139878048 ], [ 81.967404650623294, 24.827819490228102 ], [ 81.976320905272416, 24.84106824977416 ], [ 82.013148806231328, 24.847910174872155 ], [ 82.032550155015159, 24.841878237920671 ], [ 82.04546289129226, 24.830228009412398 ], [ 82.090127820304474, 24.819427533546094 ], [ 82.112991843683687, 24.802949555835323 ], [ 82.120423990979091, 24.789631954389115 ], [ 82.13459909522021, 24.791321885288074 ], [ 82.140478743306645, 24.801859508258204 ], [ 82.167626874962565, 24.789669121786865 ], [ 82.181588705287851, 24.79837192305061 ], [ 82.171054120540703, 24.802380941830215 ], [ 82.204220794742383, 24.821924287300867 ], [ 82.187250253158481, 24.802067041716203 ], [ 82.196794860465573, 24.795647035700561 ], [ 82.216957503921279, 24.795216018644748 ], [ 82.213155531514161, 24.78296633214476 ], [ 82.217695927316015, 24.778955500791309 ], [ 82.19758708505853, 24.779728880558551 ], [ 82.203881548089839, 24.761222931857969 ], [ 82.199701927519015, 24.750640285322941 ], [ 82.181088308168242, 24.737046246973691 ], [ 82.210819367519619, 24.738305843719683 ], [ 82.221938493207901, 24.726191477289369 ], [ 82.221586484737387, 24.741717029720114 ], [ 82.207695188568124, 24.749561547835043 ], [ 82.217387949858391, 24.756996276351884 ], [ 82.231014007276983, 24.749251452508048 ], [ 82.229146131267001, 24.764538686495971 ], [ 82.246569837919907, 24.751926294438316 ], [ 82.251874254195016, 24.773248727908324 ], [ 82.257833164549282, 24.753895856232067 ], [ 82.249634292224073, 24.736002062748703 ], [ 82.25123618555709, 24.699336468849555 ], [ 82.2368422179199, 24.688336979511575 ], [ 82.238093157488379, 24.667243057950088 ], [ 82.243263504104007, 24.66351444689947 ], [ 82.243677681393464, 24.673983054046392 ], [ 82.256140417220749, 24.67318880866846 ], [ 82.261209534334839, 24.663715008980699 ], [ 82.274900497549396, 24.676030246646068 ], [ 82.266514469514092, 24.679698998510453 ], [ 82.271549313661751, 24.684017301552014 ], [ 82.286675722057737, 24.678512731082957 ], [ 82.289899624514561, 24.669380689889714 ], [ 82.304577459659498, 24.667667904152832 ], [ 82.300049854033617, 24.6624382983189 ], [ 82.306236228354066, 24.654221625456358 ], [ 82.302045454021069, 24.611452584204002 ], [ 82.317534057302538, 24.610667934935083 ], [ 82.337897082721142, 24.62148907327137 ], [ 82.354081528285647, 24.616553190551254 ], [ 82.368959105157842, 24.599779322512187 ], [ 82.417289964865162, 24.59566059557423 ], [ 82.422693644829721, 24.604227457728957 ], [ 82.413805746543176, 24.615318525468794 ], [ 82.411651189669286, 24.633942492594823 ], [ 82.419932157910949, 24.655612079932219 ], [ 82.409766054859233, 24.681530198821214 ], [ 82.428322587611049, 24.702969068808013 ], [ 82.440479381492679, 24.704013426461319 ], [ 82.456551903889022, 24.688377558666563 ], [ 82.45699981292789, 24.675671678396348 ], [ 82.484825413818783, 24.681358769372046 ], [ 82.494909545207094, 24.673306346174236 ], [ 82.526571387945964, 24.676168088263321 ], [ 82.537405771272589, 24.649832520728125 ], [ 82.582110664531498, 24.66089600546125 ], [ 82.595770322277772, 24.671625162107667 ], [ 82.644583031046167, 24.685764692538111 ], [ 82.666075689928704, 24.698323827802803 ], [ 82.704076206071363, 24.673709707556238 ], [ 82.703280076502836, 24.642279408972819 ], [ 82.770887688893225, 24.643742697796778 ], [ 82.775977062052547, 24.608727484489798 ], [ 82.768159722962068, 24.597938998107061 ], [ 82.804461493399572, 24.5979087696257 ], [ 82.808830145168059, 24.550891124144538 ], [ 82.754091686439466, 24.539695540862724 ], [ 82.749265603832811, 24.552748617464587 ], [ 82.720592272923056, 24.554358259039329 ], [ 82.723673296462522, 24.511480023635993 ], [ 82.744589963182577, 24.49798506697686 ], [ 82.731784220446414, 24.474564996913262 ], [ 82.738620633336083, 24.468574691199766 ], [ 82.733052333556429, 24.443004121908224 ], [ 82.7407005535091, 24.431033685387867 ], [ 82.733712599302905, 24.424556928818994 ], [ 82.728191699659959, 24.427961176796437 ], [ 82.715124113927914, 24.383502119411926 ], [ 82.726474536586039, 24.369571815625552 ], [ 82.754741973371779, 24.37089167927159 ], [ 82.762412947181375, 24.377887136128319 ], [ 82.76854904109301, 24.371428908942654 ], [ 82.772047970831295, 24.290912198993595 ], [ 82.758500989667979, 24.266634190947876 ], [ 82.757823496076881, 24.234673412770793 ], [ 82.734900637970441, 24.221792955630988 ], [ 82.744015351115237, 24.166958672805212 ], [ 82.73094160254611, 24.155425686591251 ], [ 82.728212006800689, 24.137629314762712 ], [ 82.696217697469308, 24.142834207293081 ], [ 82.687292952411852, 24.15530702534798 ], [ 82.678721081716503, 24.15703865195411 ], [ 82.665268928917456, 24.133386166345211 ], [ 82.671377564149125, 24.122529332341507 ], [ 82.709197291083569, 24.095727691396565 ], [ 82.716240343137059, 24.079459841511532 ], [ 82.734106154106641, 24.081272395637818 ], [ 82.749287289742369, 24.073812476358974 ], [ 82.75586892298567, 24.079259795269511 ], [ 82.762736104451164, 24.07197979431572 ], [ 82.774081080357291, 24.076610586244232 ], [ 82.763573269311664, 24.042378518428414 ], [ 82.747730939941519, 24.029830642537767 ], [ 82.749797652075827, 24.020196287375203 ], [ 82.760141019365676, 24.007253963064546 ], [ 82.805050943964574, 24.004005271327109 ], [ 82.809258931440752, 23.999930821303082 ], [ 82.806655184792064, 23.969793105661477 ], [ 82.815531994376371, 23.961983259447845 ], [ 82.80456082637842, 23.960337635958346 ], [ 82.782615167221905, 23.93749463888652 ], [ 82.761527704045122, 23.934799636926844 ], [ 82.755857021289472, 23.921207871739213 ], [ 82.709698891642773, 23.923815447262957 ], [ 82.684860609901719, 23.908686813984648 ], [ 82.664266135634534, 23.906722918711484 ], [ 82.653880553104216, 23.887604854249847 ], [ 82.667288355903352, 23.873475716834783 ], [ 82.661104378510885, 23.856704969118223 ], [ 82.651282029784085, 23.858533129873113 ], [ 82.637251981464175, 23.837927352201202 ], [ 82.613642568165645, 23.835069239031746 ], [ 82.59371522478024, 23.821765011545143 ], [ 82.535081608871025, 23.822931052475845 ], [ 82.551714769115023, 23.801719498022312 ], [ 82.547982881905796, 23.790109732699399 ], [ 82.504376419428525, 23.783932917103833 ], [ 82.49280934598535, 23.787239419177897 ], [ 82.490422231421206, 23.796364305472419 ], [ 82.432636910808711, 23.696324045980941 ], [ 82.325600492902979, 23.62976195524579 ], [ 82.194545357213528, 23.29423495910207 ], [ 82.197012487052802, 23.28385434455253 ], [ 82.191750642466275, 23.274531239427308 ], [ 82.177374107168873, 23.269448419813948 ], [ 82.150010139242113, 23.226996653743679 ], [ 82.154193260657763, 23.208768798081817 ], [ 82.14520318259234, 23.187475743035396 ], [ 82.14924177132778, 23.174110579187474 ], [ 82.144847141997133, 23.164345604413256 ], [ 82.161272979702304, 23.157431772735691 ], [ 82.158572986926004, 23.14116175242674 ], [ 82.140280600481205, 23.131040413623133 ], [ 82.135748733543892, 23.111558567209002 ], [ 82.123375958794909, 23.103244839571584 ], [ 82.074641438725934, 23.116206739160916 ], [ 82.031581022025691, 23.079506576465249 ], [ 82.009674263352039, 23.077778012110993 ], [ 81.989655853795995, 23.085595024408104 ], [ 81.976789189547276, 23.078714989144149 ], [ 81.945583179566015, 23.077122997529226 ], [ 81.925897366424522, 23.040325777248317 ], [ 81.944689709100288, 23.008896789806794 ], [ 81.947703956072331, 22.956583483700815 ], [ 81.921317904006358, 22.947686651683661 ], [ 81.882041469085934, 22.912798077492372 ], [ 81.867448502469443, 22.914462950254435 ], [ 81.868541997097168, 22.893450284671786 ], [ 81.863763866603335, 22.890361694856658 ], [ 81.776818331560108, 22.872954399052748 ], [ 81.776725761773491, 22.850635122352042 ], [ 81.768260475589557, 22.83382616153644 ], [ 81.791685073747729, 22.766225602046358 ], [ 81.771353993811871, 22.746379634709598 ], [ 81.769885855909919, 22.734931859652104 ], [ 81.756506277835143, 22.732784959934932 ], [ 81.753989316288482, 22.726114721558968 ], [ 81.773352896612693, 22.675831602160088 ], [ 81.756293079452746, 22.645825899104523 ], [ 81.747896284609553, 22.647801403982289 ], [ 81.744303928639937, 22.668750631931143 ], [ 81.730307726141731, 22.675890889365938 ], [ 81.714389506454424, 22.649334527225022 ], [ 81.685949301660457, 22.64855034624615 ], [ 81.663890149300983, 22.631679884076576 ], [ 81.662150882400468, 22.621281930474648 ], [ 81.648729044963702, 22.607236016803622 ], [ 81.647465776941758, 22.586277878581573 ], [ 81.656019726061984, 22.568709820012657 ], [ 81.645252253517711, 22.561863326020696 ], [ 81.630890269629447, 22.564018825406386 ], [ 81.629213138357443, 22.543592496603541 ], [ 81.623118702639047, 22.538789097109696 ], [ 81.607080847776345, 22.535472322102866 ], [ 81.570375754955805, 22.550711696799979 ], [ 81.564730028640199, 22.546589599636491 ], [ 81.570094783007306, 22.533907594664459 ], [ 81.564241885696404, 22.531882443665317 ], [ 81.549532392849017, 22.529630096189706 ], [ 81.526370323196787, 22.539660053655304 ], [ 81.519265135047092, 22.523221439538695 ], [ 81.510223359142756, 22.526470112886901 ], [ 81.500506720701338, 22.519303732686588 ], [ 81.487132285484051, 22.493015701564001 ], [ 81.445342974900214, 22.493606197969026 ], [ 81.45151448442401, 22.486703614839147 ], [ 81.446355162365109, 22.479154176521867 ], [ 81.450609931896537, 22.471243136778099 ], [ 81.457579083172348, 22.47227199057993 ], [ 81.455312171103358, 22.467098258165681 ], [ 81.443238052492063, 22.469188782580776 ], [ 81.439048927332706, 22.480167408672628 ], [ 81.431702963139472, 22.478915645131551 ], [ 81.424859682596235, 22.473310411803737 ], [ 81.426194168027621, 22.453924854230284 ], [ 81.40379597597412, 22.441022146096977 ], [ 81.393440260686532, 22.450841051100777 ], [ 81.38599326210668, 22.504896637543109 ], [ 81.373762127481896, 22.513932667011144 ], [ 81.35521068041362, 22.513643833155502 ], [ 81.33019264987017, 22.523848890937451 ], [ 81.322059238581687, 22.515423503350728 ], [ 81.323147591618195, 22.489261603281495 ], [ 81.311209282684473, 22.481308513475174 ], [ 81.28271427749732, 22.498936405239458 ], [ 81.267686160449315, 22.493064008460301 ], [ 81.262731527550756, 22.472001329279838 ], [ 81.247609402743805, 22.458704103858857 ], [ 81.225602861441871, 22.451163060375567 ], [ 81.201378596635109, 22.461561253573255 ], [ 81.199846433612763, 22.481929151592773 ], [ 81.187265191033475, 22.489578499499391 ], [ 81.171265153932609, 22.481335519137431 ], [ 81.155273619705071, 22.455299396769156 ], [ 81.117173987941811, 22.440544539670217 ], [ 81.108116833288989, 22.382742611857797 ], [ 81.122814011181347, 22.343662507248254 ], [ 81.116418191033091, 22.329224629804656 ], [ 81.120988869880776, 22.29402454065384 ], [ 81.103979228380652, 22.27710516848186 ], [ 81.091805263997557, 22.246428704705149 ], [ 81.079724631626192, 22.241412540854103 ], [ 81.076369380109256, 22.245931663059256 ], [ 81.055990406885911, 22.243844877539455 ], [ 81.026560272592164, 22.2288355055259 ], [ 81.022885172056604, 22.213777612463545 ], [ 81.032884033138387, 22.197388638853145 ], [ 81.032216179785337, 22.188527250195826 ], [ 81.018797749604033, 22.183708819092296 ], [ 81.026164624421625, 22.164992872785383 ], [ 81.022886663674328, 22.132493498309227 ], [ 80.993779918681426, 22.130625370648602 ], [ 80.978840334834416, 22.121238035385645 ], [ 80.979341903745748, 22.111655708470483 ], [ 80.99432860490333, 22.110432410654258 ], [ 81.010774989351461, 22.096712035912923 ], [ 81.004502663065011, 22.0807075111573 ], [ 81.011351222861947, 22.06987925346051 ], [ 80.994833879488411, 22.048357023589702 ], [ 80.985917298487422, 22.048178457601974 ], [ 80.970471735303605, 22.058190897097763 ], [ 80.972589716589752, 22.081793092545674 ], [ 80.95758576984592, 22.11274097253985 ], [ 80.931854442727612, 22.120379475462332 ], [ 80.913140831885855, 22.114141349739896 ], [ 80.898262855123562, 22.065718954672793 ], [ 80.883652567660604, 22.056562286502217 ], [ 80.875618302623522, 22.01101710642601 ], [ 80.85278712083732, 21.960765275867036 ], [ 80.825446234800552, 21.956634323261785 ], [ 80.830385022525476, 21.947180854374501 ], [ 80.8403794569182, 21.946513388706784 ], [ 80.843553137521056, 21.935545858006456 ], [ 80.831530709108961, 21.908350969313354 ], [ 80.831057627994781, 21.889303332802761 ], [ 80.846577221530765, 21.875384077934658 ], [ 80.848173705615054, 21.856460995528991 ], [ 80.838678590877308, 21.846206775107667 ], [ 80.844660233281658, 21.829903675425154 ], [ 80.81854295006805, 21.764100376576945 ], [ 80.818167145663665, 21.747637821034971 ], [ 80.789686210230272, 21.739698950606297 ], [ 80.769051412010384, 21.758005109324692 ], [ 80.749905671306252, 21.758023244336993 ], [ 80.725458307585441, 21.711952974391902 ], [ 80.732032020342416, 21.69842087940031 ], [ 80.714430602633144, 21.664252295189385 ], [ 80.719280747420427, 21.646336754829459 ], [ 80.727417358382681, 21.640883500184913 ], [ 80.729380862286689, 21.622997872998415 ], [ 80.71632459280255, 21.604241163149752 ], [ 80.716157245474662, 21.587026571391753 ], [ 80.726470303034574, 21.571809783892409 ], [ 80.720472824210958, 21.556038538260392 ], [ 80.737588231479137, 21.539090513420927 ], [ 80.728902499980876, 21.496075699813581 ], [ 80.737164317944334, 21.47252867503623 ], [ 80.728128744531503, 21.449896814736096 ], [ 80.704448446841781, 21.427709004226219 ], [ 80.698541201543136, 21.388738488704568 ], [ 80.663424023699093, 21.331383496326399 ], [ 80.679637976955348, 21.311927097129981 ], [ 80.679836426087832, 21.298972232583299 ], [ 80.661699986196211, 21.290180314056073 ], [ 80.642190208863738, 21.250858780471528 ], [ 80.610301349060208, 21.228135259951205 ], [ 80.588407724737294, 21.222474029388096 ], [ 80.557471191135292, 21.201870740648737 ], [ 80.527565493134972, 21.204193913838729 ], [ 80.514447641774069, 21.183122814360559 ], [ 80.502302518201958, 21.18393221013725 ], [ 80.481705595804812, 21.172102788746486 ], [ 80.464079441873082, 21.173487804777594 ], [ 80.445426536404369, 21.122109509487967 ], [ 80.456114878361333, 21.11557717445989 ], [ 80.446283955861716, 21.112503838351603 ], [ 80.440082347196849, 21.097884125398334 ], [ 80.448786627760569, 21.081375840209319 ], [ 80.454125621972196, 21.037467970406983 ], [ 80.430532461590673, 21.010459790191707 ], [ 80.444867017110226, 20.993009699247768 ], [ 80.447490742687123, 20.966410410198474 ], [ 80.465886403672187, 20.929175038062514 ], [ 80.548697167694584, 20.935030863235923 ], [ 80.544973115373764, 20.927195148000653 ], [ 80.556618720444661, 20.890093723451781 ], [ 80.562753968514158, 20.820986087615157 ], [ 80.553220131632074, 20.804152153516721 ], [ 80.506451771589553, 20.807155423187826 ], [ 80.402856150104014, 20.783134809870685 ], [ 80.273263997792228, 20.680009550727942 ], [ 80.092261436348039, 20.661981318679818 ], [ 79.756104988333604, 20.704393007490513 ], [ 79.536356098618981, 20.685624173280122 ], [ 79.336242222717573, 20.630123232489296 ], [ 79.220258962180296, 20.574818872322361 ], [ 79.207341567468887, 20.574750990933754 ], [ 79.130156487388845, 20.525662006964044 ], [ 79.091668588743048, 20.488939488102911 ], [ 79.001397648134699, 20.476199510922832 ], [ 78.904941663065159, 20.432949853235172 ], [ 78.860353889087392, 20.365717410690586 ], [ 78.772264177876067, 20.255074013751436 ], [ 78.56906668421, 20.466604500073593 ], [ 78.419776124954836, 20.538091131608187 ], [ 78.263307405404831, 20.651935141357217 ], [ 78.124595105286929, 20.86320309487331 ], [ 78.096782470763287, 20.996721151183294 ], [ 78.094328707532796, 21.16708844259357 ], [ 78.007611130255782, 21.324210511049444 ], [ 77.908936586621948, 21.402001498743711 ], [ 77.772262753768942, 21.412214191741654 ], [ 77.616399663766629, 21.403738147211765 ], [ 77.440000426180717, 21.449540376488287 ], [ 77.274974871090961, 21.568403107645434 ], [ 77.146030276169526, 21.716738602451915 ], [ 77.235435446724011, 21.925573917351752 ], [ 77.166676463335861, 21.974476310849425 ], [ 76.968814269509338, 22.028027060564945 ], [ 76.784082919360529, 22.31655678068476 ], [ 76.604606023917839, 22.371113649725913 ], [ 76.426043163723449, 22.386498015923976 ], [ 76.320214123564426, 22.422950583151096 ], [ 76.179763009821002, 22.565682206944448 ], [ 76.069915677579445, 22.728589148205476 ], [ 76.011467884911013, 22.92203349828365 ], [ 76.005204951203524, 23.126594172727504 ], [ 76.084780696136249, 23.284643167539091 ], [ 76.123479519673253, 23.402619375074643 ], [ 76.110884688384957, 23.470542155940944 ], [ 76.012554531065646, 23.575247722620585 ], [ 75.956981392115878, 23.661531729829118 ], [ 75.953031335171588, 23.788168493697768 ], [ 76.020254710579664, 24.01415941393681 ], [ 76.205430310231733, 24.213821942769105 ], [ 76.438304274262649, 24.248642014508178 ], [ 76.69430491283596, 24.215373883139282 ], [ 76.88198710507622, 24.365502548192985 ], [ 76.910627228543333, 24.502532493373938 ], [ 76.916613118949684, 24.697574192668046 ], [ 76.933528405108973, 24.883074448907784 ], [ 76.993951212073398, 25.04017691047877 ], [ 77.164153096990617, 25.082367818919845 ], [ 77.322054199144631, 25.035485477860856 ], [ 77.354282890231005, 24.944136831155742 ], [ 77.425554602222249, 24.887484228022323 ], [ 77.519467915833161, 24.864660364372078 ], [ 77.582177872705799, 24.902195716280556 ], [ 77.625342719796379, 24.915045390840831 ], [ 77.642423858582887, 24.893991923014443 ], [ 77.729360519300243, 24.886159430644106 ], [ 77.758759284559261, 24.923128504765359 ], [ 77.908042475993696, 24.98307432554601 ], [ 77.961964191222364, 24.953346456201423 ], [ 77.980000447825347, 24.868326311686641 ], [ 78.030381284480811, 24.847662516421021 ], [ 78.171641922630542, 24.843284832959334 ], [ 78.193228548294044, 24.837924666944364 ], [ 78.215290111931949, 24.808213085639299 ], [ 78.232141927769305, 24.771737665879915 ], [ 78.226682139376265, 24.742555479582123 ], [ 78.257055706893865, 24.700789615838858 ], [ 78.274744095465039, 24.66235880731773 ], [ 78.262931506790167, 24.643890683458654 ], [ 78.276078658067007, 24.610663441540151 ], [ 78.26504079660566, 24.553519705502548 ], [ 78.230295421539893, 24.53667371502652 ], [ 78.222644890574529, 24.526981176074575 ], [ 78.22582439343438, 24.518124802161765 ], [ 78.246272910118918, 24.504944588647938 ], [ 78.245721299270173, 24.484833826142253 ], [ 78.275727255945554, 24.471571798042863 ], [ 78.266393477617143, 24.455409526119038 ], [ 78.27296597857611, 24.442784780285187 ], [ 78.367091465149585, 24.381267271124514 ], [ 78.368703718808334, 24.373631903372001 ], [ 78.33149142328331, 24.329880170974157 ], [ 78.350594845979074, 24.298831367148114 ], [ 78.367752453304732, 24.291656617674182 ], [ 78.388443178942467, 24.269501908235345 ], [ 78.413057920422318, 24.27258519514243 ], [ 78.417416551281164, 24.283151252593527 ], [ 78.440925179589826, 24.293231205036555 ], [ 78.439657493754495, 24.308960794306984 ], [ 78.446460588461989, 24.321074699676355 ], [ 78.474019793191147, 24.334889829280105 ], [ 78.481579614776564, 24.362954472041178 ], [ 78.49602517385145, 24.381559683852785 ], [ 78.511661706990651, 24.389467710163526 ], [ 78.558885299000877, 24.356184017497377 ], [ 78.584759054610899, 24.352644138078816 ], [ 78.608399896093289, 24.313900451643551 ], [ 78.629145441243978, 24.305469873195896 ], [ 78.623667092298945, 24.291743671183909 ], [ 78.62804452311093, 24.281892606301099 ], [ 78.640504734271602, 24.285003061644762 ], [ 78.660785483104661, 24.269399699495391 ], [ 78.675460192005175, 24.240703494357181 ], [ 78.705213857993172, 24.230180511184031 ], [ 78.72496415134691, 24.234857934473162 ], [ 78.738637574053868, 24.249518317483595 ], [ 78.743914144106995, 24.237811181630349 ], [ 78.752292288749061, 24.234985564577936 ], [ 78.766718751805215, 24.25420091674599 ], [ 78.772853219796914, 24.246298291188225 ], [ 78.766953816240431, 24.229576428450539 ], [ 78.79488411378955, 24.177144504904383 ], [ 78.812130694117258, 24.180089854153881 ], [ 78.819977256080236, 24.206052383150862 ], [ 78.830711508328804, 24.197082151106027 ], [ 78.845247829143446, 24.210452800716556 ], [ 78.880196126829077, 24.214721868420025 ], [ 78.887568667101675, 24.224670204415077 ], [ 78.885627432305938, 24.249768137794991 ], [ 78.918292990030665, 24.272254130792767 ], [ 78.914355873474534, 24.296960561049527 ], [ 78.973556950375396, 24.349374228798322 ], [ 78.980931932084502, 24.394309366558179 ], [ 78.993633447035606, 24.418900682930492 ], [ 78.988748786574135, 24.442879041196395 ], [ 78.951132865326059, 24.438888734552322 ], [ 78.937798332510852, 24.455588418428604 ], [ 78.915300010509029, 24.462360667804404 ], [ 78.907599714480014, 24.479152487210467 ], [ 78.924328231428561, 24.49807313534043 ], [ 78.937467933071147, 24.480125807162036 ], [ 78.955311840807198, 24.48178795526756 ], [ 78.973174397467886, 24.492538855160973 ], [ 78.950936553926823, 24.505077599748688 ], [ 78.946790884201079, 24.529630064920561 ], [ 78.951465237061598, 24.55173566193125 ], [ 78.919950313025893, 24.576793555895215 ], [ 78.911201986706516, 24.599781446054308 ], [ 78.87986992308582, 24.642379806194111 ], [ 78.869591999761525, 24.636554576134962 ], [ 78.859170124506605, 24.616384223719699 ], [ 78.851146087850722, 24.624427453949618 ], [ 78.842775644234166, 24.621013184175236 ], [ 78.83552500813893, 24.603256620814449 ], [ 78.808548044311507, 24.603271427889187 ], [ 78.800534796735235, 24.593674529066142 ], [ 78.783578646591067, 24.588532508384588 ], [ 78.756135296155676, 24.600398782691933 ], [ 78.746768064474679, 24.655341682854736 ], [ 78.761725654908275, 24.668944922921472 ], [ 78.766736419224515, 24.688924166282298 ], [ 78.779153487113533, 24.699489710558638 ], [ 78.771380071100609, 24.790279694232868 ], [ 78.787941795502419, 24.805793602695243 ], [ 78.774047343174033, 24.850913850846919 ], [ 78.753546692034007, 24.866077118524622 ], [ 78.741258020738982, 24.866212241992432 ], [ 78.725729104258207, 24.877865237691029 ], [ 78.709753003483144, 24.879228744141081 ], [ 78.703191093137249, 24.889856153893454 ], [ 78.675226334043813, 24.897580525238759 ], [ 78.660559700827434, 24.939359043690061 ], [ 78.647336561046544, 24.935499008151616 ], [ 78.649279912204207, 24.947788617068618 ], [ 78.628886155314831, 24.960026623877631 ], [ 78.65110689256808, 25.030330100893483 ], [ 78.648865547236355, 25.05654411265585 ], [ 78.627260249570753, 25.086628644743712 ], [ 78.604088967746264, 25.092890980711175 ], [ 78.600692678930429, 25.152375100799755 ], [ 78.568507024782392, 25.222383104018043 ], [ 78.575609472364405, 25.253524212763526 ], [ 78.571423556128053, 25.260115893328908 ], [ 78.535520914869082, 25.269409558807684 ], [ 78.527881300432412, 25.28292898488397 ], [ 78.512320740318287, 25.276437906286489 ], [ 78.503700103373504, 25.28873839993561 ], [ 78.460972975492965, 25.265485880027608 ], [ 78.442682387727828, 25.268124607079098 ], [ 78.434303542939873, 25.283539876333371 ], [ 78.44756748439039, 25.299018705613367 ], [ 78.474046959987604, 25.287883154126813 ], [ 78.476245652673299, 25.29818946060751 ], [ 78.49920517536971, 25.318690336957491 ], [ 78.507278889279235, 25.299002357104381 ], [ 78.532132212368381, 25.301402928202311 ], [ 78.548527726253027, 25.321472833891786 ], [ 78.538589029064354, 25.329712406024946 ], [ 78.532254855816831, 25.357856873897589 ], [ 78.542159433665688, 25.358850103604517 ], [ 78.563131486177156, 25.343470986257099 ], [ 78.583339543978795, 25.346791256547569 ], [ 78.584917467932598, 25.371978867303778 ], [ 78.577496884673437, 25.379615466607884 ], [ 78.564022193053205, 25.378985014357944 ], [ 78.568275523992611, 25.390523479705266 ], [ 78.595513732058976, 25.386943299038041 ], [ 78.610716590085303, 25.411896147462059 ], [ 78.635813305243829, 25.401294186725288 ], [ 78.644034922481538, 25.40894632631726 ], [ 78.640932823611891, 25.432874133751604 ], [ 78.659983912424025, 25.43881794678601 ], [ 78.682189561638211, 25.432960784899024 ], [ 78.693071905733206, 25.442611669306249 ], [ 78.708707759042852, 25.423691585804743 ], [ 78.676345028015405, 25.398722835977964 ], [ 78.663768539673285, 25.414962480888803 ], [ 78.65930856271217, 25.407979112912244 ], [ 78.665122375990521, 25.382831354942127 ], [ 78.676651006664585, 25.387755750832714 ], [ 78.678804356343306, 25.379413873357578 ], [ 78.694431011734423, 25.375493793704941 ], [ 78.700025454264789, 25.382600853385672 ], [ 78.716290303150615, 25.37362131389817 ], [ 78.71109968120544, 25.353532382049639 ], [ 78.72085131332031, 25.34787389982414 ], [ 78.742934402942666, 25.344084836492375 ], [ 78.77165051674973, 25.353294387998456 ], [ 78.768517111025076, 25.377038672683359 ], [ 78.760172421520494, 25.385205787487806 ], [ 78.76695244513769, 25.396938284305229 ], [ 78.761989597041591, 25.401096062826731 ], [ 78.748864281759495, 25.393447592986487 ], [ 78.750464486503802, 25.407550473211483 ], [ 78.820302895983602, 25.425291274145192 ], [ 78.79683740080074, 25.436869738881015 ], [ 78.772724393495764, 25.424880789014736 ], [ 78.762427078604659, 25.428690174845041 ], [ 78.755478445741147, 25.443274277981867 ], [ 78.732009250580475, 25.458128845757351 ], [ 78.739139146107647, 25.49544566953486 ], [ 78.74346905645865, 25.49912561889867 ], [ 78.75098410436857, 25.479694143929972 ], [ 78.763944522618061, 25.470968727761306 ], [ 78.796944230450492, 25.478329120766812 ], [ 78.837315736219438, 25.460532014892127 ], [ 78.853190826612547, 25.449246025461406 ], [ 78.844618638066265, 25.44282914724932 ], [ 78.821279348446581, 25.441155601760496 ], [ 78.841656939003386, 25.427320647186029 ], [ 78.861142528602556, 25.447159968158591 ], [ 78.864622578930067, 25.461988254672747 ], [ 78.853508273807108, 25.486214828751766 ], [ 78.834460045356053, 25.498523813730987 ], [ 78.835805095421804, 25.50479263437515 ], [ 78.841440629929892, 25.510808218320804 ], [ 78.883532751710135, 25.519124013098306 ], [ 78.876536131453079, 25.545958015232706 ], [ 78.893107306569121, 25.555568359311383 ] ] ] } },
{ "type": "Feature", "properties": { "objectid": 16, "ae_regcode": 11, "physio_reg": "EASTERN PLATEAU (CHHATTISGARH REGION)", "area_sqkm": 138311.00518499999, "shape_Leng": 2962870.9750299999, "shape_Area": 134079408417.0 }, "geometry": { "type": "Polygon", "coordinates": [ [ [ 81.981103500999396, 20.079782301394406 ], [ 81.821949101535708, 20.200839711943551 ], [ 81.787911250078736, 20.352067576428773 ], [ 81.757993166393277, 20.430271836303106 ], [ 81.671296056943547, 20.513986968090535 ], [ 81.557908642189489, 20.534675614892681 ], [ 81.361579720025603, 20.531725679970549 ], [ 81.273352014621594, 20.488709371872943 ], [ 81.143844841089603, 20.441099203090491 ], [ 81.014690723495875, 20.42743517081869 ], [ 80.854348883671861, 20.374919048348488 ], [ 80.781833981255986, 20.326665301042148 ], [ 80.623668507572987, 20.327908234763047 ], [ 80.60920084857878, 20.378503622614893 ], [ 80.597142085427137, 20.386390904471778 ], [ 80.592984252135921, 20.397632138772309 ], [ 80.610400082232488, 20.43523221694177 ], [ 80.601638068599883, 20.448364262245775 ], [ 80.610282678648048, 20.464352365562593 ], [ 80.620351098509431, 20.543377307237705 ], [ 80.616907147491887, 20.55811486137695 ], [ 80.626645550501266, 20.569093968928676 ], [ 80.619793630003699, 20.592309339803482 ], [ 80.629257523043407, 20.605584352843078 ], [ 80.592643361617462, 20.615811220197561 ], [ 80.574209204089954, 20.614055212935764 ], [ 80.558293526669104, 20.600731872754455 ], [ 80.518769733456097, 20.586743480494523 ], [ 80.506970820289325, 20.588476098220251 ], [ 80.488441853251388, 20.618640851422185 ], [ 80.491683754710877, 20.636699853176435 ], [ 80.514458094031383, 20.656105003345917 ], [ 80.559599134029781, 20.674627255025161 ], [ 80.579681077284519, 20.67584078215485 ], [ 80.587020653179053, 20.685181989343537 ], [ 80.581809900147618, 20.699941243521941 ], [ 80.567060014740775, 20.713249238442366 ], [ 80.55239891032285, 20.766750320311299 ], [ 80.550212584102553, 20.793129436699449 ], [ 80.562753968514158, 20.820986087615157 ], [ 80.556618720444661, 20.890093723451781 ], [ 80.544973115373764, 20.927195148000653 ], [ 80.548697167694584, 20.935030863235923 ], [ 80.465886403672187, 20.929175038062514 ], [ 80.447490742687123, 20.966410410198474 ], [ 80.444867017110226, 20.993009699247768 ], [ 80.430532461590673, 21.010459790191707 ], [ 80.454125621972196, 21.037467970406983 ], [ 80.448786627760569, 21.081375840209319 ], [ 80.440082347196849, 21.097884125398334 ], [ 80.446283955861716, 21.112503838351603 ], [ 80.456028914606648, 21.112686163680024 ], [ 80.445426536404369, 21.122109509487967 ], [ 80.464079441873082, 21.173487804777594 ], [ 80.481705595804812, 21.172102788746486 ], [ 80.502302518201958, 21.18393221013725 ], [ 80.514447641774069, 21.183122814360559 ], [ 80.527565493134972, 21.204193913838729 ], [ 80.557471191135292, 21.201870740648737 ], [ 80.588407724737294, 21.222474029388096 ], [ 80.610301349060208, 21.228135259951205 ], [ 80.642190208863738, 21.250858780471528 ], [ 80.661699986196211, 21.290180314056073 ], [ 80.679836426087832, 21.298972232583299 ], [ 80.679637976955348, 21.311927097129981 ], [ 80.663424023699093, 21.331383496326399 ], [ 80.698541201543136, 21.388738488704568 ], [ 80.704448446841781, 21.427709004226219 ], [ 80.728128744531503, 21.449896814736096 ], [ 80.737164317944334, 21.47252867503623 ], [ 80.728902499980876, 21.496075699813581 ], [ 80.737588231479137, 21.539090513420927 ], [ 80.720472824210958, 21.556038538260392 ], [ 80.726470303034574, 21.571809783892409 ], [ 80.716157245474662, 21.587026571391753 ], [ 80.71632459280255, 21.604241163149752 ], [ 80.729380862286689, 21.622997872998415 ], [ 80.727417358382681, 21.640883500184913 ], [ 80.719280747420427, 21.646336754829459 ], [ 80.714430602633144, 21.664252295189385 ], [ 80.732032020342416, 21.69842087940031 ], [ 80.725458307585441, 21.711952974391902 ], [ 80.749905671306252, 21.758023244336993 ], [ 80.769051412010384, 21.758005109324692 ], [ 80.789686210230272, 21.739698950606297 ], [ 80.818167145663665, 21.747637821034971 ], [ 80.81854295006805, 21.764100376576945 ], [ 80.844660233281658, 21.829903675425154 ], [ 80.838678590877308, 21.846206775107667 ], [ 80.848173705615054, 21.856460995528991 ], [ 80.846577221530765, 21.875384077934658 ], [ 80.831057627994781, 21.889303332802761 ], [ 80.831530709108961, 21.908350969313354 ], [ 80.843553137521056, 21.935545858006456 ], [ 80.8403794569182, 21.946513388706784 ], [ 80.830385022525476, 21.947180854374501 ], [ 80.825446234800552, 21.956634323261785 ], [ 80.85278712083732, 21.960765275867036 ], [ 80.875618302623522, 22.01101710642601 ], [ 80.883652567660604, 22.056562286502217 ], [ 80.898262855123562, 22.065718954672793 ], [ 80.913140831885855, 22.114141349739896 ], [ 80.931854442727612, 22.120379475462332 ], [ 80.95758576984592, 22.11274097253985 ], [ 80.972589716589752, 22.081793092545674 ], [ 80.970471735303605, 22.058190897097763 ], [ 80.985917298487422, 22.048178457601974 ], [ 80.994833879488411, 22.048357023589702 ], [ 81.011351222861947, 22.06987925346051 ], [ 81.004502663065011, 22.0807075111573 ], [ 81.010774989351461, 22.096712035912923 ], [ 80.99432860490333, 22.110432410654258 ], [ 80.979341903745748, 22.111655708470483 ], [ 80.978840334834416, 22.121238035385645 ], [ 80.993779918681426, 22.130625370648602 ], [ 81.022886663674328, 22.132493498309227 ], [ 81.026164624421625, 22.164992872785383 ], [ 81.018797749604033, 22.183708819092296 ], [ 81.032216179785337, 22.188527250195826 ], [ 81.032884033138387, 22.197388638853145 ], [ 81.022885172056604, 22.213777612463545 ], [ 81.026560272592164, 22.2288355055259 ], [ 81.055990406885911, 22.243844877539455 ], [ 81.076369380109256, 22.245931663059256 ], [ 81.079724631626192, 22.241412540854103 ], [ 81.091805263997557, 22.246428704705149 ], [ 81.103979228380652, 22.27710516848186 ], [ 81.120988869880776, 22.29402454065384 ], [ 81.116418191033091, 22.329224629804656 ], [ 81.122814011181347, 22.343662507248254 ], [ 81.108116833288989, 22.382742611857797 ], [ 81.117173987941811, 22.440544539670217 ], [ 81.155273619705071, 22.455299396769156 ], [ 81.171265153932609, 22.481335519137431 ], [ 81.187265191033475, 22.489578499499391 ], [ 81.199846433612763, 22.481929151592773 ], [ 81.201378596635109, 22.461561253573255 ], [ 81.225602861441871, 22.451163060375567 ], [ 81.247609402743805, 22.458704103858857 ], [ 81.262731527550756, 22.472001329279838 ], [ 81.267686160449315, 22.493064008460301 ], [ 81.28271427749732, 22.498936405239458 ], [ 81.311209282684473, 22.481308513475174 ], [ 81.323147591618195, 22.489261603281495 ], [ 81.322059238581687, 22.515423503350728 ], [ 81.33019264987017, 22.523848890937451 ], [ 81.35521068041362, 22.513643833155502 ], [ 81.373762127481896, 22.513932667011144 ], [ 81.38599326210668, 22.504896637543109 ], [ 81.393440260686532, 22.450841051100777 ], [ 81.40379597597412, 22.441022146096977 ], [ 81.426194168027621, 22.453924854230284 ], [ 81.424859682596235, 22.473310411803737 ], [ 81.431702963139472, 22.478915645131551 ], [ 81.439048927332706, 22.480167408672628 ], [ 81.443238052492063, 22.469188782580776 ], [ 81.455312171103358, 22.467098258165681 ], [ 81.457579083172348, 22.47227199057993 ], [ 81.450609931896537, 22.471243136778099 ], [ 81.446355162365109, 22.479154176521867 ], [ 81.45151448442401, 22.486703614839147 ], [ 81.445342974900214, 22.493606197969026 ], [ 81.487132285484051, 22.493015701564001 ], [ 81.500506720701338, 22.519303732686588 ], [ 81.510223359142756, 22.526470112886901 ], [ 81.519265135047092, 22.523221439538695 ], [ 81.526370323196787, 22.539660053655304 ], [ 81.549532392849017, 22.529630096189706 ], [ 81.564241885696404, 22.531882443665317 ], [ 81.570094783007306, 22.533907594664459 ], [ 81.564730028640199, 22.546589599636491 ], [ 81.570375754955805, 22.550711696799979 ], [ 81.607080847776345, 22.535472322102866 ], [ 81.623118702639047, 22.538789097109696 ], [ 81.629213138357443, 22.543592496603541 ], [ 81.630890269629447, 22.564018825406386 ], [ 81.645252253517711, 22.561863326020696 ], [ 81.656019726061984, 22.568709820012657 ], [ 81.647465776941758, 22.586277878581573 ], [ 81.648729044963702, 22.607236016803622 ], [ 81.662150882400468, 22.621281930474648 ], [ 81.663890149300983, 22.631679884076576 ], [ 81.685949301660457, 22.64855034624615 ], [ 81.714389506454424, 22.649334527225022 ], [ 81.730307726141731, 22.675890889365938 ], [ 81.744303928639937, 22.668750631931143 ], [ 81.747896284609553, 22.647801403982289 ], [ 81.756293079452746, 22.645825899104523 ], [ 81.773352896612693, 22.675831602160088 ], [ 81.753989316288482, 22.726114721558968 ], [ 81.756506277835143, 22.732784959934932 ], [ 81.769885855909919, 22.734931859652104 ], [ 81.771353993811871, 22.746379634709598 ], [ 81.791685073747729, 22.766225602046358 ], [ 81.768260475589557, 22.83382616153644 ], [ 81.776725761773491, 22.850635122352042 ], [ 81.776818331560108, 22.872954399052748 ], [ 81.863763866603335, 22.890361694856658 ], [ 81.868541997097168, 22.893450284671786 ], [ 81.867448502469443, 22.914462950254435 ], [ 81.882041469085934, 22.912798077492372 ], [ 81.921317904006358, 22.947686651683661 ], [ 81.947703956072331, 22.956583483700815 ], [ 81.944689709100288, 23.008896789806794 ], [ 81.925897366424522, 23.040325777248317 ], [ 81.945583179566015, 23.077122997529226 ], [ 81.976789189547276, 23.078714989144149 ], [ 81.989655853795995, 23.085595024408104 ], [ 82.009674263352039, 23.077778012110993 ], [ 82.031581022025691, 23.079506576465249 ], [ 82.074641438725934, 23.116206739160916 ], [ 82.123375958794909, 23.103244839571584 ], [ 82.135748733543892, 23.111558567209002 ], [ 82.140280600481205, 23.131040413623133 ], [ 82.158572986926004, 23.14116175242674 ], [ 82.161272979702304, 23.157431772735691 ], [ 82.144847141997133, 23.164345604413256 ], [ 82.14924177132778, 23.174110579187474 ], [ 82.14520318259234, 23.187475743035396 ], [ 82.154193260657763, 23.208768798081817 ], [ 82.150010139242113, 23.226996653743679 ], [ 82.177374107168873, 23.269448419813948 ], [ 82.191750642466275, 23.274531239427308 ], [ 82.197012487052802, 23.28385434455253 ], [ 82.194545357213528, 23.29423495910207 ], [ 82.325600492902979, 23.62976195524579 ], [ 82.432636910808711, 23.696324045980941 ], [ 82.490422231421206, 23.796364305472419 ], [ 82.49280934598535, 23.787239419177897 ], [ 82.504376419428525, 23.783932917103833 ], [ 82.547982881905796, 23.790109732699399 ], [ 82.551714769115023, 23.801719498022312 ], [ 82.535081608871025, 23.822931052475845 ], [ 82.59371522478024, 23.821765011545143 ], [ 82.613642568165645, 23.835069239031746 ], [ 82.637251981464175, 23.837927352201202 ], [ 82.651282029784085, 23.858533129873113 ], [ 82.661104378510885, 23.856704969118223 ], [ 82.667288355903352, 23.873475716834783 ], [ 82.653880553104216, 23.887604854249847 ], [ 82.664266135634534, 23.906722918711484 ], [ 82.684860609901719, 23.908686813984648 ], [ 82.709698891642773, 23.923815447262957 ], [ 82.755857021289472, 23.921207871739213 ], [ 82.761527704045122, 23.934799636926844 ], [ 82.782615167221905, 23.93749463888652 ], [ 82.80456082637842, 23.960337635958346 ], [ 82.815531994376371, 23.961983259447845 ], [ 82.806655184792064, 23.969793105661477 ], [ 82.809258931440752, 23.999930821303082 ], [ 82.805050943964574, 24.004005271327109 ], [ 82.760141019365676, 24.007253963064546 ], [ 82.749797652075827, 24.020196287375203 ], [ 82.747730939941519, 24.029830642537767 ], [ 82.763573269311664, 24.042378518428414 ], [ 82.774081080357291, 24.076610586244232 ], [ 82.762736104451164, 24.07197979431572 ], [ 82.75586892298567, 24.079259795269511 ], [ 82.749287289742369, 24.073812476358974 ], [ 82.734106154106641, 24.081272395637818 ], [ 82.716240343137059, 24.079459841511532 ], [ 82.709197291083569, 24.095727691396565 ], [ 82.671377564149125, 24.122529332341507 ], [ 82.665268928917456, 24.133386166345211 ], [ 82.678721081716503, 24.15703865195411 ], [ 82.687292952411852, 24.15530702534798 ], [ 82.696217697469308, 24.142834207293081 ], [ 82.728212006800689, 24.137629314762712 ], [ 82.73094160254611, 24.155425686591251 ], [ 82.744015351115237, 24.166958672805212 ], [ 82.734900637970441, 24.221792955630988 ], [ 82.757823496076881, 24.234673412770793 ], [ 82.758500989667979, 24.266634190947876 ], [ 82.772047970831295, 24.290912198993595 ], [ 82.76854904109301, 24.371428908942654 ], [ 82.762412947181375, 24.377887136128319 ], [ 82.754741973371779, 24.37089167927159 ], [ 82.726474536586039, 24.369571815625552 ], [ 82.715124113927914, 24.383502119411926 ], [ 82.728191699659959, 24.427961176796437 ], [ 82.733712599302905, 24.424556928818994 ], [ 82.7407005535091, 24.431033685387867 ], [ 82.733052333556429, 24.443004121908224 ], [ 82.738620633336083, 24.468574691199766 ], [ 82.731784220446414, 24.474564996913262 ], [ 82.744589963182577, 24.49798506697686 ], [ 82.723673296462522, 24.511480023635993 ], [ 82.720592272923056, 24.554358259039329 ], [ 82.749265603832811, 24.552748617464587 ], [ 82.754091686439466, 24.539695540862724 ], [ 82.808830145168059, 24.550891124144538 ], [ 82.804461493399572, 24.5979087696257 ], [ 82.768159722962068, 24.597938998107061 ], [ 82.775977062052547, 24.608727484489798 ], [ 82.770887688893225, 24.643742697796778 ], [ 82.703280076502836, 24.642279408972819 ], [ 82.704076206071363, 24.673709707556238 ], [ 82.666075689928704, 24.698323827802803 ], [ 82.644583031046167, 24.685764692538111 ], [ 82.595770322277772, 24.671625162107667 ], [ 82.582110664531498, 24.66089600546125 ], [ 82.537405771272589, 24.649832520728125 ], [ 82.526571387945964, 24.676168088263321 ], [ 82.494909545207094, 24.673306346174236 ], [ 82.484825413818783, 24.681358769372046 ], [ 82.45699981292789, 24.675671678396348 ], [ 82.456551903889022, 24.688377558666563 ], [ 82.440479381492679, 24.704013426461319 ], [ 82.428322587611049, 24.702969068808013 ], [ 82.409766054859233, 24.681530198821214 ], [ 82.419932157910949, 24.655612079932219 ], [ 82.411651189669286, 24.633942492594823 ], [ 82.413805746543176, 24.615318525468794 ], [ 82.422693644829721, 24.604227457728957 ], [ 82.417289964865162, 24.59566059557423 ], [ 82.368959105157842, 24.599779322512187 ], [ 82.354081528285647, 24.616553190551254 ], [ 82.337897082721142, 24.62148907327137 ], [ 82.306454162761256, 24.610136586532448 ], [ 82.301155044592164, 24.614612952611694 ], [ 82.306551801194772, 24.625716228343734 ], [ 82.306236228354066, 24.654221625456358 ], [ 82.300049854033617, 24.6624382983189 ], [ 82.304577459659498, 24.667667904152832 ], [ 82.289899624514561, 24.669380689889714 ], [ 82.286675722057737, 24.678512731082957 ], [ 82.271549313661751, 24.684017301552014 ], [ 82.266514469514092, 24.679698998510453 ], [ 82.274900497549396, 24.676030246646068 ], [ 82.261209534334839, 24.663715008980699 ], [ 82.256140417220749, 24.67318880866846 ], [ 82.243677681393464, 24.673983054046392 ], [ 82.243263504104007, 24.66351444689947 ], [ 82.238093157488379, 24.667243057950088 ], [ 82.2368422179199, 24.688336979511575 ], [ 82.25123618555709, 24.699336468849555 ], [ 82.249634292224073, 24.736002062748703 ], [ 82.257833164549282, 24.753895856232067 ], [ 82.251874254195016, 24.773248727908324 ], [ 82.246569837919907, 24.751926294438316 ], [ 82.229146131267001, 24.764538686495971 ], [ 82.231014007276983, 24.749251452508048 ], [ 82.217387949858391, 24.756996276351884 ], [ 82.207695188568124, 24.749561547835043 ], [ 82.221586484737387, 24.741717029720114 ], [ 82.221938493207901, 24.726191477289369 ], [ 82.210819367519619, 24.738305843719683 ], [ 82.181088308168242, 24.737046246973691 ], [ 82.199701927519015, 24.750640285322941 ], [ 82.203881548089839, 24.761222931857969 ], [ 82.19758708505853, 24.779728880558551 ], [ 82.217695927316015, 24.778955500791309 ], [ 82.213155531514161, 24.78296633214476 ], [ 82.216957503921279, 24.795216018644748 ], [ 82.196794860465573, 24.795647035700561 ], [ 82.187250253158481, 24.802067041716203 ], [ 82.204220794742383, 24.821924287300867 ], [ 82.171054120540703, 24.802380941830215 ], [ 82.181588705287851, 24.79837192305061 ], [ 82.167626874962565, 24.789669121786865 ], [ 82.140478743306645, 24.801859508258204 ], [ 82.13459909522021, 24.791321885288074 ], [ 82.116009133032904, 24.791053028654595 ], [ 82.112991843683687, 24.802949555835323 ], [ 82.085433465639312, 24.820624300731414 ], [ 82.141015766955178, 24.865071916565824 ], [ 82.211174986012523, 24.907931010029667 ], [ 82.271643819796438, 25.004490949236377 ], [ 82.299588135274519, 25.072281701942757 ], [ 82.296332581974312, 25.189245919543698 ], [ 82.350748310129674, 25.237142594632285 ], [ 82.624604629393176, 25.27171535750097 ], [ 82.721002861511394, 25.270052355500159 ], [ 82.811188385141762, 25.229469949750957 ], [ 82.874448176898355, 25.184463668555257 ], [ 83.026361734043959, 25.26925993943771 ], [ 83.074440565780691, 25.263441609106764 ], [ 83.120735731484118, 25.184566825831183 ], [ 83.088698007855825, 24.965962915542796 ], [ 83.111987471552609, 24.824191860115707 ], [ 83.14683945799554, 24.721156369517615 ], [ 83.251143683668346, 24.626404726736471 ], [ 83.407887436423891, 24.504830499671058 ], [ 83.517396203901427, 24.526377300317058 ], [ 83.608022183308037, 24.512161430469881 ], [ 83.690282334977297, 24.514568528781506 ], [ 83.724504042826453, 24.503985463522675 ], [ 83.756463965727292, 24.5095829810681 ], [ 83.802301271687767, 24.52851029726661 ], [ 83.86546820089049, 24.536671447566974 ], [ 83.875815601882096, 24.532006124071113 ], [ 83.940767860472121, 24.550889473138866 ], [ 83.98011221229207, 24.595758993028248 ], [ 84.000000000471474, 24.637124794446976 ], [ 84.031949558709286, 24.628188679711467 ], [ 84.054499941068627, 24.611461195384663 ], [ 84.060666264532443, 24.587169732951629 ], [ 84.069082130762013, 24.588568841274707 ], [ 84.067482969600675, 24.576212545496247 ], [ 84.080203795066893, 24.56884088325571 ], [ 84.086057787126435, 24.544284406141411 ], [ 84.097383396531924, 24.533228973694328 ], [ 84.096779349237792, 24.503463838901709 ], [ 84.117433411603272, 24.480777035234514 ], [ 84.130240278691687, 24.486050761481788 ], [ 84.132576291956056, 24.497687019554135 ], [ 84.14761896040288, 24.504163642070445 ], [ 84.143968006798545, 24.528700663518634 ], [ 84.153745471886069, 24.539624821689653 ], [ 84.172088408042484, 24.533067605247414 ], [ 84.161297975671943, 24.517001845941671 ], [ 84.186906154959388, 24.509808638402774 ], [ 84.19407534348251, 24.521888272707166 ], [ 84.180559461605995, 24.546475810182432 ], [ 84.194644482714921, 24.548651355786532 ], [ 84.195963259706048, 24.554662954916147 ], [ 84.20756170279968, 24.556377701966998 ], [ 84.216576858044789, 24.536549189747145 ], [ 84.22512720835536, 24.534566857343815 ], [ 84.228327961646997, 24.549706153947366 ], [ 84.242663654209352, 24.552572829321228 ], [ 84.241904553711265, 24.542978922236447 ], [ 84.264765523596381, 24.530185452971882 ], [ 84.26608768810425, 24.537117625296375 ], [ 84.287719548022878, 24.551338819704473 ], [ 84.279530172187393, 24.553432002285973 ], [ 84.276883200472199, 24.563654712563249 ], [ 84.305060743270985, 24.562563357791788 ], [ 84.333924308870166, 24.502234774658078 ], [ 84.329280817847206, 24.489284181182516 ], [ 84.301773909418003, 24.480276741014851 ], [ 84.292829309022522, 24.465446231914651 ], [ 84.300771288037723, 24.450379040406784 ], [ 84.322560278869148, 24.447087730132306 ], [ 84.337943102917791, 24.430793579536399 ], [ 84.322609865304614, 24.42305148779451 ], [ 84.335335480830167, 24.421772165589815 ], [ 84.333398969906085, 24.410555417912065 ], [ 84.345495400292094, 24.40094187585121 ], [ 84.343385077878054, 24.395485558540795 ], [ 84.368873026063056, 24.386318135876255 ], [ 84.389724745287523, 24.389393271408576 ], [ 84.392505936786051, 24.3790465116553 ], [ 84.407263118079641, 24.374368079436234 ], [ 84.402417872099662, 24.367526006947319 ], [ 84.43000775199225, 24.358923603708881 ], [ 84.424881764766596, 24.331156732786148 ], [ 84.461980928805218, 24.3384588138406 ], [ 84.46938645384067, 24.317397341480238 ], [ 84.485140311767012, 24.31592735722727 ], [ 84.50823113745767, 24.332387868900273 ], [ 84.506417951277456, 24.323944420412865 ], [ 84.486483069730212, 24.309146630359905 ], [ 84.485979661206841, 24.302762946961924 ], [ 84.494481807770043, 24.304707243051659 ], [ 84.491603131294355, 24.29680608763049 ], [ 84.500929839329856, 24.286947134743809 ], [ 84.509685578131212, 24.294447752570086 ], [ 84.510594562046904, 24.315283810210158 ], [ 84.518096276863361, 24.317048899592539 ], [ 84.532894672788771, 24.339341569743915 ], [ 84.526777099141498, 24.345687604729825 ], [ 84.53537362195847, 24.364666165717683 ], [ 84.528939951953561, 24.376079348983417 ], [ 84.55325291774443, 24.373541823668823 ], [ 84.573195026936673, 24.383782137031982 ], [ 84.56652846393807, 24.396933574011612 ], [ 84.579906165314824, 24.412156232273244 ], [ 84.58747453399836, 24.410233225674052 ], [ 84.589244335980609, 24.401296912901426 ], [ 84.630277124736381, 24.403805285406627 ], [ 84.665621377110341, 24.393636988450549 ], [ 84.675170599549162, 24.412839627260162 ], [ 84.673606726246902, 24.431046060813078 ], [ 84.68629436100322, 24.456180148870384 ], [ 84.713915614860554, 24.472198619824166 ], [ 84.732294136809656, 24.47279538018126 ], [ 84.749398097561908, 24.496305342301074 ], [ 84.787255959860488, 24.504698036075762 ], [ 84.802699030778669, 24.529329549735326 ], [ 84.80899887167746, 24.520970132669365 ], [ 84.826847178236633, 24.524679539168059 ], [ 84.839962842695599, 24.511360118938207 ], [ 84.834505294028688, 24.470035238828594 ], [ 84.840772719293525, 24.469522650897119 ], [ 84.841697822157627, 24.452476530841597 ], [ 84.854789571492176, 24.465884049420161 ], [ 84.867052501649184, 24.456603452627977 ], [ 84.874748684708734, 24.466874627659418 ], [ 84.887463614356918, 24.462779047866533 ], [ 84.885168072139834, 24.422658177335052 ], [ 84.905422508547545, 24.393882211973487 ], [ 84.905247738198085, 24.372224170189611 ], [ 84.932564325774536, 24.378152356482673 ], [ 84.955145230284501, 24.371907310246154 ], [ 84.975762343839946, 24.376087998525065 ], [ 84.997603380747847, 24.412338667403532 ], [ 85.039283393263204, 24.425474516008876 ], [ 85.060450188387961, 24.415282386605565 ], [ 85.083342307625045, 24.440006444289168 ], [ 85.08170804767731, 24.408631586066939 ], [ 85.072619249926689, 24.386958522412034 ], [ 85.09655285918808, 24.379413235459673 ], [ 85.1221936033334, 24.409225882814553 ], [ 85.162407885993218, 24.418231178042163 ], [ 85.176483665752372, 24.429683581648376 ], [ 85.165861344823711, 24.451428941499984 ], [ 85.157045842285811, 24.456020756597454 ], [ 85.157804570989299, 24.463032547016642 ], [ 85.20636080617075, 24.46758222613304 ], [ 85.210360673882562, 24.473136587040145 ], [ 85.23103983162089, 24.471386887722087 ], [ 85.253597192417644, 24.495473815259174 ], [ 85.289047180036988, 24.497410924806612 ], [ 85.289606667504501, 24.526863464518012 ], [ 85.377315123917739, 24.529809478862902 ], [ 85.413643918816049, 24.545889408516871 ], [ 85.440275006082757, 24.536344303381433 ], [ 85.493465234243885, 24.551025779586205 ], [ 85.504492168344825, 24.548786719933716 ], [ 85.509384559283063, 24.53173729746862 ], [ 85.525257921763483, 24.524872359268393 ], [ 85.543404056712674, 24.536337472377831 ], [ 85.54376405879664, 24.56553536413843 ], [ 85.561563694916472, 24.556438938777198 ], [ 85.575235300811244, 24.565497995575811 ], [ 85.569797490798734, 24.591551435151704 ], [ 85.583528727352956, 24.603279901407006 ], [ 85.605179714116403, 24.597858490500165 ], [ 85.622366203754595, 24.58325083742319 ], [ 85.651177690712672, 24.578639329892141 ], [ 85.671588735153691, 24.582279927716971 ], [ 85.680131415782768, 24.593285755793531 ], [ 85.679024156994075, 24.619709030279296 ], [ 85.66812038799101, 24.646918947142773 ], [ 85.670276415801922, 24.664958242655512 ], [ 85.656498479423604, 24.687259629017856 ], [ 85.686610862319682, 24.694004866436426 ], [ 85.703602116952325, 24.713693283002478 ], [ 85.7150933994902, 24.747882663006024 ], [ 85.711742358556776, 24.768990753390149 ], [ 85.716783795867684, 24.781137624419511 ], [ 85.727961401911259, 24.787120164353855 ], [ 85.743741852773795, 24.822778650830337 ], [ 85.772417173675109, 24.812666797908864 ], [ 85.784190618684931, 24.799124985192588 ], [ 85.817587082467725, 24.794701611703733 ], [ 85.8249705401158, 24.807155484140228 ], [ 85.834142843600247, 24.809829028958031 ], [ 85.870929109969381, 24.805650670095634 ], [ 85.896557679636516, 24.791899031274333 ], [ 85.894064278835245, 24.785845665078078 ], [ 85.910927086701463, 24.762995654318949 ], [ 85.803250646071731, 24.681156194008491 ], [ 85.788016164643921, 24.639065009590517 ], [ 85.798588946197967, 24.577717509577013 ], [ 85.861525723849354, 24.496096493252988 ], [ 85.868865286853165, 24.29161785075561 ], [ 85.832370230595103, 24.219860202191846 ], [ 85.792011701479453, 24.209196694858058 ], [ 85.716871290531927, 24.1632489196172 ], [ 85.696897550775006, 24.01160237492693 ], [ 85.677797449722775, 23.954402522460608 ], [ 85.652626435485502, 23.909615988390847 ], [ 85.636472097555213, 23.843159366376351 ], [ 85.632899137462942, 23.760999465857562 ], [ 85.616246249482614, 23.682368088708134 ], [ 85.589444882260864, 23.598011329163963 ], [ 85.55434045401104, 23.550526753742393 ], [ 85.450967870926064, 23.450628784509156 ], [ 85.381721103881119, 23.373847558720136 ], [ 85.227619924326859, 23.235974224312312 ], [ 85.184808256752305, 23.237436777152748 ], [ 85.108464888081173, 23.224778096799273 ], [ 85.067645202337175, 23.192620405779238 ], [ 84.996310372170413, 23.051756143339166 ], [ 84.984698211524204, 23.006429065046685 ], [ 84.983913852994803, 22.899804560888608 ], [ 85.04536410490465, 22.702763275308257 ], [ 85.068944868210252, 22.48126887745418 ], [ 85.039773244831693, 22.479765702832992 ], [ 85.038040970247167, 22.472625485148487 ], [ 84.961100686492301, 22.441750714435631 ], [ 84.958964019919478, 22.455596240126571 ], [ 84.953795073593213, 22.453902015087223 ], [ 84.923936245244448, 22.43720270750465 ], [ 84.922948737697709, 22.426227819888513 ], [ 84.900341121744205, 22.42085046009424 ], [ 84.886808557328578, 22.420419315848946 ], [ 84.883096159463932, 22.446025965037236 ], [ 84.861924085730948, 22.434776397764473 ], [ 84.847957566014614, 22.437646869054745 ], [ 84.839135838886833, 22.429165388568673 ], [ 84.819289489421095, 22.434369743231439 ], [ 84.81440355933519, 22.449592248509543 ], [ 84.759326956901106, 22.444710683472433 ], [ 84.750499782351085, 22.417493313995024 ], [ 84.66828976308706, 22.416605920547752 ], [ 84.638791740351223, 22.431284136632357 ], [ 84.600685158103971, 22.431446564017744 ], [ 84.550048555913378, 22.419784208210679 ], [ 84.533390524744448, 22.422595771415725 ], [ 84.483459971985468, 22.408541352108362 ], [ 84.484376588148805, 22.386267906144695 ], [ 84.462434074203188, 22.377805680869162 ], [ 84.454650945925309, 22.381661894096641 ], [ 84.433727444730337, 22.367228787446727 ], [ 84.438255577359442, 22.362605520752169 ], [ 84.43289043862066, 22.351421003334448 ], [ 84.401310378898543, 22.346437742614352 ], [ 84.374248347609281, 22.352131571099214 ], [ 84.29609191707668, 22.339836147197303 ], [ 84.273060085646918, 22.350313829369583 ], [ 84.253449245021685, 22.376132105032386 ], [ 84.201026888328187, 22.37420325093553 ], [ 84.159429520071214, 22.403237782548334 ], [ 84.14283536415671, 22.422939073342089 ], [ 84.141881484014732, 22.473129332826201 ], [ 84.113094233914325, 22.476008791941315 ], [ 84.109878210647409, 22.483439720006292 ], [ 84.078628128339147, 22.496283740247627 ], [ 84.064599531576306, 22.512204423113552 ], [ 84.009523998969954, 22.522861380550324 ], [ 84.001328553917304, 22.530787640909356 ], [ 83.987130032533344, 22.523983887784137 ], [ 83.983132479643231, 22.504220586945259 ], [ 84.048553127970337, 22.466223425231604 ], [ 84.047010312524009, 22.43507376894971 ], [ 84.030984968612898, 22.424351113349296 ], [ 84.029154285011955, 22.412349662692513 ], [ 84.008662262379246, 22.382585172762052 ], [ 84.011220469129995, 22.369901094346822 ], [ 83.999968223756724, 22.371467445217032 ], [ 83.973991833707061, 22.360076154909777 ], [ 83.922570112301656, 22.361842721172991 ], [ 83.904001677656069, 22.34188455959363 ], [ 83.86806101416326, 22.345943026731621 ], [ 83.85007784993438, 22.328521874984201 ], [ 83.832258790936407, 22.321794548754003 ], [ 83.826496775221514, 22.294657517841532 ], [ 83.800723585485528, 22.289882100955822 ], [ 83.75987984291217, 22.245089886558663 ], [ 83.700106038889274, 22.247679933446967 ], [ 83.664547553771456, 22.226962472321823 ], [ 83.652858976191126, 22.226750160788249 ], [ 83.626398998612686, 22.198542608012456 ], [ 83.609450380531115, 22.154078060856992 ], [ 83.564403703684249, 22.10226838902717 ], [ 83.607436689191772, 22.067890626489536 ], [ 83.590643233441781, 22.057332103976396 ], [ 83.550143642422185, 22.061730674013425 ], [ 83.539601534689794, 22.036419383216025 ], [ 83.541136920460957, 22.024674713705611 ], [ 83.555694226302975, 22.009134151951784 ], [ 83.542581623463434, 21.982118558796913 ], [ 83.542304578044039, 21.965985161182346 ], [ 83.564861257184646, 21.946457742686565 ], [ 83.560486753792745, 21.934737651777066 ], [ 83.594892119448957, 21.928724358816538 ], [ 83.607590256521718, 21.913474310818906 ], [ 83.588641911827949, 21.900070079554901 ], [ 83.590448722892674, 21.893606772673241 ], [ 83.578642296826388, 21.874555037763617 ], [ 83.591584442602297, 21.846333962058928 ], [ 83.580646429925537, 21.832409358071871 ], [ 83.555661939045009, 21.837944761378928 ], [ 83.538376441361322, 21.834605857862069 ], [ 83.534783917317256, 21.825703426295465 ], [ 83.543520316804859, 21.821085758140303 ], [ 83.543686922392396, 21.796707196133625 ], [ 83.513284049330551, 21.803138485147318 ], [ 83.498065489089413, 21.817243515213882 ], [ 83.491203857933115, 21.797060896136436 ], [ 83.47431896429147, 21.785471992322382 ], [ 83.485023940512988, 21.767362934463133 ], [ 83.481049786207564, 21.752398655743473 ], [ 83.491269846823897, 21.744379999686252 ], [ 83.463486623335498, 21.697183657931287 ], [ 83.435129302657543, 21.695174112253206 ], [ 83.426915723803916, 21.677875121017443 ], [ 83.447920962492844, 21.658087463871428 ], [ 83.490215955727365, 21.642588055551567 ], [ 83.491680782114287, 21.628564744698355 ], [ 83.477045316535595, 21.629759413067031 ], [ 83.470124966006608, 21.608537006039146 ], [ 83.459921257086549, 21.608203238062384 ], [ 83.457089563606971, 21.619976472295043 ], [ 83.448487999606002, 21.621071239777542 ], [ 83.454745576927778, 21.647546116339917 ], [ 83.448387297009475, 21.652200677175266 ], [ 83.387883524120568, 21.615686491142629 ], [ 83.375361993038425, 21.60002470167197 ], [ 83.369507324469026, 21.575504163844293 ], [ 83.37296424405875, 21.552711011457042 ], [ 83.34181409287423, 21.498645380341085 ], [ 83.349252650667182, 21.488455203352757 ], [ 83.357481969740434, 21.447179021831381 ], [ 83.37732595585048, 21.439331608239495 ], [ 83.388587583514564, 21.412862006412436 ], [ 83.400954506778433, 21.402754197738826 ], [ 83.400353270736574, 21.368562115216388 ], [ 83.411626017329397, 21.358517485648392 ], [ 83.409842028181501, 21.351845333317744 ], [ 83.395163228716925, 21.342356025207788 ], [ 83.382013065470488, 21.343361135655897 ], [ 83.277242409169233, 21.378281546445191 ], [ 83.277995474146067, 21.362509007443268 ], [ 83.262182729536264, 21.335220852332593 ], [ 83.268082248800212, 21.330053316301608 ], [ 83.261416663041658, 21.322905888405462 ], [ 83.266010415657149, 21.305483635806063 ], [ 83.282014419478642, 21.29395648751197 ], [ 83.274918814478127, 21.272005287508545 ], [ 83.249672420701955, 21.279817572134707 ], [ 83.225586812111771, 21.263506863853763 ], [ 83.221384787078023, 21.254275763477494 ], [ 83.226289509425044, 21.227164330655558 ], [ 83.21480630547218, 21.204870851437651 ], [ 83.218459468426659, 21.194682601269555 ], [ 83.200973753875829, 21.161192536638378 ], [ 83.200013573270653, 21.143018360388471 ], [ 83.190240629355941, 21.135624585285985 ], [ 83.168649417251487, 21.135011921608275 ], [ 83.141256071612204, 21.108807111143449 ], [ 83.127117706239375, 21.104636647246313 ], [ 83.047877327102725, 21.122396294234346 ], [ 83.000267196138324, 21.157628658020794 ], [ 82.990717452729839, 21.151621023883724 ], [ 82.987216351718274, 21.160790050873356 ], [ 82.972441368257051, 21.159081555603528 ], [ 82.963370884527279, 21.178766413849626 ], [ 82.944687311114961, 21.164439105208505 ], [ 82.909621038801831, 21.166219937044772 ], [ 82.88655489616184, 21.15233630855327 ], [ 82.876146757230103, 21.162969624289165 ], [ 82.870989257456415, 21.158600376214128 ], [ 82.847314946273116, 21.166546677628602 ], [ 82.819803564510181, 21.161723517521907 ], [ 82.802906525528059, 21.153752888354891 ], [ 82.796177582008596, 21.142444046717486 ], [ 82.759621110211569, 21.162839071079386 ], [ 82.701396494558722, 21.155845385824438 ], [ 82.691869523666625, 21.161096242324646 ], [ 82.643279724929613, 21.152443946382743 ], [ 82.641424233817887, 21.139367808270251 ], [ 82.655095745723912, 21.128010338385575 ], [ 82.644451882238883, 21.114687061568038 ], [ 82.652377369776133, 21.104965568200399 ], [ 82.633231248273461, 21.079930421207798 ], [ 82.616736033054806, 21.074302060619036 ], [ 82.629672026372916, 21.039748967373676 ], [ 82.611810310896516, 21.009084101127634 ], [ 82.573879994503272, 20.970236630542971 ], [ 82.560303456722067, 20.944750076355497 ], [ 82.493038355941536, 20.906782954366481 ], [ 82.489308381220738, 20.858656065843903 ], [ 82.467227060602411, 20.839006529267223 ], [ 82.46644473457593, 20.827215959395296 ], [ 82.448476160501116, 20.827124228202909 ], [ 82.443889979501151, 20.832877702233141 ], [ 82.422930211812371, 20.829800351923467 ], [ 82.4130310063005, 20.840507657160099 ], [ 82.40879618928156, 20.865687134155216 ], [ 82.390180901897423, 20.873158865899921 ], [ 82.366425140101754, 20.869743035338612 ], [ 82.366566652606437, 20.885877824855989 ], [ 82.354001500690686, 20.887002525557232 ], [ 82.341430550261393, 20.843805338583724 ], [ 82.346190917925639, 20.793480124213342 ], [ 82.342530946047461, 20.76188480472328 ], [ 82.353265603326932, 20.732150645163955 ], [ 82.346814027574553, 20.729248456060052 ], [ 82.354411911992599, 20.717688011257383 ], [ 82.350702799249859, 20.702338310667617 ], [ 82.358741397696463, 20.681588458971618 ], [ 82.372630616533343, 20.667325104364082 ], [ 82.375663990270553, 20.627696651952235 ], [ 82.365617121172662, 20.618809427446021 ], [ 82.363259776795218, 20.607144481233249 ], [ 82.34612279353729, 20.597961004307177 ], [ 82.348077012753023, 20.573429737523821 ], [ 82.331458487964213, 20.557593854760903 ], [ 82.349693567522095, 20.541449793049981 ], [ 82.356233142577594, 20.526720802924675 ], [ 82.387945657562796, 20.513711829246766 ], [ 82.395562327311026, 20.45647671795998 ], [ 82.404773482798163, 20.455892003635554 ], [ 82.417531184349343, 20.477245911682743 ], [ 82.426847995196653, 20.461274066898127 ], [ 82.425189259833985, 20.44232580221399 ], [ 82.433115278584822, 20.440355370151767 ], [ 82.436639281021996, 20.429806924838061 ], [ 82.431778132169143, 20.414226813788574 ], [ 82.417389576212969, 20.406762926684671 ], [ 82.417882378894816, 20.381320562337528 ], [ 82.4012764271002, 20.339696403841739 ], [ 82.429942711983941, 20.313917273166293 ], [ 82.436735932835262, 20.287270972984651 ], [ 82.412598005029153, 20.267849656204813 ], [ 82.421597379398833, 20.245925664373086 ], [ 82.411833404781589, 20.24396663325879 ], [ 82.421131846073564, 20.206717843625821 ], [ 82.413278186361211, 20.183470621779612 ], [ 82.390838968886328, 20.1649515971251 ], [ 82.394729607602727, 20.153359901068946 ], [ 82.38647065213766, 20.149143484914813 ], [ 82.400205457388012, 20.112842200860293 ], [ 82.398424909140573, 20.064277069900665 ], [ 82.403342262817844, 20.053710907073519 ], [ 82.478340642599292, 20.036843442512279 ], [ 82.509716089175797, 20.018429209836057 ], [ 82.551198148544941, 20.017070013145243 ], [ 82.605957822787687, 19.990697827885683 ], [ 82.621957150318622, 19.992048904262194 ], [ 82.63932745132098, 20.005145324675095 ], [ 82.715057665834095, 19.995389627839337 ], [ 82.719153327333728, 19.949735794953867 ], [ 82.708125296391501, 19.898635579086331 ], [ 82.716968601068828, 19.875515907785182 ], [ 82.725110656101293, 19.876212768339151 ], [ 82.710330729797192, 19.836499890199576 ], [ 82.690955021579086, 19.829176771089607 ], [ 82.653368703041949, 19.830779687223774 ], [ 82.630619114103865, 19.794762369526669 ], [ 82.592713964105698, 19.776494974789912 ], [ 82.586141028685105, 19.781252802498482 ], [ 82.586933709424088, 19.802595637362042 ], [ 82.579218664296036, 19.807377711585691 ], [ 82.578898323547307, 19.827715683237564 ], [ 82.605001534271992, 19.865756134486297 ], [ 82.60112165527751, 19.869815311744308 ], [ 82.585195316532335, 19.868702458195045 ], [ 82.558480746169806, 19.879770695216791 ], [ 82.551908635038657, 19.874244529992744 ], [ 82.537515126872947, 19.887301053191575 ], [ 82.53068661938444, 19.877968409811977 ], [ 82.520047305436336, 19.889272769367111 ], [ 82.506098299680019, 19.890305530011425 ], [ 82.501851745174037, 19.902459235359149 ], [ 82.483314968324791, 19.905609631038178 ], [ 82.465965732534499, 19.899718805517203 ], [ 82.450010927096059, 19.908010948365391 ], [ 82.421510629799869, 19.901532782453607 ], [ 82.396435455222033, 19.886777078622103 ], [ 82.375675487684703, 19.859517750724713 ], [ 82.363708468350154, 19.860153961110761 ], [ 82.363883299659662, 19.851663303678965 ], [ 82.347095454116683, 19.835015418338852 ], [ 82.33439118659858, 19.843351310459497 ], [ 82.305854300911093, 19.888360953155495 ], [ 82.269295154848237, 19.976254861846083 ], [ 82.238216951711664, 20.002695163487239 ], [ 82.221853079736221, 19.997941663082035 ], [ 82.211883567420415, 19.984958919597322 ], [ 82.186058644213304, 19.982669657322631 ], [ 82.173414182693094, 20.002693594742979 ], [ 82.13926876314676, 20.017159918384952 ], [ 82.123670416698019, 20.014857346472894 ], [ 82.10074685096518, 20.037062481601247 ], [ 82.090602103324997, 20.037124661943686 ], [ 82.083857477943113, 20.048397271329559 ], [ 82.065458803192001, 20.054187243303883 ], [ 82.031973504847855, 20.014398224225644 ], [ 82.022347314165216, 20.023831724441603 ], [ 82.017506687676587, 20.049070859171387 ], [ 81.994145450095061, 20.056288802087135 ], [ 81.981103500999396, 20.079782301394406 ] ] ] } },
{ "type": "Feature", "properties": { "objectid": 17, "ae_regcode": 12, "physio_reg": "EASTERN PLATEAU (CHHOTANAGPUR) AND EASTERN GHATS  HOT SUBHUMID ECO-REGION", "area_sqkm": 58694.761004400003, "shape_Leng": 4031146.1934699998, "shape_Area": 274038648056.0 }, "geometry": { "type": "Polygon", "coordinates": [ [ [ 87.605818871135327, 25.31511789449598 ], [ 87.628565703613745, 25.311261240823484 ], [ 87.631891722819205, 25.319073440834135 ], [ 87.65766896353999, 25.307723049977678 ], [ 87.689986178057893, 25.310604005244549 ], [ 87.686491234533634, 25.304762508863767 ], [ 87.699343233080128, 25.303543243970939 ], [ 87.694896939881332, 25.285428518458115 ], [ 87.713767303057281, 25.271882966955729 ], [ 87.713566132146298, 25.256937860216766 ], [ 87.789015727735418, 25.24673833092389 ], [ 87.793276831828038, 25.221069602580002 ], [ 87.774894381333269, 25.127652212849679 ], [ 87.782099767977542, 25.091957457494694 ], [ 87.805449071759398, 25.071936930551082 ], [ 87.869804231351225, 25.040585900346827 ], [ 87.908758632241302, 24.999185775777153 ], [ 87.911877722519321, 24.986598836442649 ], [ 87.975247829929216, 24.924432700046992 ], [ 87.978575590713163, 24.897360005394194 ], [ 87.971744649698067, 24.882198214687602 ], [ 87.916511671899073, 24.856845811889361 ], [ 87.894264144338933, 24.853854835256037 ], [ 87.903038364294545, 24.843697961668401 ], [ 87.899175013718079, 24.830096262552917 ], [ 87.903674145418861, 24.825455706254335 ], [ 87.891811237414586, 24.820601905678426 ], [ 87.872947625130038, 24.823910518261055 ], [ 87.882753458320636, 24.798959470165926 ], [ 87.87063627804848, 24.775305689000536 ], [ 87.855471063822719, 24.762263333626787 ], [ 87.840491433058077, 24.764213189924153 ], [ 87.844284885375686, 24.781107197201841 ], [ 87.838973172674955, 24.788828057464116 ], [ 87.819172197229221, 24.75434819538593 ], [ 87.872603156696499, 24.730419124036416 ], [ 87.882985547240125, 24.740094289164357 ], [ 87.895964517399065, 24.723628722916796 ], [ 87.905999525927172, 24.722627785996643 ], [ 87.908084901479384, 24.710982166192629 ], [ 87.891767935330591, 24.675169447011452 ], [ 87.918516867330709, 24.659648061021283 ], [ 87.911389208404003, 24.633759602322581 ], [ 87.889728009832808, 24.627770119599035 ], [ 87.907358442971628, 24.627029426389058 ], [ 87.90670641985173, 24.61371183244038 ], [ 87.88210705705184, 24.617416932074576 ], [ 87.87785190025032, 24.61184798859794 ], [ 87.891234583004092, 24.60627730480893 ], [ 87.913200074024971, 24.6093159176732 ], [ 87.915044562848365, 24.595023739416902 ], [ 87.91050732702567, 24.584960523447833 ], [ 87.896559893498306, 24.58078669912539 ], [ 87.892392566044222, 24.563895791628898 ], [ 87.855570187186117, 24.559006175998899 ], [ 87.853296867252126, 24.552238009476689 ], [ 87.829625059247988, 24.560655699771864 ], [ 87.814149073877175, 24.577384387750158 ], [ 87.774587951086247, 24.582910332442722 ], [ 87.772763075433389, 24.572731957620388 ], [ 87.796745910870655, 24.566864302435953 ], [ 87.811461453815895, 24.546395002452261 ], [ 87.802611601103933, 24.539863057124073 ], [ 87.806271839927291, 24.515845837517102 ], [ 87.800228841013379, 24.492297583853968 ], [ 87.811773488141981, 24.511824789738661 ], [ 87.815298464121355, 24.493342475578682 ], [ 87.827955705945001, 24.495647598321423 ], [ 87.814176866268866, 24.477846561668805 ], [ 87.822913862233818, 24.469720432420868 ], [ 87.820007438517749, 24.452634472665764 ], [ 87.807572334788773, 24.451426568229316 ], [ 87.796099207043099, 24.439058628593404 ], [ 87.797275923328272, 24.425126675113173 ], [ 87.789820861403996, 24.415858322080265 ], [ 87.803665631984956, 24.412543943848533 ], [ 87.810259242368716, 24.419466847487246 ], [ 87.815040174461942, 24.407949790293717 ], [ 87.797604978384769, 24.397770995262196 ], [ 87.802529115126561, 24.383540269535118 ], [ 87.766247033042859, 24.334707018786723 ], [ 87.769489140605842, 24.324198064712004 ], [ 87.761289831317924, 24.305022269625614 ], [ 87.732218499577428, 24.287668482904952 ], [ 87.715362360759443, 24.293512364289143 ], [ 87.707677945207379, 24.261397249463517 ], [ 87.686399264321693, 24.24792768812717 ], [ 87.666973095034677, 24.246434508133262 ], [ 87.662100970595702, 24.236881658488691 ], [ 87.652215050467646, 24.250038863255817 ], [ 87.640793526601072, 24.244007125395772 ], [ 87.648069145776631, 24.231594074421317 ], [ 87.642790123610766, 24.213097183378583 ], [ 87.675964098473287, 24.207266315392786 ], [ 87.683319696750615, 24.192654603727853 ], [ 87.69755393353266, 24.187722130678154 ], [ 87.701446283980104, 24.168784892767508 ], [ 87.607567111774529, 23.892657121323474 ], [ 87.523098088271695, 23.808999135258365 ], [ 87.289997907778684, 23.483619002320264 ], [ 87.148382884445923, 23.073173537607182 ], [ 87.134788451870762, 22.825001250901469 ], [ 87.143626433453647, 22.553836841165889 ], [ 87.154948683318466, 22.472813623537938 ], [ 87.175457253215654, 21.977120543138799 ], [ 87.199685146089351, 21.958105763063799 ], [ 87.239385155257452, 21.958925742695175 ], [ 87.239963349229782, 21.938317727340284 ], [ 87.256588913212042, 21.925571009874641 ], [ 87.239336408562963, 21.90023877597957 ], [ 87.253492390824519, 21.871202049038807 ], [ 87.251876746485351, 21.853677520481952 ], [ 87.093608743617324, 21.705021523207403 ], [ 87.006961419444536, 21.645688119243008 ], [ 86.990664594578888, 21.643263384209295 ], [ 86.989490010174592, 21.621145471020135 ], [ 86.959594681585386, 21.598151513623193 ], [ 86.906054604564062, 21.571363621088178 ], [ 86.871555518472007, 21.509562253220849 ], [ 86.749854464843722, 21.371261774885074 ], [ 86.690769520726292, 21.28372634385758 ], [ 86.665468843428386, 21.194680307887122 ], [ 86.639494158448969, 21.039875369366179 ], [ 86.623204955031525, 20.818413261069871 ], [ 86.194226918643452, 20.435074664140608 ], [ 85.363661585481722, 19.958164589742069 ], [ 85.065268645944201, 19.797097560595066 ], [ 84.805921563921359, 19.541399995065095 ], [ 84.027279532751137, 18.806543170421058 ], [ 83.861036354913693, 18.764798844896919 ], [ 83.445251976044887, 18.385378208223138 ], [ 83.186139468699309, 18.128745547157319 ], [ 82.371613997392927, 17.514692099465144 ], [ 81.950256083590133, 17.085320404130716 ], [ 81.73754339302603, 16.914482464169129 ], [ 81.73856787504775, 17.03464095620398 ], [ 81.665170461291609, 17.18800031125496 ], [ 81.65491972981259, 17.302221770356368 ], [ 81.606665862170587, 17.401463133474216 ], [ 81.503161018084, 17.487622598994491 ], [ 81.18479563340297, 17.856436677642051 ], [ 81.167961464531544, 17.859916090360009 ], [ 81.106099146797604, 17.824355871397774 ], [ 81.0820055059541, 17.793575265602069 ], [ 81.074224464506855, 17.791511089809884 ], [ 81.0460418421452, 17.793473490227182 ], [ 81.020933085173567, 17.823812423665288 ], [ 81.012671353361739, 17.845438038276296 ], [ 81.002629290540185, 17.921159816677623 ], [ 80.992905616669205, 17.92979953579944 ], [ 80.986297774246964, 17.956470972482254 ], [ 80.970456976254852, 18.038194772973149 ], [ 80.974150993504324, 18.050119215246951 ], [ 80.952114965916635, 18.087566410181864 ], [ 80.957463543478269, 18.129657219024807 ], [ 80.980726186483238, 18.150018002929979 ], [ 80.981787429705079, 18.174568724974417 ], [ 80.962277919013147, 18.173379392382838 ], [ 80.90882334837778, 18.14105856881319 ], [ 80.870076782865567, 18.139007267162221 ], [ 80.85620757504762, 18.203850740043411 ], [ 80.869312953962066, 18.204906449296278 ], [ 80.875506577086156, 18.213461299219624 ], [ 80.867096997510714, 18.23214995314326 ], [ 80.837566572947139, 18.24021794412338 ], [ 80.825158395646696, 18.231308636417157 ], [ 80.82591351952118, 18.193279851789359 ], [ 80.805942375762115, 18.172469630672165 ], [ 80.770384694390088, 18.169106934543645 ], [ 80.742515701609037, 18.177792769644007 ], [ 80.741203570550113, 18.224783534042267 ], [ 80.796219419914607, 18.255787884386681 ], [ 80.752495242410404, 18.308032965962344 ], [ 80.750801414413459, 18.327976412416444 ], [ 80.724075740013561, 18.388608309718055 ], [ 80.734353638557693, 18.414626326166491 ], [ 80.720844617445479, 18.411347418573673 ], [ 80.698792818154629, 18.424929617070681 ], [ 80.706659452665576, 18.441555996032836 ], [ 80.658499405542557, 18.477698966255772 ], [ 80.64228398275192, 18.503980331500752 ], [ 80.640358425958524, 18.524154243027926 ], [ 80.621522852756826, 18.531319026628701 ], [ 80.6032106319863, 18.554283703005993 ], [ 80.539580754853105, 18.591119012521116 ], [ 80.518249985103125, 18.620643881331688 ], [ 80.490999322363351, 18.633029094203653 ], [ 80.475263106586581, 18.627701690990609 ], [ 80.457705649249249, 18.631218377426809 ], [ 80.389027525816033, 18.598436276102188 ], [ 80.369967088727108, 18.608540624306759 ], [ 80.349287880244475, 18.591234930425482 ], [ 80.326718936703514, 18.626434852367431 ], [ 80.303668464400218, 18.69020238599947 ], [ 80.274847759170669, 18.722436819594144 ], [ 80.253959900581478, 18.705782786897004 ], [ 80.209171857027428, 18.701861381705957 ], [ 80.196214433153131, 18.680020081168689 ], [ 80.178224115707309, 18.681754116331035 ], [ 80.165325801442592, 18.700306555193208 ], [ 80.118010231397122, 18.680522957801244 ], [ 80.069035501683089, 18.720710081066301 ], [ 80.053475821877328, 18.725084452452222 ], [ 80.039956114565129, 18.750555594444617 ], [ 80.025793757713004, 18.755094272201195 ], [ 80.019406602553943, 18.770812754877721 ], [ 79.938958862691393, 18.788345540520496 ], [ 79.916052487011626, 18.810538698051687 ], [ 79.900918232965353, 18.83463875919572 ], [ 79.932454452485572, 18.84136080036188 ], [ 79.945943888642958, 18.862689038747877 ], [ 79.947856018576346, 18.941327296343363 ], [ 79.938235441586571, 18.978385165418146 ], [ 79.941355901409239, 19.025212927586281 ], [ 79.932841243232758, 19.045963667763264 ], [ 79.92295471076541, 19.050810715884257 ], [ 79.866373394338908, 19.038034973671344 ], [ 79.864814336006191, 19.107389617656452 ], [ 79.877974542622724, 19.125970254542512 ], [ 79.950038800551994, 19.173880923213524 ], [ 79.929295331092902, 19.206607041389944 ], [ 79.926948448776614, 19.229569167340539 ], [ 79.951959794209529, 19.287225850201132 ], [ 79.96857780922852, 19.300578432685821 ], [ 79.963922471379192, 19.337592489320745 ], [ 79.979804470558818, 19.403952475909723 ], [ 79.952487044762805, 19.443620717812671 ], [ 79.94691222374955, 19.46729864377323 ], [ 79.9177121019884, 19.49504890240814 ], [ 79.876843563368809, 19.507598366043943 ], [ 79.834800103218512, 19.539543631646602 ], [ 79.82315384452356, 19.571483073675889 ], [ 79.799831787862217, 19.58251432788968 ], [ 79.791952021281588, 19.595987493360798 ], [ 79.772789879263414, 19.602518919847675 ], [ 79.746804842679296, 19.605471913999164 ], [ 79.719383163637673, 19.585657033450619 ], [ 79.64610313885396, 19.577255484647207 ], [ 79.627762625695283, 19.567353413283573 ], [ 79.617268016907673, 19.551438607624082 ], [ 79.604423642275933, 19.506084881532075 ], [ 79.589012691217576, 19.505347207063153 ], [ 79.558811085904139, 19.522282355452738 ], [ 79.548958346970437, 19.550705022371769 ], [ 79.521253606165672, 19.544116693307959 ], [ 79.519679837869006, 19.520266351026802 ], [ 79.476657641487705, 19.499624795833064 ], [ 79.46439225781981, 19.521087860084585 ], [ 79.447446955944756, 19.535599771441454 ], [ 79.419760676399974, 19.535535609197122 ], [ 79.377285252761268, 19.563513401920307 ], [ 79.375117482649742, 19.573177895593737 ], [ 79.335719301492105, 19.575581637331517 ], [ 79.320286207348474, 19.567420636403703 ], [ 79.310842698900785, 19.591995606273372 ], [ 79.249804769417864, 19.614291278096086 ], [ 79.243022975862061, 19.611234317888595 ], [ 79.243634300995708, 19.601303813217278 ], [ 79.256048787832768, 19.579489945999384 ], [ 79.245709504346792, 19.561307712515898 ], [ 79.242575168447047, 19.528668338381394 ], [ 79.221638562753455, 19.512456706836808 ], [ 79.212780972904085, 19.493558098255072 ], [ 79.228882618884882, 19.46974111915879 ], [ 79.18368897615369, 19.462589772568972 ], [ 79.146096713530426, 19.502910821251124 ], [ 79.11053614932726, 19.51448109774806 ], [ 79.108637637503932, 19.529668425106308 ], [ 79.069112783512551, 19.532919247799647 ], [ 79.057233599202988, 19.546906583486493 ], [ 79.024018320102044, 19.541568395503177 ], [ 78.998478558315256, 19.563586550040689 ], [ 78.984090355860374, 19.552469449775291 ], [ 78.96013864875853, 19.553351089103689 ], [ 78.955135018905466, 19.558981883859623 ], [ 78.986123421398943, 19.586582658201721 ], [ 78.968442995991779, 19.618754144053106 ], [ 78.974529835163665, 19.650617441665521 ], [ 78.959753078266303, 19.664762861812481 ], [ 78.921412781183278, 19.669037827582144 ], [ 78.896458813031842, 19.656563635937051 ], [ 78.864227969163224, 19.657568248354817 ], [ 78.868904800996162, 19.697974094985831 ], [ 78.849719644186592, 19.760103170031002 ], [ 78.935234231675665, 19.873790419620089 ], [ 78.862696268991314, 20.092103268642386 ], [ 78.772264177876067, 20.255074013751436 ], [ 78.860353889087392, 20.365717410690586 ], [ 78.904941663065159, 20.432949853235172 ], [ 79.001397648134699, 20.476199510922832 ], [ 79.091668588743048, 20.488939488102911 ], [ 79.130156487388845, 20.525662006964044 ], [ 79.207341567468887, 20.574750990933754 ], [ 79.220258962180296, 20.574818872322361 ], [ 79.336242222717573, 20.630123232489296 ], [ 79.536356098618981, 20.685624173280122 ], [ 79.756104988333604, 20.704393007490513 ], [ 80.092261436348039, 20.661981318679818 ], [ 80.273263997792228, 20.680009550727942 ], [ 80.402856150104014, 20.783134809870685 ], [ 80.506451771589553, 20.807155423187826 ], [ 80.553220131632074, 20.804152153516721 ], [ 80.55239891032285, 20.766750320311299 ], [ 80.561407483721041, 20.74856921352475 ], [ 80.562757875475498, 20.724033606751668 ], [ 80.587020653179053, 20.685181989343537 ], [ 80.579681077284519, 20.67584078215485 ], [ 80.559599134029781, 20.674627255025161 ], [ 80.514458094031383, 20.656105003345917 ], [ 80.488434645901364, 20.631277388962257 ], [ 80.491048294686607, 20.613507411357453 ], [ 80.506970820289325, 20.588476098220251 ], [ 80.518769733456097, 20.586743480494523 ], [ 80.558293526669104, 20.600731872754455 ], [ 80.574209204089954, 20.614055212935764 ], [ 80.592643361617462, 20.615811220197561 ], [ 80.629257523043407, 20.605584352843078 ], [ 80.619793630003699, 20.592309339803482 ], [ 80.626645550501266, 20.569093968928676 ], [ 80.616907147491887, 20.55811486137695 ], [ 80.620351098509431, 20.543377307237705 ], [ 80.610282678648048, 20.464352365562593 ], [ 80.601638068599883, 20.448364262245775 ], [ 80.610400082232488, 20.43523221694177 ], [ 80.592984252135921, 20.397632138772309 ], [ 80.597142085427137, 20.386390904471778 ], [ 80.60920084857878, 20.378503622614893 ], [ 80.623668507572987, 20.327908234763047 ], [ 80.781833981255986, 20.326665301042148 ], [ 80.854348883671861, 20.374919048348488 ], [ 81.014690723495875, 20.42743517081869 ], [ 81.143844841089603, 20.441099203090491 ], [ 81.273352014621594, 20.488709371872943 ], [ 81.361579720025603, 20.531725679970549 ], [ 81.557908642189489, 20.534675614892681 ], [ 81.671296056943547, 20.513986968090535 ], [ 81.757993166393277, 20.430271836303106 ], [ 81.787911250078736, 20.352067576428773 ], [ 81.821949101535708, 20.200839711943551 ], [ 81.951732707742437, 20.105696137750833 ], [ 81.981103500999396, 20.079782301394406 ], [ 81.994145450095061, 20.056288802087135 ], [ 82.017506687676587, 20.049070859171387 ], [ 82.022347314165216, 20.023831724441603 ], [ 82.031973504847855, 20.014398224225644 ], [ 82.065458803192001, 20.054187243303883 ], [ 82.083857477943113, 20.048397271329559 ], [ 82.090602103324997, 20.037124661943686 ], [ 82.10074685096518, 20.037062481601247 ], [ 82.123670416698019, 20.014857346472894 ], [ 82.13926876314676, 20.017159918384952 ], [ 82.173414182693094, 20.002693594742979 ], [ 82.186058644213304, 19.982669657322631 ], [ 82.211883567420415, 19.984958919597322 ], [ 82.221853079736221, 19.997941663082035 ], [ 82.238216951711664, 20.002695163487239 ], [ 82.269295154848237, 19.976254861846083 ], [ 82.305854300911093, 19.888360953155495 ], [ 82.33439118659858, 19.843351310459497 ], [ 82.347095454116683, 19.835015418338852 ], [ 82.363883299659662, 19.851663303678965 ], [ 82.363708468350154, 19.860153961110761 ], [ 82.375675487684703, 19.859517750724713 ], [ 82.396435455222033, 19.886777078622103 ], [ 82.421510629799869, 19.901532782453607 ], [ 82.450010927096059, 19.908010948365391 ], [ 82.465965732534499, 19.899718805517203 ], [ 82.483314968324791, 19.905609631038178 ], [ 82.501851745174037, 19.902459235359149 ], [ 82.506098299680019, 19.890305530011425 ], [ 82.520047305436336, 19.889272769367111 ], [ 82.53068661938444, 19.877968409811977 ], [ 82.537515126872947, 19.887301053191575 ], [ 82.551908635038657, 19.874244529992744 ], [ 82.558480746169806, 19.879770695216791 ], [ 82.585195316532335, 19.868702458195045 ], [ 82.60112165527751, 19.869815311744308 ], [ 82.605001534271992, 19.865756134486297 ], [ 82.578898323547307, 19.827715683237564 ], [ 82.579218664296036, 19.807377711585691 ], [ 82.586933709424088, 19.802595637362042 ], [ 82.586141028685105, 19.781252802498482 ], [ 82.592713964105698, 19.776494974789912 ], [ 82.630619114103865, 19.794762369526669 ], [ 82.653368703041949, 19.830779687223774 ], [ 82.706073932462488, 19.832321814728655 ], [ 82.725110656101293, 19.876212768339151 ], [ 82.716968601068828, 19.875515907785182 ], [ 82.708125296391501, 19.898635579086331 ], [ 82.719153327333728, 19.949735794953867 ], [ 82.715057665834095, 19.995389627839337 ], [ 82.63932745132098, 20.005145324675095 ], [ 82.621957150318622, 19.992048904262194 ], [ 82.605957822787687, 19.990697827885683 ], [ 82.551198148544941, 20.017070013145243 ], [ 82.509716089175797, 20.018429209836057 ], [ 82.478340642599292, 20.036843442512279 ], [ 82.403342262817844, 20.053710907073519 ], [ 82.398424909140573, 20.064277069900665 ], [ 82.400205457388012, 20.112842200860293 ], [ 82.38647065213766, 20.149143484914813 ], [ 82.394729607602727, 20.153359901068946 ], [ 82.390838968886328, 20.1649515971251 ], [ 82.413278186361211, 20.183470621779612 ], [ 82.421131846073564, 20.206717843625821 ], [ 82.411833404781589, 20.24396663325879 ], [ 82.421597379398833, 20.245925664373086 ], [ 82.412598005029153, 20.267849656204813 ], [ 82.436735932835262, 20.287270972984651 ], [ 82.429942711983941, 20.313917273166293 ], [ 82.4012764271002, 20.339696403841739 ], [ 82.417882378894816, 20.381320562337528 ], [ 82.417389576212969, 20.406762926684671 ], [ 82.431778132169143, 20.414226813788574 ], [ 82.436639281021996, 20.429806924838061 ], [ 82.433115278584822, 20.440355370151767 ], [ 82.425189259833985, 20.44232580221399 ], [ 82.426847995196653, 20.461274066898127 ], [ 82.417531184349343, 20.477245911682743 ], [ 82.404773482798163, 20.455892003635554 ], [ 82.395562327311026, 20.45647671795998 ], [ 82.387945657562796, 20.513711829246766 ], [ 82.356233142577594, 20.526720802924675 ], [ 82.349693567522095, 20.541449793049981 ], [ 82.331458487964213, 20.557593854760903 ], [ 82.348077012753023, 20.573429737523821 ], [ 82.34612279353729, 20.597961004307177 ], [ 82.363259776795218, 20.607144481233249 ], [ 82.365617121172662, 20.618809427446021 ], [ 82.375663990270553, 20.627696651952235 ], [ 82.372630616533343, 20.667325104364082 ], [ 82.358741397696463, 20.681588458971618 ], [ 82.350702799249859, 20.702338310667617 ], [ 82.354411911992599, 20.717688011257383 ], [ 82.346814027574553, 20.729248456060052 ], [ 82.353265603326932, 20.732150645163955 ], [ 82.342530946047461, 20.76188480472328 ], [ 82.346190917925639, 20.793480124213342 ], [ 82.341430550261393, 20.843805338583724 ], [ 82.354001500690686, 20.887002525557232 ], [ 82.366566652606437, 20.885877824855989 ], [ 82.366425140101754, 20.869743035338612 ], [ 82.390180901897423, 20.873158865899921 ], [ 82.40879618928156, 20.865687134155216 ], [ 82.4130310063005, 20.840507657160099 ], [ 82.422930211812371, 20.829800351923467 ], [ 82.443889979501151, 20.832877702233141 ], [ 82.448476160501116, 20.827124228202909 ], [ 82.46644473457593, 20.827215959395296 ], [ 82.467227060602411, 20.839006529267223 ], [ 82.489308381220738, 20.858656065843903 ], [ 82.493038355941536, 20.906782954366481 ], [ 82.560303456722067, 20.944750076355497 ], [ 82.573879994503272, 20.970236630542971 ], [ 82.611810310896516, 21.009084101127634 ], [ 82.629672026372916, 21.039748967373676 ], [ 82.616736033054806, 21.074302060619036 ], [ 82.633231248273461, 21.079930421207798 ], [ 82.652377369776133, 21.104965568200399 ], [ 82.644451882238883, 21.114687061568038 ], [ 82.655095745723912, 21.128010338385575 ], [ 82.641424233817887, 21.139367808270251 ], [ 82.643279724929613, 21.152443946382743 ], [ 82.691869523666625, 21.161096242324646 ], [ 82.701396494558722, 21.155845385824438 ], [ 82.759621110211569, 21.162839071079386 ], [ 82.796177582008596, 21.142444046717486 ], [ 82.802906525528059, 21.153752888354891 ], [ 82.819803564510181, 21.161723517521907 ], [ 82.847314946273116, 21.166546677628602 ], [ 82.870989257456415, 21.158600376214128 ], [ 82.876146757230103, 21.162969624289165 ], [ 82.88655489616184, 21.15233630855327 ], [ 82.909621038801831, 21.166219937044772 ], [ 82.944687311114961, 21.164439105208505 ], [ 82.963370884527279, 21.178766413849626 ], [ 82.972441368257051, 21.159081555603528 ], [ 82.987216351718274, 21.160790050873356 ], [ 82.990717452729839, 21.151621023883724 ], [ 83.000267196138324, 21.157628658020794 ], [ 83.047877327102725, 21.122396294234346 ], [ 83.127117706239375, 21.104636647246313 ], [ 83.141256071612204, 21.108807111143449 ], [ 83.168649417251487, 21.135011921608275 ], [ 83.197353849522443, 21.13912000954884 ], [ 83.226289509425044, 21.227164330655558 ], [ 83.221384787078023, 21.254275763477494 ], [ 83.225586812111771, 21.263506863853763 ], [ 83.249672420701955, 21.279817572134707 ], [ 83.274918814478127, 21.272005287508545 ], [ 83.281779798652735, 21.289062708587888 ], [ 83.279898203438776, 21.299504538203077 ], [ 83.266010415657149, 21.305483635806063 ], [ 83.261327261350814, 21.315710032247367 ], [ 83.268082248800212, 21.330053316301608 ], [ 83.262182729536264, 21.335220852332593 ], [ 83.277995474146067, 21.362509007443268 ], [ 83.277242409169233, 21.378281546445191 ], [ 83.382013065470488, 21.343361135655897 ], [ 83.395163228716925, 21.342356025207788 ], [ 83.409842028181501, 21.351845333317744 ], [ 83.411626017329397, 21.358517485648392 ], [ 83.400353270736574, 21.368562115216388 ], [ 83.400954506778433, 21.402754197738826 ], [ 83.388587583514564, 21.412862006412436 ], [ 83.37732595585048, 21.439331608239495 ], [ 83.357481969740434, 21.447179021831381 ], [ 83.349252650667182, 21.488455203352757 ], [ 83.34181409287423, 21.498645380341085 ], [ 83.37296424405875, 21.552711011457042 ], [ 83.369507324469026, 21.575504163844293 ], [ 83.375361993038425, 21.60002470167197 ], [ 83.387883524120568, 21.615686491142629 ], [ 83.448387297009475, 21.652200677175266 ], [ 83.454745576927778, 21.647546116339917 ], [ 83.448487999606002, 21.621071239777542 ], [ 83.457089563606971, 21.619976472295043 ], [ 83.459921257086549, 21.608203238062384 ], [ 83.470124966006608, 21.608537006039146 ], [ 83.477045316535595, 21.629759413067031 ], [ 83.491680782114287, 21.628564744698355 ], [ 83.490215955727365, 21.642588055551567 ], [ 83.447920962492844, 21.658087463871428 ], [ 83.426915723803916, 21.677875121017443 ], [ 83.435129302657543, 21.695174112253206 ], [ 83.463486623335498, 21.697183657931287 ], [ 83.491269846823897, 21.744379999686252 ], [ 83.481049786207564, 21.752398655743473 ], [ 83.485023940512988, 21.767362934463133 ], [ 83.47431896429147, 21.785471992322382 ], [ 83.491203857933115, 21.797060896136436 ], [ 83.498065489089413, 21.817243515213882 ], [ 83.513284049330551, 21.803138485147318 ], [ 83.543686922392396, 21.796707196133625 ], [ 83.543520316804859, 21.821085758140303 ], [ 83.534783917317256, 21.825703426295465 ], [ 83.538376441361322, 21.834605857862069 ], [ 83.555661939045009, 21.837944761378928 ], [ 83.580646429925537, 21.832409358071871 ], [ 83.591584442602297, 21.846333962058928 ], [ 83.578642296826388, 21.874555037763617 ], [ 83.590448722892674, 21.893606772673241 ], [ 83.588641911827949, 21.900070079554901 ], [ 83.607590256521718, 21.913474310818906 ], [ 83.594892119448957, 21.928724358816538 ], [ 83.560486753792745, 21.934737651777066 ], [ 83.564861257184646, 21.946457742686565 ], [ 83.542304578044039, 21.965985161182346 ], [ 83.542581623463434, 21.982118558796913 ], [ 83.555694226302975, 22.009134151951784 ], [ 83.541136920460957, 22.024674713705611 ], [ 83.545505597465251, 22.057718662429277 ], [ 83.550143642422185, 22.061730674013425 ], [ 83.590643233441781, 22.057332103976396 ], [ 83.607436689191772, 22.067890626489536 ], [ 83.566060787135484, 22.097786009500791 ], [ 83.566317427011413, 22.106141615842155 ], [ 83.609450380531115, 22.154078060856992 ], [ 83.626398998612686, 22.198542608012456 ], [ 83.652858976191126, 22.226750160788249 ], [ 83.664547553771456, 22.226962472321823 ], [ 83.700106038889274, 22.247679933446967 ], [ 83.75987984291217, 22.245089886558663 ], [ 83.800723585485528, 22.289882100955822 ], [ 83.826496775221514, 22.294657517841532 ], [ 83.832258790936407, 22.321794548754003 ], [ 83.85007784993438, 22.328521874984201 ], [ 83.86806101416326, 22.345943026731621 ], [ 83.904001677656069, 22.34188455959363 ], [ 83.922570112301656, 22.361842721172991 ], [ 83.973991833707061, 22.360076154909777 ], [ 83.999968223756724, 22.371467445217032 ], [ 84.011220469129995, 22.369901094346822 ], [ 84.008662262379246, 22.382585172762052 ], [ 84.029154285011955, 22.412349662692513 ], [ 84.030984968612898, 22.424351113349296 ], [ 84.047010312524009, 22.43507376894971 ], [ 84.048553127970337, 22.466223425231604 ], [ 83.983132479643231, 22.504220586945259 ], [ 83.981497087281866, 22.515963939574668 ], [ 83.992872780637015, 22.527455041507285 ], [ 84.001328553917304, 22.530787640909356 ], [ 84.009523998969954, 22.522861380550324 ], [ 84.064599531576306, 22.512204423113552 ], [ 84.078628128339147, 22.496283740247627 ], [ 84.109878210647409, 22.483439720006292 ], [ 84.113094233914325, 22.476008791941315 ], [ 84.141881484014732, 22.473129332826201 ], [ 84.14283536415671, 22.422939073342089 ], [ 84.159429520071214, 22.403237782548334 ], [ 84.201026888328187, 22.37420325093553 ], [ 84.253449245021685, 22.376132105032386 ], [ 84.273060085646918, 22.350313829369583 ], [ 84.29609191707668, 22.339836147197303 ], [ 84.374248347609281, 22.352131571099214 ], [ 84.401310378898543, 22.346437742614352 ], [ 84.43289043862066, 22.351421003334448 ], [ 84.438255577359442, 22.362605520752169 ], [ 84.433727444730337, 22.367228787446727 ], [ 84.454650945925309, 22.381661894096641 ], [ 84.462434074203188, 22.377805680869162 ], [ 84.484376588148805, 22.386267906144695 ], [ 84.483459971985468, 22.408541352108362 ], [ 84.533390524744448, 22.422595771415725 ], [ 84.550048555913378, 22.419784208210679 ], [ 84.600685158103971, 22.431446564017744 ], [ 84.638791740351223, 22.431284136632357 ], [ 84.66828976308706, 22.416605920547752 ], [ 84.750499782351085, 22.417493313995024 ], [ 84.759326956901106, 22.444710683472433 ], [ 84.81440355933519, 22.449592248509543 ], [ 84.819289489421095, 22.434369743231439 ], [ 84.839135838886833, 22.429165388568673 ], [ 84.847957566014614, 22.437646869054745 ], [ 84.861924085730948, 22.434776397764473 ], [ 84.883096159463932, 22.446025965037236 ], [ 84.886808557328578, 22.420419315848946 ], [ 84.900341121744205, 22.42085046009424 ], [ 84.922948737697709, 22.426227819888513 ], [ 84.923936245244448, 22.43720270750465 ], [ 84.953795073593213, 22.453902015087223 ], [ 84.958964019919478, 22.455596240126571 ], [ 84.961100686492301, 22.441750714435631 ], [ 85.038040970247167, 22.472625485148487 ], [ 85.039773244831693, 22.479765702832992 ], [ 85.068944868210252, 22.48126887745418 ], [ 85.04536410490465, 22.702763275308257 ], [ 84.983913852994803, 22.899804560888608 ], [ 84.984698211524204, 23.006429065046685 ], [ 84.996310372170413, 23.051756143339166 ], [ 85.067645202337175, 23.192620405779238 ], [ 85.108464888081173, 23.224778096799273 ], [ 85.184808256752305, 23.237436777152748 ], [ 85.227619924326859, 23.235974224312312 ], [ 85.381721103881119, 23.373847558720136 ], [ 85.450967870926064, 23.450628784509156 ], [ 85.55434045401104, 23.550526753742393 ], [ 85.589444882260864, 23.598011329163963 ], [ 85.616246249482614, 23.682368088708134 ], [ 85.632899137462942, 23.760999465857562 ], [ 85.636472097555213, 23.843159366376351 ], [ 85.652626435485502, 23.909615988390847 ], [ 85.677797449722775, 23.954402522460608 ], [ 85.696897550775006, 24.01160237492693 ], [ 85.716871290531927, 24.1632489196172 ], [ 85.792011701479453, 24.209196694858058 ], [ 85.832370230595103, 24.219860202191846 ], [ 85.868865286853165, 24.29161785075561 ], [ 85.861525723849354, 24.496096493252988 ], [ 85.798588946197967, 24.577717509577013 ], [ 85.788016164643921, 24.639065009590517 ], [ 85.803250646071731, 24.681156194008491 ], [ 85.910927086701463, 24.762995654318949 ], [ 85.934488748632646, 24.740830016234327 ], [ 85.972903455864142, 24.732642567994539 ], [ 85.9840409388664, 24.747987448974627 ], [ 86.006750512914877, 24.751728296560994 ], [ 86.016347966939421, 24.768333529212882 ], [ 86.05732676794517, 24.779889183804222 ], [ 86.059744771498529, 24.762123524815042 ], [ 86.042747417306416, 24.74772083649712 ], [ 86.045804779270512, 24.741700744730565 ], [ 86.069917513564107, 24.752054010982178 ], [ 86.093271563351152, 24.746739382949642 ], [ 86.115980331208846, 24.732668713666744 ], [ 86.131079105643266, 24.705635632982716 ], [ 86.140228092685575, 24.676015299018758 ], [ 86.132575162602635, 24.671311146799088 ], [ 86.132920314071015, 24.654747675949469 ], [ 86.124856009826701, 24.642428610365918 ], [ 86.132197474653381, 24.612386825009775 ], [ 86.139863365769941, 24.604120931135345 ], [ 86.15881896453223, 24.600295056620261 ], [ 86.172195312650274, 24.584301393996586 ], [ 86.201452602465395, 24.585798709299528 ], [ 86.222230028690987, 24.591808463663842 ], [ 86.223910416335187, 24.612387840961329 ], [ 86.270596355406042, 24.576519272327864 ], [ 86.272713031228562, 24.582622092864806 ], [ 86.283337784939945, 24.574893846426484 ], [ 86.280246534993253, 24.583427942189104 ], [ 86.299062817077541, 24.586772324590314 ], [ 86.329271167670001, 24.584791708235358 ], [ 86.310468468563329, 24.559012026535324 ], [ 86.31624612051273, 24.548081195079632 ], [ 86.307755070213062, 24.532730631874845 ], [ 86.318810165659713, 24.50925314904724 ], [ 86.285521500834903, 24.462814813808407 ], [ 86.307256339813833, 24.457629985076853 ], [ 86.310110382714271, 24.445685048567452 ], [ 86.325826083820843, 24.441025391750504 ], [ 86.35702814621159, 24.444575725040128 ], [ 86.421817220045369, 24.380181844417862 ], [ 86.458395904235999, 24.369627551746451 ], [ 86.471866879578357, 24.385987197508239 ], [ 86.472040433827644, 24.422832423005943 ], [ 86.494779839721929, 24.425954876113192 ], [ 86.497340034297892, 24.454974753034893 ], [ 86.490701827209165, 24.459737124255611 ], [ 86.511967642142338, 24.518554912355484 ], [ 86.529768116017848, 24.536586138499043 ], [ 86.552909720822001, 24.535893026489347 ], [ 86.564139799228883, 24.549323962311487 ], [ 86.560874648440191, 24.560107202563305 ], [ 86.584460322314655, 24.568702753437407 ], [ 86.590109928899309, 24.586131245329252 ], [ 86.609142845828529, 24.605866265996742 ], [ 86.615514988718388, 24.60821969416569 ], [ 86.613120416912054, 24.595171237025639 ], [ 86.625055112643622, 24.595522424386544 ], [ 86.624474391833047, 24.585315740444791 ], [ 86.674543241864342, 24.561519001787236 ], [ 86.724728707004758, 24.579084670085418 ], [ 86.737678229207845, 24.576688730195485 ], [ 86.751743460599499, 24.590386011575458 ], [ 86.756966913038923, 24.618832082225413 ], [ 86.781591749960384, 24.616429259725379 ], [ 86.783204043814393, 24.620617035376362 ], [ 86.79294988060974, 24.600257734106243 ], [ 86.800432892602416, 24.597712798582041 ], [ 86.791686104789903, 24.618058538163776 ], [ 86.811824636428256, 24.595395573909844 ], [ 86.813653628520811, 24.577758349268279 ], [ 86.806312916283844, 24.565523075177346 ], [ 86.843064387334977, 24.569208207125754 ], [ 86.844805138660391, 24.555021929018423 ], [ 86.860609148054607, 24.551419132082366 ], [ 86.882378872368463, 24.568271494812432 ], [ 86.890114555833051, 24.555441143798863 ], [ 86.899054760007658, 24.555810439266995 ], [ 86.917111945911373, 24.539664649254988 ], [ 86.904043558266849, 24.587474108202379 ], [ 86.924900995307738, 24.620316785773962 ], [ 86.940099278275625, 24.627431608446027 ], [ 86.936075268422258, 24.643710822328497 ], [ 86.954591127135046, 24.643650300198185 ], [ 86.951442555289034, 24.627473196009728 ], [ 86.977136404172725, 24.631213401702027 ], [ 87.016085547606423, 24.607212738860134 ], [ 87.030232539694254, 24.622055329200936 ], [ 87.033390048361866, 24.610260747368557 ], [ 87.042564944815283, 24.614188164538895 ], [ 87.056319508219332, 24.607732094302033 ], [ 87.050260568830595, 24.624974885195606 ], [ 87.060599699831755, 24.671503986734425 ], [ 87.087768113762664, 24.725389974194517 ], [ 87.08724003787367, 24.736776368072061 ], [ 87.079511595620772, 24.743905007982978 ], [ 87.092238925759119, 24.759139255112018 ], [ 87.088787562691479, 24.78003759922483 ], [ 87.102628542825443, 24.802269776430041 ], [ 87.083287053772864, 24.80912824540389 ], [ 87.083279955975286, 24.818893234445518 ], [ 87.086335156746458, 24.825113637849391 ], [ 87.10093234415848, 24.826952106779316 ], [ 87.120452661730823, 24.856275142415445 ], [ 87.156912754163613, 24.859169905168287 ], [ 87.153876565546483, 24.868605322662045 ], [ 87.164189794870424, 24.890269665954325 ], [ 87.152489038351632, 24.913544871886494 ], [ 87.161317477601898, 24.932364980245907 ], [ 87.154603482270446, 24.942779447821906 ], [ 87.1597273999256, 24.991582484197899 ], [ 87.150266376086165, 25.018556940465754 ], [ 87.164418968092164, 25.031580739975077 ], [ 87.182728744380427, 25.06457419748406 ], [ 87.203551917055648, 25.074210267016998 ], [ 87.217419456005018, 25.090141709361493 ], [ 87.239926888823675, 25.086367647375308 ], [ 87.245925827905666, 25.100001084482884 ], [ 87.256628832528094, 25.106389428858165 ], [ 87.297124936728594, 25.089835884550816 ], [ 87.303955987023656, 25.135193228434868 ], [ 87.321077782731308, 25.165547116939177 ], [ 87.316700817435333, 25.170314710596152 ], [ 87.329552201053104, 25.223549447282856 ], [ 87.375930766683624, 25.205539626499629 ], [ 87.383189522140739, 25.223094482254762 ], [ 87.39781697374697, 25.227991181755304 ], [ 87.473575367780043, 25.193670790929101 ], [ 87.478092017720996, 25.195194773406183 ], [ 87.478620007189875, 25.241366022788675 ], [ 87.493553593900586, 25.262467444946129 ], [ 87.501691868958574, 25.262951278423778 ], [ 87.500463328660402, 25.275892958606637 ], [ 87.493574543355038, 25.278063214598355 ], [ 87.487509458673983, 25.295614768975792 ], [ 87.496086900750228, 25.305636634277604 ], [ 87.504873074027003, 25.292741631497627 ], [ 87.518852325282921, 25.292593473318512 ], [ 87.535394025318041, 25.28008246669792 ], [ 87.545687038638619, 25.282093067092745 ], [ 87.553437358094342, 25.331374769379085 ], [ 87.573086843268939, 25.334325952970666 ], [ 87.586047435709759, 25.348818360817688 ], [ 87.593611722583901, 25.340983514165945 ], [ 87.58711768969134, 25.328468012120105 ], [ 87.605818871135327, 25.31511789449598 ] ] ] } },
{ "type": "Feature", "properties": { "objectid": 18, "ae_regcode": 13, "physio_reg": "EASTERN PLAIN  HOT SUBAUMID (MOIST) ECO-REGION", "area_sqkm": 10937.356717500001, "shape_Leng": 2952750.74865, "shape_Area": 101364160694.0 }, "geometry": { "type": "Polygon", "coordinates": [ [ [ 79.761863221127456, 28.887265628742117 ], [ 79.78634626268267, 28.885741447688694 ], [ 79.803489501956093, 28.864321901348902 ], [ 79.814674599505182, 28.865738089971476 ], [ 79.820500061627371, 28.856740656007428 ], [ 79.819967889202431, 28.850211565061379 ], [ 79.80647775004924, 28.84677110188338 ], [ 79.810003211556605, 28.839953284961826 ], [ 79.805509649112125, 28.833185372506964 ], [ 79.81302207547364, 28.823557088637507 ], [ 79.806578878059682, 28.808643898146695 ], [ 79.797971252429235, 28.814850418432457 ], [ 79.795133519769138, 28.799340471840235 ], [ 79.813046841044226, 28.798459153725364 ], [ 79.827707680224307, 28.806178419777332 ], [ 79.824655199582224, 28.824102096538414 ], [ 79.83631418403499, 28.83871240999661 ], [ 79.865914545168494, 28.838212709802018 ], [ 79.872452115132418, 28.828067359097236 ], [ 79.887172294578363, 28.82417214248132 ], [ 79.887456445387485, 28.812269968910339 ], [ 79.85804170258001, 28.815226779826506 ], [ 79.852335169297959, 28.802585473049238 ], [ 79.879083097024164, 28.790379628830234 ], [ 79.913107398274377, 28.796055134938531 ], [ 79.900721396672893, 28.779706579139059 ], [ 79.923827184576908, 28.758893068386605 ], [ 79.934116552325122, 28.726648182781673 ], [ 79.964607069539213, 28.711465679911345 ], [ 79.999989603110436, 28.710969746710301 ], [ 80.025396568615051, 28.731332428926788 ], [ 80.046573109194185, 28.757175740810506 ], [ 80.052297788823111, 28.777074011991658 ], [ 80.037542762279841, 28.793804720190955 ], [ 80.070348030830658, 28.829225999236915 ], [ 80.082163588707743, 28.823608550291059 ], [ 80.133388616729718, 28.822143570016109 ], [ 80.210692178422079, 28.75992329388836 ], [ 80.247552546626764, 28.758164738563025 ], [ 80.266271949595406, 28.750380800308083 ], [ 80.270739744412879, 28.743513512122558 ], [ 80.262239748161562, 28.724731655371116 ], [ 80.279690824486977, 28.709610697542018 ], [ 80.322929957986659, 28.696542339084946 ], [ 80.332454005019031, 28.666691489143979 ], [ 80.361888386921933, 28.65157601696351 ], [ 80.361679454026742, 28.641413536610568 ], [ 80.36926940888803, 28.635168090350405 ], [ 80.382892502808303, 28.630141509107695 ], [ 80.438366678001969, 28.637355288487122 ], [ 80.465738540492552, 28.620175485766712 ], [ 80.47395260228619, 28.601411148257579 ], [ 80.471914031448662, 28.5880703065143 ], [ 80.489552737613081, 28.583769983929098 ], [ 80.521747596665392, 28.557780490069995 ], [ 80.533112165275071, 28.568609041764862 ], [ 80.520730082533959, 28.579685489049613 ], [ 80.508668314763526, 28.665791912505007 ], [ 80.546029906130983, 28.689511038973222 ], [ 80.582598337508969, 28.683589858501868 ], [ 80.591041940149992, 28.67928932027305 ], [ 80.584383437397364, 28.661199068777492 ], [ 80.595865906031477, 28.655538675099628 ], [ 80.59410215471722, 28.646056457402814 ], [ 80.607628828998671, 28.648972853719748 ], [ 80.631659778484547, 28.636726106936933 ], [ 80.668862855607088, 28.639826299233512 ], [ 80.670631153354748, 28.626945156345162 ], [ 80.681124752051232, 28.619025925622509 ], [ 80.681749820298663, 28.604103498148593 ], [ 80.698602350256266, 28.601810770593985 ], [ 80.694890098518144, 28.586214241021864 ], [ 80.702662606937466, 28.575351057319125 ], [ 80.735519290729044, 28.566790913744732 ], [ 80.747363933824658, 28.5729830767213 ], [ 80.771363432779324, 28.565254831566666 ], [ 80.772374006928132, 28.551448078372722 ], [ 80.788189316725507, 28.54056850666867 ], [ 80.787111166569517, 28.524523767459076 ], [ 80.824144304681724, 28.515827594177892 ], [ 80.845033981061093, 28.496795940444091 ], [ 80.865929294931945, 28.492183693548483 ], [ 80.864693249986189, 28.50486513286415 ], [ 80.879025615585661, 28.507295999759119 ], [ 80.908610458834886, 28.494969367414363 ], [ 80.910341601314968, 28.487069194466734 ], [ 80.899237241429319, 28.478058285308933 ], [ 80.90571853991527, 28.45900177479583 ], [ 80.919768257143119, 28.46242622307912 ], [ 80.921199937497065, 28.455252137075885 ], [ 80.928879144778122, 28.454395589001901 ], [ 80.942307157933271, 28.466203209835385 ], [ 80.939321804327179, 28.451045047325628 ], [ 80.958459193972459, 28.445737920157907 ], [ 80.978369875306669, 28.450865251586457 ], [ 80.966096001901988, 28.441200451518657 ], [ 80.97219287555285, 28.434616645425969 ], [ 81.002121186376954, 28.44986900290349 ], [ 81.013858402388195, 28.448005612149387 ], [ 81.016569962091324, 28.433298413531539 ], [ 81.030140778652054, 28.436840197235842 ], [ 81.039788274782865, 28.429813275245237 ], [ 81.02226188611175, 28.413153388952338 ], [ 81.037130881786254, 28.400206385564793 ], [ 81.043774290140348, 28.412165174989429 ], [ 81.103347795466092, 28.377752446009058 ], [ 81.215678307444932, 28.357480452277901 ], [ 81.235641324882707, 28.330020978458307 ], [ 81.240422065767689, 28.280944044979567 ], [ 81.29300410941255, 28.222978248496915 ], [ 81.320424220897678, 28.201816274122685 ], [ 81.32735671737386, 28.170939720799701 ], [ 81.307279060313107, 28.164070139716994 ], [ 81.319373372986647, 28.155089123628027 ], [ 81.328696808901597, 28.156939146166259 ], [ 81.319594926811263, 28.135383199807084 ], [ 81.379453482483342, 28.145284767964199 ], [ 81.373337468248224, 28.165271106558716 ], [ 81.381325410156691, 28.173132850750591 ], [ 81.429171197406035, 28.171025568583641 ], [ 81.450181514384624, 28.156497011728344 ], [ 81.461188542265873, 28.130316542519012 ], [ 81.484152658878372, 28.114006580746096 ], [ 81.477993358820129, 28.088538143844769 ], [ 81.481886420203296, 28.081171205945058 ], [ 81.632870966483111, 28.002729692725339 ], [ 81.668581508802106, 27.990417464720103 ], [ 81.700329064101609, 27.988772125585051 ], [ 81.806814418345155, 27.902087755359393 ], [ 81.835214793305553, 27.897271088301299 ], [ 81.89057850485861, 27.857577239658124 ], [ 81.928176806735891, 27.858736138552455 ], [ 81.927370339737692, 27.876833062392357 ], [ 81.939923233564841, 27.88438948726791 ], [ 81.971340591129078, 27.929454088852363 ], [ 82.073771593280995, 27.923956033295983 ], [ 82.101655596401997, 27.885432363443496 ], [ 82.126002758593259, 27.865688831128722 ], [ 82.151788076960131, 27.857924970771965 ], [ 82.160020224910994, 27.86548614636499 ], [ 82.207209785171187, 27.845687472727487 ], [ 82.294959632718843, 27.777609076717553 ], [ 82.37142713985412, 27.739047718473948 ], [ 82.38772097686676, 27.713955313519506 ], [ 82.458570350939411, 27.676181067833401 ], [ 82.474776523790496, 27.675386396521663 ], [ 82.516811285028865, 27.688990071550911 ], [ 82.555571814588149, 27.686577577791002 ], [ 82.601134965050903, 27.696496185632874 ], [ 82.60656310765421, 27.703163426970644 ], [ 82.62378495955393, 27.702681391522336 ], [ 82.634106460935243, 27.711765164632887 ], [ 82.648787913625512, 27.710197338314273 ], [ 82.66116331792567, 27.72060907281379 ], [ 82.70395053638056, 27.718106534520928 ], [ 82.713766942683904, 27.72832356359168 ], [ 82.708872190635958, 27.709874135712667 ], [ 82.719730742193747, 27.688435013167641 ], [ 82.716089955341573, 27.662099367188247 ], [ 82.720321459382177, 27.654768934444107 ], [ 82.733067156550177, 27.652312240912629 ], [ 82.733104175877003, 27.640988486179673 ], [ 82.744158516199832, 27.631554716897735 ], [ 82.737831205412505, 27.61224217221114 ], [ 82.755002443191188, 27.583250751346206 ], [ 82.741151138664279, 27.548673333524622 ], [ 82.74949032804146, 27.523444120721773 ], [ 82.737914167577216, 27.513928124430027 ], [ 82.741713048503527, 27.500754558167621 ], [ 82.818264030904501, 27.495405768542021 ], [ 82.840783769745329, 27.501260124186686 ], [ 82.883287468438027, 27.496056533219292 ], [ 82.925656520783704, 27.500478546932662 ], [ 82.939188512203529, 27.493693927844863 ], [ 82.950108117755207, 27.472258642980837 ], [ 83.023024721954044, 27.452592514255151 ], [ 83.053009121508822, 27.447985943866001 ], [ 83.18416680901619, 27.452862520160746 ], [ 83.205497920012064, 27.435732588837659 ], [ 83.215916596383238, 27.417199911543186 ], [ 83.272412581916868, 27.380608847679426 ], [ 83.269937501082737, 27.361451027646222 ], [ 83.278665621254532, 27.346577852733144 ], [ 83.311835560797377, 27.329156673538751 ], [ 83.357599190250099, 27.339954291745538 ], [ 83.373642516160118, 27.354984624005443 ], [ 83.374394001205204, 27.365345440792264 ], [ 83.391146278641443, 27.372679317544804 ], [ 83.394980240727676, 27.388842083984418 ], [ 83.405859534094517, 27.398552258638524 ], [ 83.405310574466938, 27.414974251260013 ], [ 83.390962516450514, 27.428480817131746 ], [ 83.406778334061158, 27.454121597359105 ], [ 83.395328036331463, 27.466352224488109 ], [ 83.394037852643919, 27.47542296199406 ], [ 83.402102581203707, 27.477960527809149 ], [ 83.61359643626686, 27.468934639262599 ], [ 83.82334914589353, 27.374973098076492 ], [ 83.866561670739713, 27.344905318801388 ], [ 83.886321076258582, 27.376036016677833 ], [ 83.837066233652735, 27.421935543866343 ], [ 83.83492206430455, 27.428127442472071 ], [ 83.850879231942216, 27.44596976362692 ], [ 83.874340791596566, 27.434858099228062 ], [ 83.915405837796996, 27.439888283739226 ], [ 83.93598173480521, 27.448843696533686 ], [ 83.950281452477341, 27.44111516179931 ], [ 83.97063452932926, 27.445374927618243 ], [ 83.983810660609791, 27.437538241106431 ], [ 84.000979282597314, 27.444820290651954 ], [ 84.029947318489064, 27.436197288759246 ], [ 84.04354320267187, 27.445229577808849 ], [ 84.053492022487518, 27.443195927136685 ], [ 84.054289950125749, 27.449885225876816 ], [ 84.063232623459911, 27.453529528394856 ], [ 84.070171471256074, 27.480864893192361 ], [ 84.09779025555207, 27.493151550901612 ], [ 84.106378045463046, 27.519067467449663 ], [ 84.11716571990938, 27.520928140241729 ], [ 84.129074922738965, 27.510796952545963 ], [ 84.154249141477763, 27.518615599786305 ], [ 84.156494508776163, 27.510610991047539 ], [ 84.148924536474979, 27.49661905672707 ], [ 84.155153475880184, 27.486593207018743 ], [ 84.189804554491232, 27.470070886778316 ], [ 84.211085029309444, 27.467459718705229 ], [ 84.218490780027167, 27.439576655250121 ], [ 84.225459536387888, 27.439849888152722 ], [ 84.229554728562704, 27.449639810557297 ], [ 84.255145795892872, 27.449692135202881 ], [ 84.260228903475664, 27.434595253662756 ], [ 84.274515167659672, 27.425108888624674 ], [ 84.277360644160566, 27.396719551485575 ], [ 84.294207367990907, 27.384564516398736 ], [ 84.30372081418443, 27.391264150776536 ], [ 84.340531520476404, 27.375354487069352 ], [ 84.424369073870849, 27.371168849398373 ], [ 84.472279793334138, 27.354534326698229 ], [ 84.487473234875196, 27.359756714501806 ], [ 84.626174085465564, 27.336507740303979 ], [ 84.691441297413249, 27.223320890157943 ], [ 84.685941543347298, 27.18140195771414 ], [ 84.677676489453276, 27.171219802590947 ], [ 84.680903755942907, 27.16150058858036 ], [ 84.688997597974364, 27.15977464766393 ], [ 84.680705804820064, 27.114666587653321 ], [ 84.674679676712756, 27.112353494788891 ], [ 84.678313896913352, 27.102557161854811 ], [ 84.65051207374745, 27.073055853395939 ], [ 84.646169882644898, 27.046669952245072 ], [ 84.763222380236471, 27.000153012968735 ], [ 84.777546600691906, 27.018049069570164 ], [ 84.797302711468063, 26.996642758909314 ], [ 84.815687164163847, 27.01223178100712 ], [ 84.816226588585977, 27.01936633235783 ], [ 84.828996363042819, 27.020818827291517 ], [ 84.857819428588869, 27.008420275300814 ], [ 84.857979294418598, 26.992172068597363 ], [ 84.900950501102969, 26.973279315529503 ], [ 84.961649772484648, 26.962806894858314 ], [ 84.981255668489268, 26.940919723301285 ], [ 84.971463280456362, 26.920187788631949 ], [ 85.001692823532593, 26.91570517440859 ], [ 85.006796170424693, 26.906081454455418 ], [ 85.000972137730585, 26.900232399794685 ], [ 85.010815605073006, 26.894371642189061 ], [ 85.058790452450737, 26.884582136153526 ], [ 85.032898412384185, 26.87448971870003 ], [ 85.027304294004992, 26.855855971412261 ], [ 85.034066987581369, 26.853104856128997 ], [ 85.065181000513022, 26.849509937138119 ], [ 85.079398722242246, 26.858356122890097 ], [ 85.087170746657648, 26.854075086571289 ], [ 85.092670875583323, 26.859347606290296 ], [ 85.087296318941569, 26.865087591908026 ], [ 85.110391954918526, 26.871541004659758 ], [ 85.195623475033273, 26.868965138781256 ], [ 85.193816181349789, 26.834745786578043 ], [ 85.180107164897592, 26.80930931928933 ], [ 85.196308418680943, 26.789365323808735 ], [ 85.197209058763676, 26.774743289470077 ], [ 85.213382996537433, 26.758408939771677 ], [ 85.239390926224758, 26.762961876098938 ], [ 85.264458279944677, 26.754605465903726 ], [ 85.307795145953534, 26.752197515276617 ], [ 85.336791616487645, 26.741405104855385 ], [ 85.361810786385504, 26.763081317733864 ], [ 85.37719456515795, 26.760617920838087 ], [ 85.409436226029484, 26.790894888879929 ], [ 85.45872484266107, 26.782052502578395 ], [ 85.476989456919071, 26.790332078910062 ], [ 85.48016718658765, 26.802256317113919 ], [ 85.496372231392826, 26.796799151817925 ], [ 85.50104800793909, 26.812700636584839 ], [ 85.522564769060253, 26.812860491424779 ], [ 85.545007708583412, 26.837390652334566 ], [ 85.554977992421726, 26.833900611683692 ], [ 85.558971569549072, 26.842840618429463 ], [ 85.567328340600113, 26.840791727638216 ], [ 85.57632811942797, 26.859587287793552 ], [ 85.584878958898301, 26.858078037053179 ], [ 85.588332323347757, 26.848252766241284 ], [ 85.609425189417678, 26.856963816670106 ], [ 85.624382017825042, 26.873882901288322 ], [ 85.63715671968987, 26.872288541120309 ], [ 85.643234029037373, 26.853074745127714 ], [ 85.678058825889394, 26.844669809252821 ], [ 85.726377743143615, 26.81668121346955 ], [ 85.735960842549787, 26.794858879166469 ], [ 85.729894940465314, 26.748370760264411 ], [ 85.735432019356807, 26.738358681509748 ], [ 85.727216189230361, 26.724086829528471 ], [ 85.724062987156174, 26.681032167121497 ], [ 85.736037994153904, 26.66462262912388 ], [ 85.737265950431336, 26.650363469212511 ], [ 85.768910344499616, 26.631720035366744 ], [ 85.802247163324949, 26.625174076666511 ], [ 85.818224764022773, 26.603169126609231 ], [ 85.830273103108311, 26.602550885790915 ], [ 85.830663183804361, 26.613019497937696 ], [ 85.852145277094039, 26.608348299047186 ], [ 85.856975807968681, 26.591476414405189 ], [ 85.847540250493864, 26.572058635977861 ], [ 85.852462307493013, 26.568367924499821 ], [ 85.87834766316692, 26.585079719891723 ], [ 85.886075954199043, 26.583183330168303 ], [ 85.912469134843036, 26.608738550849996 ], [ 85.944493817626054, 26.615607770331103 ], [ 85.960067943871337, 26.651891649827103 ], [ 85.97593956033765, 26.65947399220633 ], [ 86.014697929482978, 26.6560308900665 ], [ 86.030184302362969, 26.666406787493358 ], [ 86.071841535620763, 26.658981599461637 ], [ 86.088687163497596, 26.644167442898148 ], [ 86.127009457158067, 26.628149167342485 ], [ 86.139356775871278, 26.628586268950169 ], [ 86.141208762688265, 26.604489697168223 ], [ 86.176377432651208, 26.617797741607802 ], [ 86.194532440376747, 26.614604834481735 ], [ 86.201108699721487, 26.594466723754774 ], [ 86.221671791399771, 26.589826567468855 ], [ 86.236522145617712, 26.590524623590774 ], [ 86.237048782098881, 26.597471906909597 ], [ 86.256463518117016, 26.613321878093284 ], [ 86.296513794230748, 26.612955268412524 ], [ 86.310894937542827, 26.619782045817505 ], [ 86.345615792494854, 26.616533845134374 ], [ 86.343161991640045, 26.605890729192474 ], [ 86.396413959335504, 26.594634749967515 ], [ 86.398277407978838, 26.585514130470312 ], [ 86.460309736872873, 26.566995275571255 ], [ 86.501012881309705, 26.542203071264819 ], [ 86.538325102465549, 26.541334961747207 ], [ 86.572981134543667, 26.497873438182083 ], [ 86.614130827172815, 26.487940609661834 ], [ 86.631860859759897, 26.468545518756027 ], [ 86.697290687697901, 26.4492672322449 ], [ 86.702827630835003, 26.438685171184133 ], [ 86.735098075148855, 26.424430751064161 ], [ 86.772834091533298, 26.458339010498015 ], [ 86.818008417066977, 26.441740255203584 ], [ 86.842851615526982, 26.439877109608972 ], [ 86.866147404590492, 26.455435524684244 ], [ 86.896767919504498, 26.461556212563003 ], [ 86.8963838633953, 26.486738867567016 ], [ 86.931896187848068, 26.488484320049825 ], [ 86.933108590581938, 26.511759025615376 ], [ 86.940466969084511, 26.516041380894336 ], [ 86.977811965109012, 26.519389862053266 ], [ 86.986613305937254, 26.527988709713721 ], [ 87.015968081282793, 26.533733510699019 ], [ 87.046046642994924, 26.573035232778984 ], [ 87.045688592314278, 26.587208139875504 ], [ 87.072372403716244, 26.586456395719559 ], [ 87.074918988700247, 26.541411362768287 ], [ 87.092456041245782, 26.452109790845377 ], [ 87.157509905045842, 26.405733421155148 ], [ 87.190861158280896, 26.404640379198639 ], [ 87.187656720597559, 26.414052549614269 ], [ 87.212800618895429, 26.413023505504707 ], [ 87.218114287349351, 26.404314586753745 ], [ 87.230650592273122, 26.413769227187181 ], [ 87.261875800667994, 26.410516862839351 ], [ 87.267083658054005, 26.402340506338621 ], [ 87.266758123789913, 26.373735587976789 ], [ 87.290505204804219, 26.374425628442729 ], [ 87.303129447178577, 26.366541656675892 ], [ 87.313614948291658, 26.371858404458159 ], [ 87.341163694383596, 26.348309603429172 ], [ 87.358249834799309, 26.360511254673863 ], [ 87.355749504552278, 26.385533954604057 ], [ 87.370157670588597, 26.407415835708377 ], [ 87.388739970786659, 26.418686917876556 ], [ 87.428759587315682, 26.420990343679826 ], [ 87.462881740384162, 26.439678673878287 ], [ 87.493821399926773, 26.436909499395718 ], [ 87.549689564553447, 26.418619089038369 ], [ 87.555308475182969, 26.405107113453813 ], [ 87.586706803526226, 26.393836493717561 ], [ 87.590345299162877, 26.382431501885751 ], [ 87.609366299288496, 26.38104137622911 ], [ 87.614213170855308, 26.390817911743461 ], [ 87.652826452631871, 26.392805321806268 ], [ 87.651513865442524, 26.405627208520301 ], [ 87.678629573589703, 26.416226114773803 ], [ 87.679128967110088, 26.435526533947836 ], [ 87.715382983353678, 26.427330726887249 ], [ 87.724565640973893, 26.411973321746746 ], [ 87.735612694285237, 26.407590485369372 ], [ 87.740297743391963, 26.418725475638325 ], [ 87.750010747228984, 26.417788285245422 ], [ 87.754061078462243, 26.407906172995627 ], [ 87.766604195023518, 26.409010613014306 ], [ 87.780038852341207, 26.434466423744087 ], [ 87.777010028599207, 26.451469249406721 ], [ 87.792035977962954, 26.462916954172705 ], [ 87.789211091473859, 26.467824485004794 ], [ 87.816055620232646, 26.46016626890102 ], [ 87.831020936697996, 26.449777733396633 ], [ 87.829556474835258, 26.440321773807884 ], [ 87.850524394018578, 26.435627154874656 ], [ 87.853398910200127, 26.445601798695733 ], [ 87.864845299492615, 26.452036508514912 ], [ 87.860214704807021, 26.462927049563518 ], [ 87.887209790977934, 26.476006972947172 ], [ 87.891393599418436, 26.486149592322732 ], [ 87.911370775684148, 26.458454454537929 ], [ 87.900675267904603, 26.448848498107186 ], [ 87.926785033659073, 26.445873522855639 ], [ 87.91774346922773, 26.433098728423861 ], [ 87.926581669651199, 26.428556165195765 ], [ 87.929411515684876, 26.418509704492024 ], [ 87.96742780251553, 26.397857206986927 ], [ 87.99328966287834, 26.393077352517341 ], [ 87.995531816166746, 26.367240960987001 ], [ 88.02000922771397, 26.352811979985205 ], [ 88.031185132943122, 26.355448584285458 ], [ 88.039532175586615, 26.384832238362456 ], [ 88.098387695419049, 26.434481235460048 ], [ 88.103426389146023, 26.446141207035357 ], [ 88.096751835448359, 26.453640465167624 ], [ 88.108807701480146, 26.465457112804533 ], [ 88.099704202844549, 26.508618091693041 ], [ 88.108952082708043, 26.525351507973902 ], [ 88.105288411436518, 26.532989125330371 ], [ 88.112234293942777, 26.53885634793863 ], [ 88.138894390130275, 26.512415279989529 ], [ 88.152087706492949, 26.510811759854192 ], [ 88.172068118992229, 26.521477966570174 ], [ 88.174982300512099, 26.537188950160616 ], [ 88.185343171839591, 26.530710123614071 ], [ 88.189123499506096, 26.542759788340181 ], [ 88.197197142537021, 26.544142603227336 ], [ 88.221229864905055, 26.535438382108946 ], [ 88.216323458217531, 26.540560121026996 ], [ 88.227475290366343, 26.546118689452587 ], [ 88.22057627472951, 26.55060829388729 ], [ 88.222079413551029, 26.557111331603334 ], [ 88.23786905399227, 26.551817707804631 ], [ 88.239984203594688, 26.532227080789607 ], [ 88.213008639248002, 26.50991444700637 ], [ 88.200515956009298, 26.507861405238714 ], [ 88.185677669615899, 26.490425660750365 ], [ 88.198252126830823, 26.482940575165934 ], [ 88.20037241797273, 26.471889417829924 ], [ 88.221353145620327, 26.469603977677451 ], [ 88.219756153845637, 26.477647712639797 ], [ 88.232811905471266, 26.476118025182569 ], [ 88.221912454923284, 26.465603843716213 ], [ 88.235527732034257, 26.447037315997498 ], [ 88.249920584714417, 26.449194424596765 ], [ 88.27440114618463, 26.421656795972883 ], [ 88.235724905375648, 26.389771197596726 ], [ 88.244062635882486, 26.375299292885909 ], [ 88.261332252969765, 26.374396350441888 ], [ 88.274023711885434, 26.381086539389006 ], [ 88.280404593060865, 26.377210452115243 ], [ 88.288300870158082, 26.360064052630623 ], [ 88.298296490396936, 26.353852996195137 ], [ 88.285728450455395, 26.346292041203277 ], [ 88.285916987435115, 26.335483153831539 ], [ 88.278826443552845, 26.330491928657601 ], [ 88.267517566364987, 26.337798766244198 ], [ 88.242833423895902, 26.305347708252398 ], [ 88.238146303039102, 26.310312694156622 ], [ 88.230964318107809, 26.289365232478481 ], [ 88.220630441677855, 26.281649106145501 ], [ 88.189747847589487, 26.274633869893297 ], [ 88.183261271916507, 26.261696298967717 ], [ 88.150847491328733, 26.252763631973338 ], [ 88.143788533680564, 26.243724343437638 ], [ 88.145175709414573, 26.230788767256271 ], [ 88.118264706466974, 26.226174092728421 ], [ 88.122400267412331, 26.222945803546931 ], [ 88.096059703522769, 26.203204631829333 ], [ 88.076199318416812, 26.175701534616874 ], [ 88.058718660239407, 26.171648186752922 ], [ 88.043828114758739, 26.177673610067203 ], [ 88.018148293234489, 26.154780355530537 ], [ 88.019449636613615, 26.140863995612232 ], [ 88.002431942853704, 26.141779705599532 ], [ 87.988531861246159, 26.159151988594235 ], [ 87.970506619921437, 26.151942595486183 ], [ 87.977371475910431, 26.137124998330169 ], [ 87.963549946589822, 26.128842804490318 ], [ 87.9820175524045, 26.121623394988422 ], [ 87.975716590755027, 26.109303380775209 ], [ 87.964638002422674, 26.108828545462593 ], [ 87.960804486107961, 26.102786065897099 ], [ 87.978534958861999, 26.084859936181669 ], [ 87.944253634940836, 26.0844777768135 ], [ 87.937513637464576, 26.068958001794481 ], [ 87.928926786449196, 26.07180937691329 ], [ 87.9193453524815, 26.090965382050413 ], [ 87.882478333375772, 26.066181062465752 ], [ 87.881611978658938, 26.055581950095863 ], [ 87.869677143198246, 26.056102211651524 ], [ 87.848534789009577, 26.044475377864625 ], [ 87.847015867445762, 26.019782727180594 ], [ 87.832417096154145, 25.988339130654275 ], [ 87.837600103925766, 25.964146861656346 ], [ 87.830234253374883, 25.946501725519486 ], [ 87.836249157948842, 25.935509380950656 ], [ 87.813303621293912, 25.929986256698456 ], [ 87.809910726232175, 25.920784550131909 ], [ 87.814108270042738, 25.909063874193855 ], [ 87.822774100082782, 25.91278009279339 ], [ 87.819948145061915, 25.900038857595153 ], [ 87.826552208622999, 25.893845790097966 ], [ 87.821788438639985, 25.88563000344455 ], [ 87.82909499132802, 25.871572640136012 ], [ 87.871487309402809, 25.86766880336183 ], [ 87.884952436078265, 25.858586579225804 ], [ 87.891020008571559, 25.8647762167971 ], [ 87.917076350191138, 25.851886151183301 ], [ 87.903570915166242, 25.834670442880352 ], [ 87.889562924882497, 25.828764392069615 ], [ 87.902607919601834, 25.829244935941471 ], [ 87.900010319236031, 25.82521112656249 ], [ 87.916640074319346, 25.814964790243479 ], [ 87.913722645654133, 25.809555771004174 ], [ 87.909271758835047, 25.814293662043323 ], [ 87.902864606072825, 25.811223160553944 ], [ 87.901156299292282, 25.804858499999931 ], [ 87.909172899837102, 25.802040828671149 ], [ 87.904119193868254, 25.799440688115077 ], [ 87.904565274180115, 25.769952660797671 ], [ 87.938458336513534, 25.77151586400209 ], [ 87.947680208398694, 25.756159421440632 ], [ 87.944663637648702, 25.748751137370025 ], [ 87.966472444277485, 25.732348266904587 ], [ 87.96698945313787, 25.724906570225997 ], [ 87.985634944803508, 25.718700222721825 ], [ 87.993755835039252, 25.723905191249433 ], [ 88.003118237244109, 25.712159651388628 ], [ 88.022588576118167, 25.704965932005937 ], [ 88.022076889205437, 25.691981820415698 ], [ 88.036085347165638, 25.69907428406492 ], [ 88.054514618899603, 25.690837888103808 ], [ 88.049017045868936, 25.674176068953567 ], [ 88.054372157280184, 25.644207621583149 ], [ 88.041386747117869, 25.637132927437516 ], [ 88.060122565793407, 25.633170215420424 ], [ 88.042761471793469, 25.62232213808397 ], [ 88.047212458957546, 25.605835313000128 ], [ 88.035501003392795, 25.600358028129371 ], [ 88.044397999511787, 25.595380257436165 ], [ 88.026839787392205, 25.587273871142596 ], [ 88.035811404632554, 25.574692177749217 ], [ 88.031044398514652, 25.56944256420017 ], [ 88.044010970987514, 25.564240119954469 ], [ 88.032808969070558, 25.553631623424415 ], [ 88.043622944460523, 25.546549252377432 ], [ 88.041448159375378, 25.537109324497486 ], [ 88.063825739610394, 25.529098283681318 ], [ 88.074541503260505, 25.513449773222426 ], [ 88.069534954760499, 25.50657036279442 ], [ 88.07852452997021, 25.50430241156343 ], [ 88.076080651011665, 25.480916818953183 ], [ 88.058641686791702, 25.487044325061532 ], [ 88.05202480367808, 25.483027502699102 ], [ 88.040213968380655, 25.493142639354382 ], [ 88.033252643842417, 25.486550177317081 ], [ 88.013674565885424, 25.503227949305746 ], [ 88.017410731507894, 25.50796681515823 ], [ 88.013229040297006, 25.510780272347684 ], [ 88.009964442040925, 25.494445256896547 ], [ 87.998521240864932, 25.498250862317409 ], [ 87.986328390095395, 25.516233063787645 ], [ 87.993418134048113, 25.524323500466295 ], [ 87.978047011715702, 25.523609906898997 ], [ 87.961433842809626, 25.538415318989117 ], [ 87.931882259164155, 25.536564353352603 ], [ 87.908882674991091, 25.519412977544533 ], [ 87.910646998540841, 25.507712702607311 ], [ 87.90482146016204, 25.504681927212896 ], [ 87.891190843691035, 25.517451769814475 ], [ 87.88508697563681, 25.51632875203682 ], [ 87.887218789195856, 25.505939855620564 ], [ 87.875739135686516, 25.503372902825163 ], [ 87.866716624029863, 25.486431583073493 ], [ 87.869304121185351, 25.465782793701852 ], [ 87.839682351148483, 25.464958041638546 ], [ 87.83966412221767, 25.459199917233374 ], [ 87.831468159537906, 25.457934093085051 ], [ 87.831630097890269, 25.445665657328192 ], [ 87.814514838124438, 25.434591730994956 ], [ 87.792398869254896, 25.449089803106798 ], [ 87.78722293916195, 25.445045010143826 ], [ 87.782374865474793, 25.429373339846595 ], [ 87.771745700704841, 25.424693785226566 ], [ 87.777113804884436, 25.411982237410612 ], [ 87.768008051655158, 25.412468876289825 ], [ 87.764963579043609, 25.405461154916523 ], [ 87.772316829541609, 25.403954107248182 ], [ 87.771531945624147, 25.378437925179082 ], [ 87.782539205253855, 25.371303460949093 ], [ 87.794638769972337, 25.372702507401488 ], [ 87.789754161152857, 25.332914126693378 ], [ 87.797203619780475, 25.322822679759973 ], [ 87.816824653855065, 25.319646398579732 ], [ 87.860687054158248, 25.29006157615893 ], [ 87.854903027952474, 25.253989848849656 ], [ 87.841192518297717, 25.250370416635104 ], [ 87.828426464453798, 25.234912899244957 ], [ 87.842264514975042, 25.199860581324703 ], [ 87.793276831828038, 25.221069602580002 ], [ 87.789015727735418, 25.24673833092389 ], [ 87.713566132146298, 25.256937860216766 ], [ 87.713767303057281, 25.271882966955729 ], [ 87.694896939881332, 25.285428518458115 ], [ 87.699343233080128, 25.303543243970939 ], [ 87.686491234533634, 25.304762508863767 ], [ 87.689986178057893, 25.310604005244549 ], [ 87.65766896353999, 25.307723049977678 ], [ 87.631891722819205, 25.319073440834135 ], [ 87.628565703613745, 25.311261240823484 ], [ 87.619532809833402, 25.316001639433814 ], [ 87.612789383976462, 25.311844010628967 ], [ 87.58711768969134, 25.328468012120105 ], [ 87.593611722583901, 25.340983514165945 ], [ 87.586047435709759, 25.348818360817688 ], [ 87.573086843268939, 25.334325952970666 ], [ 87.553437358094342, 25.331374769379085 ], [ 87.545687038638619, 25.282093067092745 ], [ 87.535394025318041, 25.28008246669792 ], [ 87.518852325282921, 25.292593473318512 ], [ 87.504873074027003, 25.292741631497627 ], [ 87.496086900750228, 25.305636634277604 ], [ 87.487509458673983, 25.295614768975792 ], [ 87.493574543355038, 25.278063214598355 ], [ 87.500463328660402, 25.275892958606637 ], [ 87.501691868958574, 25.262951278423778 ], [ 87.493553593900586, 25.262467444946129 ], [ 87.478620007189875, 25.241366022788675 ], [ 87.478092017720996, 25.195194773406183 ], [ 87.415499950481433, 25.215629398178283 ], [ 87.39781697374697, 25.227991181755304 ], [ 87.383189522140739, 25.223094482254762 ], [ 87.375930766683624, 25.205539626499629 ], [ 87.329552201053104, 25.223549447282856 ], [ 87.316700817435333, 25.170314710596152 ], [ 87.321077782731308, 25.165547116939177 ], [ 87.303955987023656, 25.135193228434868 ], [ 87.297124936728594, 25.089835884550816 ], [ 87.256628832528094, 25.106389428858165 ], [ 87.245925827905666, 25.100001084482884 ], [ 87.239926888823675, 25.086367647375308 ], [ 87.217419456005018, 25.090141709361493 ], [ 87.203551917055648, 25.074210267016998 ], [ 87.182728744380427, 25.06457419748406 ], [ 87.164418968092164, 25.031580739975077 ], [ 87.152845393084775, 25.024892384767245 ], [ 87.150549162575913, 25.007023730030991 ], [ 87.1597273999256, 24.991582484197899 ], [ 87.154603482270446, 24.942779447821906 ], [ 87.161317477601898, 24.932364980245907 ], [ 87.152489038351632, 24.913544871886494 ], [ 87.164072081698208, 24.886348059937248 ], [ 87.153876565546483, 24.868605322662045 ], [ 87.156912754163613, 24.859169905168287 ], [ 87.120452661730823, 24.856275142415445 ], [ 87.10093234415848, 24.826952106779316 ], [ 87.084542145680246, 24.823006631200286 ], [ 87.083287053772864, 24.80912824540389 ], [ 87.102628542825443, 24.802269776430041 ], [ 87.088787562691479, 24.78003759922483 ], [ 87.092238925759119, 24.759139255112018 ], [ 87.079511595620772, 24.743905007982978 ], [ 87.08724003787367, 24.736776368072061 ], [ 87.087768113762664, 24.725389974194517 ], [ 87.060599699831755, 24.671503986734425 ], [ 87.050260568830595, 24.624974885195606 ], [ 87.056319508219332, 24.607732094302033 ], [ 87.042564944815283, 24.614188164538895 ], [ 87.033390048361866, 24.610260747368557 ], [ 87.030232539694254, 24.622055329200936 ], [ 87.016085547606423, 24.607212738860134 ], [ 86.977136404172725, 24.631213401702027 ], [ 86.951442555289034, 24.627473196009728 ], [ 86.954591127135046, 24.643650300198185 ], [ 86.936075268422258, 24.643710822328497 ], [ 86.940099278275625, 24.627431608446027 ], [ 86.924900995307738, 24.620316785773962 ], [ 86.904043558266849, 24.587474108202379 ], [ 86.917111945911373, 24.539664649254988 ], [ 86.899054760007658, 24.555810439266995 ], [ 86.890114555833051, 24.555441143798863 ], [ 86.882378872368463, 24.568271494812432 ], [ 86.860609148054607, 24.551419132082366 ], [ 86.844805138660391, 24.555021929018423 ], [ 86.843064387334977, 24.569208207125754 ], [ 86.806312916283844, 24.565523075177346 ], [ 86.813653628520811, 24.577758349268279 ], [ 86.811824636428256, 24.595395573909844 ], [ 86.791686104789903, 24.618058538163776 ], [ 86.800432892602416, 24.597712798582041 ], [ 86.79294988060974, 24.600257734106243 ], [ 86.783204043814393, 24.620617035376362 ], [ 86.781591749960384, 24.616429259725379 ], [ 86.756966913038923, 24.618832082225413 ], [ 86.751743460599499, 24.590386011575458 ], [ 86.737678229207845, 24.576688730195485 ], [ 86.724728707004758, 24.579084670085418 ], [ 86.674543241864342, 24.561519001787236 ], [ 86.624474391833047, 24.585315740444791 ], [ 86.625055112643622, 24.595522424386544 ], [ 86.613120416912054, 24.595171237025639 ], [ 86.615514988718388, 24.60821969416569 ], [ 86.590109928899309, 24.586131245329252 ], [ 86.584460322314655, 24.568702753437407 ], [ 86.560874648440191, 24.560107202563305 ], [ 86.564139799228883, 24.549323962311487 ], [ 86.552909720822001, 24.535893026489347 ], [ 86.529768116017848, 24.536586138499043 ], [ 86.511967642142338, 24.518554912355484 ], [ 86.490701827209165, 24.459737124255611 ], [ 86.497340034297892, 24.454974753034893 ], [ 86.494779839721929, 24.425954876113192 ], [ 86.469887200609264, 24.419447957700648 ], [ 86.473307218838372, 24.396132915489662 ], [ 86.467979643992081, 24.3777165066153 ], [ 86.452514372867668, 24.36943907540833 ], [ 86.421817220045369, 24.380181844417862 ], [ 86.404943142810623, 24.401228975751867 ], [ 86.379555898011304, 24.416767345588369 ], [ 86.359801591811731, 24.442931012515668 ], [ 86.325826083820843, 24.441025391750504 ], [ 86.310110382714271, 24.445685048567452 ], [ 86.307256339813833, 24.457629985076853 ], [ 86.285521500834903, 24.462814813808407 ], [ 86.318810165659713, 24.50925314904724 ], [ 86.307755070213062, 24.532730631874845 ], [ 86.31624612051273, 24.548081195079632 ], [ 86.310468468563329, 24.559012026535324 ], [ 86.329271167670001, 24.584791708235358 ], [ 86.299062817077541, 24.586772324590314 ], [ 86.280246534993253, 24.583427942189104 ], [ 86.283337784939945, 24.574893846426484 ], [ 86.272713031228562, 24.582622092864806 ], [ 86.270596355406042, 24.576519272327864 ], [ 86.223910416335187, 24.612387840961329 ], [ 86.222230028690987, 24.591808463663842 ], [ 86.201452602465395, 24.585798709299528 ], [ 86.172195312650274, 24.584301393996586 ], [ 86.15881896453223, 24.600295056620261 ], [ 86.139863365769941, 24.604120931135345 ], [ 86.132197474653381, 24.612386825009775 ], [ 86.124856009826701, 24.642428610365918 ], [ 86.132920314071015, 24.654747675949469 ], [ 86.132575162602635, 24.671311146799088 ], [ 86.140228092685575, 24.676015299018758 ], [ 86.115980331208846, 24.732668713666744 ], [ 86.093271563351152, 24.746739382949642 ], [ 86.069917513564107, 24.752054010982178 ], [ 86.045804779270512, 24.741700744730565 ], [ 86.042747417306416, 24.74772083649712 ], [ 86.056582001993675, 24.756154005455297 ], [ 86.059621525369963, 24.768074647863795 ], [ 86.044372963886985, 24.804152649875881 ], [ 85.986750219809522, 24.840043353815197 ], [ 85.914286757754155, 24.867703893544057 ], [ 85.864803979287501, 24.907621668941626 ], [ 85.835844544401283, 24.940897134476224 ], [ 85.825285573442031, 24.991024628870701 ], [ 85.776319244065917, 25.04405259593447 ], [ 85.767069237015164, 25.088273693849771 ], [ 85.758105044527667, 25.103232756493075 ], [ 85.707052672720934, 25.110975027424857 ], [ 85.695910244531703, 25.149409470765576 ], [ 85.722578933209491, 25.206922394665462 ], [ 85.713103231328986, 25.246756873914208 ], [ 85.697003502692112, 25.282446512587658 ], [ 85.635342482504214, 25.343193776210462 ], [ 85.614836455954574, 25.389267485196271 ], [ 85.588344062090769, 25.409233343789861 ], [ 85.553488074664955, 25.422183076562739 ], [ 85.437124279255031, 25.449700380852704 ], [ 85.311472719896031, 25.515473747424448 ], [ 85.243652577204799, 25.601094556769986 ], [ 85.121203598446613, 25.643187638423676 ], [ 85.087982346247401, 25.699826020095021 ], [ 85.059615960694984, 25.716830780577514 ], [ 85.019615226599484, 25.7254358710004 ], [ 84.90456913446242, 25.713029339651037 ], [ 84.819665622851076, 25.686451897996832 ], [ 84.752102291702556, 25.691455431257694 ], [ 84.632473839216544, 25.72637253719331 ], [ 84.638873547703554, 25.726807833521388 ], [ 84.630626357486221, 25.745767574357142 ], [ 84.608856290751035, 25.75905571363495 ], [ 84.618457391076944, 25.77569360221155 ], [ 84.629069458462268, 25.770802282062196 ], [ 84.628570451760353, 25.792495138237932 ], [ 84.564944178026494, 25.835832743882971 ], [ 84.555266796372237, 25.839619343875977 ], [ 84.552669801446385, 25.828297606161804 ], [ 84.535386872699107, 25.832627550858057 ], [ 84.534676317213652, 25.853689614215284 ], [ 84.528433685000664, 25.859413545049247 ], [ 84.548978486965211, 25.860411895878634 ], [ 84.5370835801521, 25.876004663791822 ], [ 84.514992005732537, 25.870625972959125 ], [ 84.493767184318727, 25.887461265784271 ], [ 84.475027688327742, 25.881897323824095 ], [ 84.431811265334815, 25.890576348472155 ], [ 84.416829091147648, 25.929468387757243 ], [ 84.359977038420254, 25.957383738731394 ], [ 84.304926130773083, 25.945005264284639 ], [ 84.210499573847216, 25.99845693673317 ], [ 84.200963035610243, 25.987429160800712 ], [ 84.181145683647486, 25.996669758519552 ], [ 84.174927301667935, 25.98937600032237 ], [ 84.176000370782702, 26.023326171369717 ], [ 84.145418263253418, 26.044820081951453 ], [ 84.099838835727937, 26.094272731491923 ], [ 83.948535266804541, 26.105344381638581 ], [ 83.861270191419734, 26.162311145738009 ], [ 83.790763470107208, 26.240729779195703 ], [ 83.73880282702622, 26.263892580975892 ], [ 83.710471703356717, 26.264568009260202 ], [ 83.649341720530344, 26.251401217876086 ], [ 83.548166075479685, 26.253731974712547 ], [ 83.39159158579811, 26.30467814856091 ], [ 83.228089965768675, 26.406719920052616 ], [ 83.151097193517501, 26.408289727619778 ], [ 83.074456303794079, 26.424417926986578 ], [ 82.970532990703944, 26.488486002588466 ], [ 82.80589023976853, 26.564529407518684 ], [ 82.696724212007922, 26.584697019553655 ], [ 82.44224409602424, 26.650916838456283 ], [ 82.325225947783039, 26.692841301836982 ], [ 82.22483255244795, 26.759985662680023 ], [ 82.193078993117851, 26.804222169855862 ], [ 82.152610036800851, 26.815729285764217 ], [ 82.067165670897623, 26.813228459124101 ], [ 82.026448439134938, 26.810110280872802 ], [ 81.965177879380903, 26.792644244183297 ], [ 81.811585196583067, 26.856521922359189 ], [ 81.484735145832474, 27.082490471390749 ], [ 81.424684941232954, 27.177881515010952 ], [ 81.40212516539016, 27.34949225851291 ], [ 81.318398035158182, 27.543461588924576 ], [ 81.295100099562532, 27.663954741202581 ], [ 81.258842081227655, 27.722568114743787 ], [ 81.071314004880733, 27.825997512678725 ], [ 80.997937575140782, 27.877495884092596 ], [ 80.912405998427815, 27.958176928065583 ], [ 80.78173403084449, 28.060890285713576 ], [ 80.437511933210331, 28.277122535310884 ], [ 80.384221193330021, 28.339171101742302 ], [ 80.330954770525395, 28.4303257984715 ], [ 80.112711875397451, 28.503448360916238 ], [ 79.95193720545214, 28.601773328864972 ], [ 79.890044006168864, 28.627223448062495 ], [ 79.745470864252724, 28.714413342998423 ], [ 79.662664820958014, 28.801602758419307 ], [ 79.624994478303023, 28.862474148878682 ], [ 79.677995278107787, 28.842227055090333 ], [ 79.684665623649877, 28.851510510509911 ], [ 79.696159628499871, 28.851248510161362 ], [ 79.699968802314089, 28.862093686050848 ], [ 79.717015557820403, 28.864128192398297 ], [ 79.729995689449723, 28.876675452139892 ], [ 79.752316878745177, 28.877087478123823 ], [ 79.761863221127456, 28.887265628742117 ] ] ] } },
{ "type": "Feature", "properties": { "objectid": 19, "ae_regcode": 14, "physio_reg": "WESTERN HIMALAYA  WARM SUBHUMID (TO HUMID WITH INCLUSION OF PERHUMID) ECO-REGION", "area_sqkm": 5370.4363187700001, "shape_Leng": 3304860.5694, "shape_Area": 196204225644.0 }, "geometry": { "type": "Polygon", "coordinates": [ [ [ 73.587621425390097, 35.92820275116302 ], [ 73.954827315879797, 35.846199488694644 ], [ 74.343904893096152, 35.783175474974215 ], [ 74.66389057639617, 35.68857270926231 ], [ 75.638072042581157, 35.248831014961368 ], [ 76.040695223016087, 35.039074236617083 ], [ 76.289193051263993, 34.891838822113165 ], [ 76.516492913894979, 34.657714655073583 ], [ 76.687621925842919, 34.335898088484925 ], [ 76.726771142988568, 34.173906285133633 ], [ 76.812071164414533, 34.00311226505832 ], [ 77.395143584652232, 33.648815060173931 ], [ 77.5341334401799, 33.583756902525842 ], [ 77.683284243633096, 32.983592809138024 ], [ 77.697554838239441, 32.975320179155801 ], [ 77.713089004238398, 32.975329075967821 ], [ 77.721746431586368, 32.963611975789419 ], [ 77.730565384169196, 32.969290886613564 ], [ 77.808143639610179, 32.902737070477222 ], [ 77.804924295643076, 32.888990128971848 ], [ 77.790689059034989, 32.888220940240025 ], [ 77.783892871524586, 32.877600866441156 ], [ 77.779304392848559, 32.86211676103656 ], [ 77.785592024122437, 32.855749052556732 ], [ 77.816870018652452, 32.843072228273584 ], [ 77.826057003525207, 32.833233241529406 ], [ 77.842956143870396, 32.837064479981258 ], [ 77.865459756539465, 32.82556833608507 ], [ 77.879107921649663, 32.81328855562208 ], [ 77.886811810207945, 32.797465195250254 ], [ 77.884771917480393, 32.787374601675729 ], [ 77.898664527846947, 32.772463959660335 ], [ 77.917285695671893, 32.772356753463711 ], [ 77.932905953381777, 32.763076449807365 ], [ 77.92954814266119, 32.73348222724416 ], [ 77.936164365999005, 32.727760793216802 ], [ 77.927117486048289, 32.718354489146606 ], [ 77.92085917908787, 32.690024552850922 ], [ 77.937819893313076, 32.676408391840432 ], [ 77.956470520732893, 32.644869005683958 ], [ 77.970189568094398, 32.637217924556047 ], [ 77.971762669035584, 32.622758088842048 ], [ 77.994157692140661, 32.588682090385447 ], [ 78.000011492471202, 32.583246660358476 ], [ 78.053283386804395, 32.588638604622815 ], [ 78.059000461161105, 32.601999070422117 ], [ 78.051972109911176, 32.612364397220368 ], [ 78.051470908554109, 32.632351992633815 ], [ 78.082897864770558, 32.62097907897391 ], [ 78.096621909217674, 32.649502759256102 ], [ 78.111043289055132, 32.658862768661507 ], [ 78.139143411440457, 32.639009941854184 ], [ 78.153718678999113, 32.667009497895997 ], [ 78.17026354646174, 32.675705536966944 ], [ 78.188225861215784, 32.673879207455734 ], [ 78.201672835845201, 32.660502301022191 ], [ 78.23069288400275, 32.665808571819504 ], [ 78.251048721565766, 32.680323080812208 ], [ 78.2543921136633, 32.691302829804457 ], [ 78.313608507177648, 32.709415193479806 ], [ 78.316010802731398, 32.72144221988372 ], [ 78.305580699585889, 32.734470211801927 ], [ 78.362746874886909, 32.760053143527337 ], [ 78.390801028667568, 32.756745523947814 ], [ 78.389182816100487, 32.73027290817933 ], [ 78.395751223395592, 32.715857116795497 ], [ 78.380981560101588, 32.668496301090023 ], [ 78.388705484406287, 32.634606898838207 ], [ 78.406567323386852, 32.619659341043644 ], [ 78.349399545150732, 32.581300414962257 ], [ 78.3142297725161, 32.573950739264731 ], [ 78.316696698984657, 32.525655805117388 ], [ 78.295981673625064, 32.504317788238623 ], [ 78.327823202330876, 32.472247734882053 ], [ 78.399984441372339, 32.525973193453673 ], [ 78.416608430703519, 32.52268100971299 ], [ 78.426703517909942, 32.508307284782255 ], [ 78.455942539619031, 32.501610153692944 ], [ 78.466237952850591, 32.486375589409477 ], [ 78.454803744375141, 32.467278083319094 ], [ 78.455551612669439, 32.452590408191242 ], [ 78.483559284192708, 32.441332392245002 ], [ 78.49553339231727, 32.421987885350966 ], [ 78.520015906447142, 32.422344299920191 ], [ 78.5361724852458, 32.414613961732343 ], [ 78.514987437733438, 32.391336569023522 ], [ 78.509023292459474, 32.369370498518769 ], [ 78.481308935152398, 32.348301668757848 ], [ 78.48327618578503, 32.280021569418693 ], [ 78.456246950684147, 32.242448613349403 ], [ 78.499904544801481, 32.23907225909975 ], [ 78.556501638105971, 32.245891184283202 ], [ 78.609957648326883, 32.21451911468408 ], [ 78.610683687458021, 32.178233056220861 ], [ 78.591244367417929, 32.154427416830544 ], [ 78.606451413439672, 32.141323631666936 ], [ 78.614203259562899, 32.117781313161231 ], [ 78.664740578467772, 32.10284152297843 ], [ 78.674220467296365, 32.076995131776151 ], [ 78.698109214724312, 32.059073494135106 ], [ 78.706862671297813, 32.041362310079627 ], [ 78.748129126629138, 32.003217029514488 ], [ 78.787754707409576, 31.995347567902726 ], [ 78.769183287183921, 31.93506873738292 ], [ 78.745963096349428, 31.902063957774942 ], [ 78.738166170216658, 31.83274576111269 ], [ 78.711003041264064, 31.812603998357833 ], [ 78.707623067947026, 31.788749096826557 ], [ 78.719560846904344, 31.7657777752177 ], [ 78.740907843450742, 31.759202992697848 ], [ 78.727533648566251, 31.736594653057566 ], [ 78.737633003308076, 31.725653648637156 ], [ 78.750499691992118, 31.687266014948253 ], [ 78.766004699218712, 31.679986080939848 ], [ 78.795776024226228, 31.685105632255503 ], [ 78.802796936930207, 31.652783905736694 ], [ 78.842917193645746, 31.623170233917158 ], [ 78.847095778247663, 31.610418257490522 ], [ 78.813201175308023, 31.571311223335446 ], [ 78.784013711087141, 31.560904585802916 ], [ 78.76587060937409, 31.5439878093215 ], [ 78.737074536168777, 31.536109901354266 ], [ 78.722426557988342, 31.513546637127405 ], [ 78.730913617042816, 31.502870096460033 ], [ 78.73231124580218, 31.480004777685821 ], [ 78.764686154277456, 31.485736679732835 ], [ 78.776901126143642, 31.469955165496831 ], [ 78.811183188183975, 31.44782127574846 ], [ 78.808104778336812, 31.41289375578549 ], [ 78.792024803948124, 31.396257522938214 ], [ 78.832312391222658, 31.383409059813335 ], [ 78.849788469727955, 31.367450328253376 ], [ 78.855665141661191, 31.345556482155519 ], [ 78.844502032634949, 31.325157021708858 ], [ 78.87370402174858, 31.307902551450141 ], [ 78.894953020663834, 31.265606850755923 ], [ 78.922266245255443, 31.254063634018888 ], [ 78.929502124819606, 31.256492455969482 ], [ 78.940912241392468, 31.326660430032657 ], [ 78.952526185312351, 31.337399643570276 ], [ 79.005300023128257, 31.356748439943075 ], [ 79.022516480228489, 31.395551515726613 ], [ 79.049936672900216, 31.422952683932966 ], [ 79.051323689195328, 31.448147028899509 ], [ 79.063704269459322, 31.465350079357922 ], [ 79.072630335259333, 31.467233866813725 ], [ 79.092040277186058, 31.453210759291267 ], [ 79.144696686202792, 31.433656500690507 ], [ 79.203900378409472, 31.354848460476457 ], [ 79.237317330601158, 31.332118680245006 ], [ 79.237119511983195, 31.314195584053433 ], [ 79.263687464851415, 31.291407946381046 ], [ 79.263315280884584, 31.280115531217028 ], [ 79.249349553678925, 31.263948114566475 ], [ 79.249427463021732, 31.248797194123252 ], [ 79.258852246777906, 31.241681749927807 ], [ 79.278316270984263, 31.240043992125781 ], [ 79.288321349935913, 31.225473994753912 ], [ 79.303886737880532, 31.190334476073801 ], [ 79.298124754753871, 31.170186723448687 ], [ 79.314993472069901, 31.143918554973219 ], [ 79.34148547569518, 31.124047831406855 ], [ 79.397201780706212, 31.112985358992095 ], [ 79.40763077848888, 31.074421052736493 ], [ 79.423733683460981, 31.065947904120318 ], [ 79.428288923007827, 31.032127357921844 ], [ 79.516513830386899, 31.03370819639655 ], [ 79.520628068447849, 31.018131758170441 ], [ 79.535553552234319, 31.005132906675826 ], [ 79.53467967849258, 30.989773672530703 ], [ 79.552883705110148, 30.985834578525896 ], [ 79.548128945826477, 30.967747614481908 ], [ 79.604696631628542, 30.937387444487225 ], [ 79.63090125702891, 30.956309043621268 ], [ 79.664610453700462, 30.965097034879651 ], [ 79.666816354485988, 30.978879667306984 ], [ 79.729346413531005, 30.980163805141714 ], [ 79.753366648526153, 31.000621425262775 ], [ 79.820234784711346, 30.972276954741908 ], [ 79.84557994638098, 30.978493352194413 ], [ 79.867311323108794, 30.974741549261172 ], [ 79.879056434306463, 30.960556999221208 ], [ 79.889912413020042, 30.924916551089407 ], [ 79.912722211562823, 30.916223291073429 ], [ 79.93018678440049, 30.886680297519508 ], [ 79.97496806472418, 30.880035764214103 ], [ 80.040006693538587, 30.838267713589861 ], [ 80.059197660765562, 30.838440032466732 ], [ 80.084547958056902, 30.813768010783949 ], [ 80.089078977545796, 30.794136402150166 ], [ 80.11817404601797, 30.774081361573071 ], [ 80.153359448136882, 30.791129151927507 ], [ 80.154599887208789, 30.805587449024646 ], [ 80.172346090230121, 30.807181846040365 ], [ 80.199889083822725, 30.781053668326454 ], [ 80.205473904942338, 30.758218795659914 ], [ 80.22220777244155, 30.751934702858243 ], [ 80.227778890791583, 30.760071003359158 ], [ 80.238867248462441, 30.75851131330672 ], [ 80.252270683008675, 30.732103704742876 ], [ 80.234665645243993, 30.691629930391105 ], [ 80.200428634166371, 30.676682483679471 ], [ 80.195358298325914, 30.664225928732776 ], [ 80.223775307626241, 30.639445676421627 ], [ 80.213285199207959, 30.617483491740362 ], [ 80.22687298614332, 30.60892103934497 ], [ 80.220687596376891, 30.591735826953105 ], [ 80.230442839413385, 30.57337183975223 ], [ 80.25492120232731, 30.559727406295259 ], [ 80.267879933640103, 30.569499092752238 ], [ 80.275248458427996, 30.560873252386045 ], [ 80.292701269412689, 30.568816634172485 ], [ 80.320312613879793, 30.561841824678229 ], [ 80.330266792887826, 30.548305002313509 ], [ 80.382944940995174, 30.521204741031355 ], [ 80.395975381796319, 30.517842089337748 ], [ 80.415218592093439, 30.525508239601955 ], [ 80.438172563069514, 30.499992845651086 ], [ 80.504331889424137, 30.483480796913899 ], [ 80.541057393096409, 30.448658749697188 ], [ 80.549647763566327, 30.45836088261148 ], [ 80.570197271275219, 30.461512387490089 ], [ 80.581018095224039, 30.482964481613923 ], [ 80.598840504057776, 30.481592729343557 ], [ 80.652800453356122, 30.444774807057506 ], [ 80.680532061360154, 30.437772926794597 ], [ 80.752023514315511, 30.392515243225866 ], [ 80.771218283890803, 30.373691799634258 ], [ 80.790453059450016, 30.337524409926658 ], [ 80.82570697127808, 30.314356694707868 ], [ 81.008441875466858, 30.264876160302151 ], [ 81.030215602981301, 30.253486145761418 ], [ 81.042960405166852, 30.19853828088355 ], [ 80.993291916467982, 30.186776584428621 ], [ 80.980337144868486, 30.19087078054292 ], [ 80.970706255068961, 30.183016881928491 ], [ 80.93668087911901, 30.176585522323247 ], [ 80.920372808984808, 30.186036006016419 ], [ 80.917862720811485, 30.215314013388269 ], [ 80.90282649177415, 30.216038616719167 ], [ 80.882990036738079, 30.184245286594976 ], [ 80.86790186065663, 30.171937449474392 ], [ 80.877664862693663, 30.143835149097018 ], [ 80.874777805855942, 30.130504484803595 ], [ 80.851391439170698, 30.11701249397326 ], [ 80.841480917085988, 30.101233538695961 ], [ 80.811118124459597, 30.094481430705258 ], [ 80.789258435915372, 30.066370565685808 ], [ 80.769269560147762, 30.055341609450657 ], [ 80.74430848042023, 30.002070732008072 ], [ 80.721090538373517, 29.999417058512684 ], [ 80.681557075972805, 29.960648765328628 ], [ 80.63027439010979, 29.963912982726665 ], [ 80.600344433708202, 29.95355371735922 ], [ 80.572513942591016, 29.923071439929302 ], [ 80.57432271605046, 29.894809196149446 ], [ 80.560860588817775, 29.86229733681261 ], [ 80.50804289042533, 29.820391539652643 ], [ 80.496476403742463, 29.796138711173313 ], [ 80.45407324042894, 29.797760090985594 ], [ 80.438139039373183, 29.805287160405264 ], [ 80.410051907165879, 29.789726399400777 ], [ 80.402169415926664, 29.759784991678831 ], [ 80.38718762838883, 29.748483808846302 ], [ 80.374004090215848, 29.748940586730747 ], [ 80.370430395438134, 29.724972541393196 ], [ 80.379477503749953, 29.718204308008332 ], [ 80.394807786648201, 29.668714035691508 ], [ 80.42068072194985, 29.649503204931186 ], [ 80.423779556163169, 29.640704984340331 ], [ 80.413225652263847, 29.615409624639838 ], [ 80.413776833704816, 29.597776337625373 ], [ 80.397562995433731, 29.570665393232058 ], [ 80.385768860779024, 29.570474283280621 ], [ 80.351420990138024, 29.550529283132537 ], [ 80.348485155467941, 29.537421233648974 ], [ 80.357772977244437, 29.53132434107415 ], [ 80.353478653694708, 29.516552125600835 ], [ 80.318016034823685, 29.492881913735832 ], [ 80.315995472237987, 29.480672285307072 ], [ 80.302710611267457, 29.485872698853139 ], [ 80.292040369982104, 29.469369183820117 ], [ 80.30292964369221, 29.450379653603349 ], [ 80.287988519266733, 29.447672900795169 ], [ 80.280475239666629, 29.457358775297809 ], [ 80.24701690443446, 29.445794533716583 ], [ 80.246326555051368, 29.440739404168081 ], [ 80.24891352811602, 29.408070418326751 ], [ 80.277559199667351, 29.394081293197342 ], [ 80.281116779398161, 29.373760994146537 ], [ 80.275339187027853, 29.364944339259271 ], [ 80.283597428311595, 29.358617939648141 ], [ 80.285414075387848, 29.34372297665438 ], [ 80.294704769645264, 29.340330199775639 ], [ 80.296805302039971, 29.326780846125104 ], [ 80.316636124539102, 29.322510268060689 ], [ 80.319386487994606, 29.29953105592055 ], [ 80.30794598834926, 29.282946633389972 ], [ 80.304234563703801, 29.24113001146376 ], [ 80.297569571880942, 29.235021469524241 ], [ 80.302251969908312, 29.198422667778946 ], [ 80.291738397209699, 29.195706694855655 ], [ 80.283482957309104, 29.207432825884592 ], [ 80.264719441302432, 29.210575890597497 ], [ 80.261607763257217, 29.21849834706785 ], [ 80.254139977001188, 29.219151788357795 ], [ 80.250447382832078, 29.20245685546616 ], [ 80.264022088347502, 29.187300894939732 ], [ 80.263410028576729, 29.1647304676323 ], [ 80.273623997902021, 29.144372696560243 ], [ 80.252724877527172, 29.133743668986529 ], [ 80.240315128445886, 29.118805503121084 ], [ 80.219495020558725, 29.119238554716183 ], [ 80.185280345080898, 29.131851523929832 ], [ 80.144601039296276, 29.092652460776225 ], [ 80.13555588476072, 29.068774480053328 ], [ 80.143593278451164, 29.056054236766325 ], [ 80.130198745349546, 29.034557006344816 ], [ 80.130547595095948, 29.014220614389139 ], [ 80.140845092270254, 29.006337587163724 ], [ 80.125456790546934, 29.002472784676076 ], [ 80.12117229435043, 28.985287797161934 ], [ 80.102607166640027, 28.981363443961342 ], [ 80.069869075055564, 28.926393205235925 ], [ 80.063341409551228, 28.903786939332804 ], [ 80.063610943737714, 28.845257073017258 ], [ 80.070348030830658, 28.829225999236915 ], [ 80.037542762279841, 28.793804720190955 ], [ 80.052297788823111, 28.777074011991658 ], [ 80.046573109194185, 28.757175740810506 ], [ 80.014615546354634, 28.720901608460295 ], [ 79.999989603110436, 28.710969746710301 ], [ 79.979546915028692, 28.709556072081973 ], [ 79.941244189248849, 28.72045124981608 ], [ 79.923827184576908, 28.758893068386605 ], [ 79.900721396672893, 28.779706579139059 ], [ 79.913107398274377, 28.796055134938531 ], [ 79.879083097024164, 28.790379628830234 ], [ 79.852335169297959, 28.802585473049238 ], [ 79.85804170258001, 28.815226779826506 ], [ 79.887456445387485, 28.812269968910339 ], [ 79.887172294578363, 28.82417214248132 ], [ 79.872452115132418, 28.828067359097236 ], [ 79.865914545168494, 28.838212709802018 ], [ 79.83631418403499, 28.83871240999661 ], [ 79.824655199582224, 28.824102096538414 ], [ 79.827707680224307, 28.806178419777332 ], [ 79.813046841044226, 28.798459153725364 ], [ 79.795133519769138, 28.799340471840235 ], [ 79.797971252429235, 28.814850418432457 ], [ 79.806578878059682, 28.808643898146695 ], [ 79.81302207547364, 28.823557088637507 ], [ 79.805509649112125, 28.833185372506964 ], [ 79.810003211556605, 28.839953284961826 ], [ 79.80647775004924, 28.84677110188338 ], [ 79.819967889202431, 28.850211565061379 ], [ 79.820500061627371, 28.856740656007428 ], [ 79.814674599505182, 28.865738089971476 ], [ 79.803489501956093, 28.864321901348902 ], [ 79.78634626268267, 28.885741447688694 ], [ 79.761863221127456, 28.887265628742117 ], [ 79.752316878745177, 28.877087478123823 ], [ 79.724044173764028, 28.874588539075926 ], [ 79.717015557820403, 28.864128192398297 ], [ 79.699968802314089, 28.862093686050848 ], [ 79.696159628499871, 28.851248510161362 ], [ 79.684665623649877, 28.851510510509911 ], [ 79.677995278107787, 28.842227055090333 ], [ 79.665842982495448, 28.842637662762066 ], [ 79.625368725549478, 28.862628745825763 ], [ 79.604053561562267, 28.860441017480557 ], [ 79.58830638561831, 28.844171644207876 ], [ 79.562665098883485, 28.839784822973897 ], [ 79.559437985365463, 28.848193493961556 ], [ 79.565763687626117, 28.872417384170376 ], [ 79.548253500077564, 28.886438586001102 ], [ 79.518987312603073, 28.857191277754556 ], [ 79.488385221194463, 28.861062106581169 ], [ 79.471461794435811, 28.853052799040224 ], [ 79.445172358425651, 28.855526625490079 ], [ 79.422914720940824, 28.849758364239854 ], [ 79.407379668373736, 28.879331665839956 ], [ 79.413236856323806, 28.926154161406831 ], [ 79.388829172549279, 28.930931191638315 ], [ 79.371515268200838, 28.964372799554141 ], [ 79.36370328484702, 28.946318117106969 ], [ 79.318974602294105, 28.95235920704943 ], [ 79.310699133569798, 28.946997269417849 ], [ 79.215880386184608, 29.023016964904969 ], [ 79.209416974041915, 29.015990909787028 ], [ 79.194804732180728, 29.018113652388465 ], [ 79.196782240698653, 29.011903850924703 ], [ 79.180402104562177, 29.009762933094184 ], [ 79.170103535305941, 29.016786829853995 ], [ 79.166044098993893, 29.026821732039405 ], [ 79.177270336863671, 29.045162449464524 ], [ 79.155571905847594, 29.054000630211682 ], [ 79.14886016793173, 29.063255099530487 ], [ 79.146619068815951, 29.075819022993972 ], [ 79.155911862519091, 29.100533275701736 ], [ 79.154181078391503, 29.11364908403408 ], [ 79.142776521880862, 29.123280820292766 ], [ 79.112707754671661, 29.125605754796162 ], [ 79.084842894292578, 29.14592855450319 ], [ 79.058107852457312, 29.148665349076595 ], [ 79.0389436064319, 29.16620755071586 ], [ 79.033735301222933, 29.161236592961352 ], [ 79.038353059239185, 29.143791667581905 ], [ 79.022919142559289, 29.151154058704257 ], [ 79.020678848384804, 29.130148019271441 ], [ 79.042884697798229, 29.124150490850386 ], [ 79.028897561895135, 29.111789456513897 ], [ 79.012455901530515, 29.110483862590559 ], [ 79.004524360643828, 29.127564862292054 ], [ 78.995456744998307, 29.13128898972197 ], [ 78.990951246301123, 29.148688003238938 ], [ 78.974271548830828, 29.160748494068592 ], [ 78.956292711785778, 29.14353105002407 ], [ 78.935543224128338, 29.151074942583197 ], [ 78.926347718795284, 29.142925654107547 ], [ 78.912304276034519, 29.144572451243352 ], [ 78.906938080347089, 29.150763540002337 ], [ 78.917631669821503, 29.159157657495275 ], [ 78.917640161846577, 29.174293062896158 ], [ 78.906305195386523, 29.189855245619686 ], [ 78.911121036635592, 29.196550370287028 ], [ 78.899737911548058, 29.20429431921778 ], [ 78.904115954634932, 29.208842083184059 ], [ 78.894848553708897, 29.219289514304936 ], [ 78.882134688825218, 29.222505113280477 ], [ 78.882995995912808, 29.234703274444691 ], [ 78.864645754253146, 29.255288440438942 ], [ 78.854352563554301, 29.248269604354547 ], [ 78.843276189692617, 29.25472368436337 ], [ 78.825788012340496, 29.246276536082924 ], [ 78.811879080755673, 29.251850959605221 ], [ 78.799384725687446, 29.259326905388647 ], [ 78.79801406056329, 29.267018246502086 ], [ 78.770667131753584, 29.280674920272734 ], [ 78.778860966291717, 29.279921915238848 ], [ 78.773106680939904, 29.287341162772289 ], [ 78.725893157794417, 29.311378321073057 ], [ 78.739399079246596, 29.311507687514215 ], [ 78.740423365505094, 29.328186369434555 ], [ 78.753589925049937, 29.326639811171898 ], [ 78.769518443016224, 29.343776221574274 ], [ 78.778038379108565, 29.33506868562722 ], [ 78.794590645133724, 29.340457131345236 ], [ 78.793451252193876, 29.325972692173131 ], [ 78.800934834028837, 29.323289209107131 ], [ 78.810030270609388, 29.33232639800784 ], [ 78.802278903050265, 29.346135326604305 ], [ 78.809342980401269, 29.34965090356414 ], [ 78.821171835353894, 29.376897161028168 ], [ 78.827207453210875, 29.379355287457525 ], [ 78.826367162014691, 29.364049736164208 ], [ 78.841008804582543, 29.362186203314323 ], [ 78.848446211871632, 29.365418645335801 ], [ 78.844739503222073, 29.375364157755111 ], [ 78.869019802576517, 29.379604246201435 ], [ 78.874829350856487, 29.388613686895365 ], [ 78.882428629656147, 29.386371828960375 ], [ 78.908777837745731, 29.417584751211372 ], [ 78.912751589890192, 29.440700199406329 ], [ 78.935303642808464, 29.450184985874209 ], [ 78.932168667360784, 29.454157925699658 ], [ 78.878080014625908, 29.453620638173227 ], [ 78.797827215020533, 29.47008316264019 ], [ 78.751404326981444, 29.499040109449865 ], [ 78.70569119918062, 29.502956595911694 ], [ 78.651942896844801, 29.541880540743325 ], [ 78.588863474163446, 29.574699516371684 ], [ 78.530192008236014, 29.63332370949562 ], [ 78.514402370580399, 29.705922069969127 ], [ 78.502770075296255, 29.719136071626799 ], [ 78.500159310131593, 29.735600690373253 ], [ 78.444721219717593, 29.752370211433615 ], [ 78.425171884240896, 29.766682025226558 ], [ 78.398575577390233, 29.768137051538577 ], [ 78.36385225276986, 29.780550548095565 ], [ 78.313549712824909, 29.85961238874556 ], [ 78.193864432399906, 29.944517633364367 ], [ 78.099013917933206, 30.026902130370107 ], [ 78.035592696529562, 30.111812292871999 ], [ 77.994876895101186, 30.189314471471814 ], [ 77.944592265412382, 30.241709335653571 ], [ 77.909485939940282, 30.260792609983941 ], [ 77.887086891212306, 30.268953428053635 ], [ 77.874132676361739, 30.266163945932853 ], [ 77.825512321031184, 30.285608640745256 ], [ 77.764423616347472, 30.319563283512004 ], [ 77.723909505054777, 30.333723875930595 ], [ 77.686479166331381, 30.380668032345007 ], [ 77.677295615503255, 30.378996297535139 ], [ 77.674456159357334, 30.388259568949788 ], [ 77.647406168593591, 30.405951769395401 ], [ 77.63524781225351, 30.399845761455435 ], [ 77.588120293270833, 30.406856687922563 ], [ 77.576203591516219, 30.399611453838602 ], [ 77.588006712983898, 30.379624834526908 ], [ 77.578454430502305, 30.379994836558755 ], [ 77.551868911450583, 30.397052225614797 ], [ 77.523039002125941, 30.444023475030114 ], [ 77.506083910394651, 30.42825315527179 ], [ 77.499955630108673, 30.407805854775891 ], [ 77.448018778939257, 30.398915657231413 ], [ 77.42896447907863, 30.408083725399074 ], [ 77.452815936204033, 30.419646344280714 ], [ 77.466493514092292, 30.435595586921568 ], [ 77.469463194968725, 30.453443023897659 ], [ 77.463731340673647, 30.460489582037443 ], [ 77.413660282553096, 30.414026585455421 ], [ 77.393490977568561, 30.441454411820065 ], [ 77.36988269291119, 30.437394123387072 ], [ 77.359172527409669, 30.457252772016393 ], [ 77.339347343968484, 30.458561606510809 ], [ 77.323760048927795, 30.449002953010321 ], [ 77.276642327303236, 30.462113328317539 ], [ 77.264876897223346, 30.479881120395095 ], [ 77.239834650102324, 30.484107054323669 ], [ 77.215645459961038, 30.475850522509177 ], [ 77.212757165642643, 30.502130957746754 ], [ 77.198456138326691, 30.521444414424362 ], [ 77.144175573361082, 30.537138610055294 ], [ 77.124622368465552, 30.562965633865073 ], [ 77.17070984158471, 30.595198429592042 ], [ 77.175669868095383, 30.634325296265015 ], [ 77.166043493719826, 30.649891472526477 ], [ 77.16511827548149, 30.686233954551739 ], [ 77.130869109807065, 30.713698037878228 ], [ 77.113318934502658, 30.718089691793949 ], [ 77.115769539688245, 30.726594575192053 ], [ 77.090262227711762, 30.74060616326901 ], [ 77.047122922045261, 30.751325604179254 ], [ 77.041685028048178, 30.739348519193531 ], [ 77.026473174243804, 30.738135350136123 ], [ 77.018093459479729, 30.748440097006686 ], [ 77.017875227416624, 30.762306309983785 ], [ 77.002043297225839, 30.773048992071065 ], [ 77.013482614528229, 30.78499486728121 ], [ 77.011461506255728, 30.810288251883708 ], [ 77.001943477861175, 30.811013566355598 ], [ 76.99253965891748, 30.794811101233535 ], [ 76.967217023303448, 30.80725658318795 ], [ 76.956323955416991, 30.825275551069719 ], [ 76.940998007470043, 30.833453325814769 ], [ 76.94012521289963, 30.850565984610665 ], [ 76.915747732098367, 30.893415767306493 ], [ 76.865939498927787, 30.866908680970575 ], [ 76.829272275166502, 30.89230831970492 ], [ 76.823333302233195, 30.903113145181283 ], [ 76.82793783736858, 30.917652912489345 ], [ 76.823767771400668, 30.926705825994677 ], [ 76.783370626158984, 30.902755983110122 ], [ 76.762155360751706, 30.925569734217291 ], [ 76.739559043359861, 30.935775130258609 ], [ 76.726171467078629, 30.959903210106216 ], [ 76.707811269350969, 30.969014759840888 ], [ 76.676184088354859, 30.967694365629594 ], [ 76.62364350331795, 31.000907290527859 ], [ 76.627205301050139, 31.018665641508623 ], [ 76.612627456099119, 31.050280238060132 ], [ 76.623208663048885, 31.057388602547999 ], [ 76.618611540349335, 31.075131411424668 ], [ 76.625602839703319, 31.093139996486428 ], [ 76.639521927656062, 31.106985000823368 ], [ 76.637502016847975, 31.114768098654825 ], [ 76.603112670706807, 31.124516718954684 ], [ 76.612591893738013, 31.147998220127196 ], [ 76.603928123065501, 31.154118060511575 ], [ 76.60428507939757, 31.179727774251329 ], [ 76.648125927637153, 31.212182318154447 ], [ 76.638511949980071, 31.217900292566036 ], [ 76.63995317265308, 31.223949598850556 ], [ 76.630263581011135, 31.22632472157445 ], [ 76.594555658203646, 31.213259629354347 ], [ 76.589926739787344, 31.222715757857532 ], [ 76.615641014391457, 31.247833443122261 ], [ 76.584567087964587, 31.277143684329744 ], [ 76.559930921136228, 31.252880638065033 ], [ 76.548930265814874, 31.252375679390795 ], [ 76.551214314295251, 31.280995387042321 ], [ 76.545255954314754, 31.280596209660533 ], [ 76.54190364014859, 31.2670088607636 ], [ 76.532086508842895, 31.259367661712925 ], [ 76.528297064718529, 31.280160573786738 ], [ 76.502593000683206, 31.270505982762295 ], [ 76.480751233566522, 31.307384379489172 ], [ 76.445126932666426, 31.280058399741833 ], [ 76.442473482937743, 31.286448892199715 ], [ 76.462301424747679, 31.303191103855362 ], [ 76.393388823014604, 31.388568745014783 ], [ 76.404544507178755, 31.394725919017976 ], [ 76.387213592221826, 31.41108825680768 ], [ 76.389456526412218, 31.419604470947377 ], [ 76.377365109041051, 31.438835159969244 ], [ 76.370960869619296, 31.427088830568831 ], [ 76.373336182943476, 31.413095352956073 ], [ 76.361027348079404, 31.403188115697208 ], [ 76.329954608492017, 31.399900904968025 ], [ 76.332316804432367, 31.378593280270724 ], [ 76.343650320732834, 31.376984596541092 ], [ 76.35068975687048, 31.350441410227553 ], [ 76.344094006945042, 31.342715969179089 ], [ 76.331840983792674, 31.3496790855786 ], [ 76.309958319968715, 31.339711751334619 ], [ 76.316218960298002, 31.323813766242619 ], [ 76.310044856344305, 31.316670788777877 ], [ 76.275068660388513, 31.303336326881944 ], [ 76.26950928362821, 31.312473331916301 ], [ 76.237061100981649, 31.310641757003484 ], [ 76.220237756282103, 31.302848881800994 ], [ 76.186663186151975, 31.304390097574441 ], [ 76.180204820108258, 31.339161487627777 ], [ 76.153499665591426, 31.350875837274145 ], [ 76.148930203035945, 31.359538353378507 ], [ 76.148035086819874, 31.380450648329195 ], [ 76.167008070723483, 31.395038120339819 ], [ 76.167526640926198, 31.411807212219472 ], [ 76.129618357500377, 31.463366126470959 ], [ 76.122290926675873, 31.493079765204662 ], [ 76.057432282381242, 31.590172360862294 ], [ 76.058346164468617, 31.601247949010592 ], [ 76.037494321984468, 31.613734104564031 ], [ 76.017093954926963, 31.6449184291282 ], [ 76.019121664498343, 31.661386138302628 ], [ 76.006583848398549, 31.682926026148326 ], [ 75.990229726936363, 31.693780612599465 ], [ 75.98052187111719, 31.731974861989247 ], [ 75.972044568605909, 31.739034235440815 ], [ 75.974046312003296, 31.748086096288176 ], [ 75.936449091739888, 31.815885155132857 ], [ 75.94788099682809, 31.813714341996995 ], [ 75.967566567215854, 31.822619116428008 ], [ 75.98614352306987, 31.813163953826766 ], [ 75.970444884579507, 31.831029623203808 ], [ 75.909423320167676, 31.948728761208894 ], [ 75.88105567245087, 31.96782875102857 ], [ 75.856498239985143, 31.972681785381191 ], [ 75.851252163811168, 31.980727764641028 ], [ 75.820482909217731, 31.984171111042716 ], [ 75.79916408536161, 31.993530054322491 ], [ 75.7529222856286, 32.03516010186307 ], [ 75.725395883233972, 32.035430219694739 ], [ 75.704757025446369, 32.061023121168041 ], [ 75.664300662701436, 32.076770356734279 ], [ 75.613410086279231, 32.06569505030069 ], [ 75.593643814291056, 32.081439570315851 ], [ 75.606220146596243, 32.083557675688418 ], [ 75.348404725395554, 32.21962152706638 ], [ 75.361230688572903, 32.218514946605779 ], [ 75.374314837580684, 32.227495415068766 ], [ 75.378731208472189, 32.238741813784657 ], [ 75.372060632090623, 32.25234193629661 ], [ 75.382123789789375, 32.269253708562765 ], [ 75.371449355790972, 32.279021736972695 ], [ 75.349125603192249, 32.278000953716557 ], [ 75.351052167714059, 32.287724473909002 ], [ 75.328003135927929, 32.295972000023063 ], [ 75.341538844100043, 32.320074131693843 ], [ 75.328325536194711, 32.329156087710594 ], [ 75.324712513397657, 32.341285875498343 ], [ 75.31804321868573, 32.33448401785418 ], [ 75.304606691276561, 32.338178143670888 ], [ 75.289107503038295, 32.351671735090527 ], [ 75.291666165971989, 32.35920900444804 ], [ 75.285398351237305, 32.366859685940653 ], [ 75.258920052158714, 32.364776297786285 ], [ 75.255008616769445, 32.385018448315016 ], [ 75.239655776945895, 32.379795402795366 ], [ 75.216644177527527, 32.39523177952627 ], [ 75.198762297107265, 32.391611620156283 ], [ 75.19194534551221, 32.398582464078679 ], [ 75.201363298046587, 32.410997273263668 ], [ 75.189695716901809, 32.419948201078739 ], [ 75.167233465522173, 32.418995607052409 ], [ 75.132435776687103, 32.402705724675855 ], [ 75.1291691523613, 32.420850653712371 ], [ 75.137038883339216, 32.424981442142496 ], [ 75.123278926371754, 32.435340679802195 ], [ 75.108058910556281, 32.473158750585142 ], [ 75.089815283924935, 32.464284272796021 ], [ 75.054765015384746, 32.475917518295788 ], [ 75.030599167686219, 32.492883395630393 ], [ 75.004556938604765, 32.452327181704597 ], [ 74.991528222709817, 32.447388664366301 ], [ 74.962562150346201, 32.449543546020301 ], [ 74.950443183452123, 32.440524373589959 ], [ 74.936074944916825, 32.462636095980855 ], [ 74.916869329838121, 32.458964165732283 ], [ 74.906802044524312, 32.465886854162655 ], [ 74.895647521624255, 32.4614215793667 ], [ 74.878262011367156, 32.472094748599282 ], [ 74.876501218920481, 32.482538512948501 ], [ 74.817373047535256, 32.488795565192518 ], [ 74.81229177877654, 32.476673654752325 ], [ 74.793696455114528, 32.468938348092365 ], [ 74.768366499403001, 32.474741179933694 ], [ 74.715953047711238, 32.470593161306574 ], [ 74.704387895728033, 32.485447120328196 ], [ 74.685161599222965, 32.481989084153554 ], [ 74.679645167931326, 32.506553825622817 ], [ 74.688531013448255, 32.524993516053989 ], [ 74.663069092712618, 32.535990081240278 ], [ 74.660279258402142, 32.541315000164218 ], [ 74.670280028268749, 32.55018510527082 ], [ 74.668223211234988, 32.559482564247908 ], [ 74.652099354432437, 32.559256028666233 ], [ 74.649548036594155, 32.591034279616871 ], [ 74.63478535697557, 32.602618938461042 ], [ 74.637034750357316, 32.610620569362155 ], [ 74.649332805519109, 32.612831553680188 ], [ 74.652174517767335, 32.629699338762229 ], [ 74.663659640521189, 32.630304500130102 ], [ 74.669912480984422, 32.641103358289818 ], [ 74.692677441904223, 32.654821328115339 ], [ 74.678976809045011, 32.668010885710224 ], [ 74.662238113905005, 32.67277838650157 ], [ 74.650385549344648, 32.698281101345067 ], [ 74.682103123987375, 32.781889432753502 ], [ 74.700035073666953, 32.810526201397195 ], [ 74.701361230746826, 32.835076785079963 ], [ 74.664302815698647, 32.821607319075362 ], [ 74.652365557475179, 32.827112369475536 ], [ 74.635988259732628, 32.813497706361176 ], [ 74.632829033142841, 32.799811188043442 ], [ 74.653896729868819, 32.781260123219795 ], [ 74.631510448495746, 32.774338812411393 ], [ 74.635253269071896, 32.750778193092614 ], [ 74.631057354163687, 32.746868862883609 ], [ 74.613131024217736, 32.755466684473085 ], [ 74.575580461578298, 32.745035916651219 ], [ 74.568848577483095, 32.754352368838802 ], [ 74.556967832514772, 32.757138760654449 ], [ 74.54385398951851, 32.743318034799259 ], [ 74.514581983474983, 32.743525731661343 ], [ 74.509350327484071, 32.738710457023828 ], [ 74.501286587155533, 32.7603812465616 ], [ 74.460977812159854, 32.773170222474704 ], [ 74.454510943622367, 32.784422964906284 ], [ 74.439909347731287, 32.779757872091949 ], [ 74.406494398658126, 32.782746061190679 ], [ 74.397254007087909, 32.76635232082856 ], [ 74.388027284199893, 32.768606580149509 ], [ 74.38503525542356, 32.758328815930554 ], [ 74.370794637892857, 32.759008039118129 ], [ 74.330608079628462, 32.776540259822418 ], [ 74.31922219271712, 32.792004094131862 ], [ 74.309242368609844, 32.792536815423098 ], [ 74.30175446512996, 32.823309008149629 ], [ 74.217372893547932, 32.845270321334716 ], [ 74.202457025760708, 32.870698586753129 ], [ 74.187347141296399, 32.873196159318375 ], [ 74.178217038644206, 32.883002068911921 ], [ 74.059983612510038, 32.9093077962442 ], [ 74.048559447490973, 32.932352176612042 ], [ 74.014281622123818, 32.929840540728812 ], [ 73.988260175471197, 32.935737747449984 ], [ 73.997283540839362, 32.960166579783774 ], [ 73.968528783735294, 32.969193853461455 ], [ 73.958325999604185, 32.986950772261615 ], [ 73.929064846041527, 32.98502205998011 ], [ 73.896524246004276, 33.002357022496092 ], [ 73.82962866217126, 33.007449368292356 ], [ 73.818271300912528, 33.000407767545283 ], [ 73.808344575736413, 32.972537614454879 ], [ 73.786450481739323, 32.965738406893784 ], [ 73.779731230510919, 32.974697286024835 ], [ 73.788705990426564, 32.998475152761451 ], [ 73.743358625491979, 33.039354418873536 ], [ 73.735265857582675, 33.066658158443857 ], [ 73.688551988306386, 33.088444399191239 ], [ 73.652587554303409, 33.085206836471066 ], [ 73.627892313571209, 33.089911493666577 ], [ 73.626097384656973, 33.140045613180284 ], [ 73.637610972843817, 33.142314606585387 ], [ 73.64642500654567, 33.161993861614825 ], [ 73.656444908998182, 33.169251729611126 ], [ 73.657687240269539, 33.208078536050976 ], [ 73.640920598807185, 33.226769818124382 ], [ 73.628744984583975, 33.215714955563534 ], [ 73.625262505516361, 33.236925640220747 ], [ 73.605629962001117, 33.25170611579366 ], [ 73.597983104183726, 33.2827280562759 ], [ 73.604091997527036, 33.295295178157936 ], [ 73.58975645759071, 33.305264858850606 ], [ 73.582062504011702, 33.32649881053964 ], [ 73.590834834258075, 33.336946243511413 ], [ 73.586808386715674, 33.341015036612973 ], [ 73.575059935170898, 33.334217773780125 ], [ 73.565825926239569, 33.342513626126227 ], [ 73.571354554943312, 33.356242360748546 ], [ 73.558537177358545, 33.368445310110424 ], [ 73.564907954081292, 33.394335960734644 ], [ 73.591424387678885, 33.422179052731629 ], [ 73.582692913738484, 33.429439803767416 ], [ 73.587920222024806, 33.443538345959531 ], [ 73.624907162839818, 33.457559838523309 ], [ 73.613108374468922, 33.48020878245952 ], [ 73.601554460430634, 33.478384940344974 ], [ 73.596553043867743, 33.500482336334969 ], [ 73.600173038925504, 33.505049446806765 ], [ 73.60952504252198, 33.500867151417403 ], [ 73.607286456922807, 33.519982461036953 ], [ 73.633122729787956, 33.53351444435188 ], [ 73.618980297369461, 33.544027388924903 ], [ 73.621010196346191, 33.574214047755916 ], [ 73.600924872368566, 33.593277805241755 ], [ 73.603753619425177, 33.607630733392334 ], [ 73.589470496520221, 33.60461923507637 ], [ 73.578299934662539, 33.616183629002499 ], [ 73.561372167600055, 33.621470635968194 ], [ 73.569136128037101, 33.641110418729205 ], [ 73.563169438775859, 33.675899909053207 ], [ 73.591134740411036, 33.698895459056857 ], [ 73.597629971888665, 33.716249102288529 ], [ 73.591291335270824, 33.754154677635903 ], [ 73.566438439595572, 33.769037615773712 ], [ 73.558381507974929, 33.783597674804405 ], [ 73.572852354346935, 33.845829649584381 ], [ 73.585678050927868, 33.864567471917638 ], [ 73.589904745921842, 33.884345546604195 ], [ 73.579030428050416, 33.910818356932602 ], [ 73.549612258017959, 33.931510059826628 ], [ 73.516487521777634, 34.0005289543492 ], [ 73.508303025021931, 34.06031137625434 ], [ 73.497488150478148, 34.084429621520108 ], [ 73.495321574359139, 34.134032424678729 ], [ 73.489013804082404, 34.144767856483185 ], [ 73.493082887133482, 34.220159291303659 ], [ 73.470036340708774, 34.251765788263519 ], [ 73.478584187472563, 34.290631214859047 ], [ 73.467786303356576, 34.29603229045 ], [ 73.453821599501552, 34.278302091638139 ], [ 73.453586514910938, 34.29734527416003 ], [ 73.438092713676667, 34.329557035882523 ], [ 73.424156896010842, 34.339667054845563 ], [ 73.425055164060225, 34.353464416979165 ], [ 73.401462814423908, 34.358378010268645 ], [ 73.391316615437148, 34.377152963507505 ], [ 73.409252030007906, 34.386814303838243 ], [ 73.420184265768896, 34.417767081921866 ], [ 73.425375995152891, 34.442291025779717 ], [ 73.42224780577655, 34.47069345190657 ], [ 73.4374994298324, 34.504453108199698 ], [ 73.429932836245385, 34.521398273249069 ], [ 73.441281481434729, 34.538416584971678 ], [ 73.447752202204711, 34.574233861332118 ], [ 73.500733961759494, 34.580556260591301 ], [ 73.52301340007773, 34.574708524274818 ], [ 73.557359323968683, 34.593447540144979 ], [ 73.618407889236011, 34.586111231864315 ], [ 73.639478929143905, 34.566199364217709 ], [ 73.650864714786579, 34.568270412663615 ], [ 73.660866018731994, 34.589004083173378 ], [ 73.660193776210392, 34.610437166145182 ], [ 73.696242228543227, 34.654053029510223 ], [ 73.666943484400093, 34.666138827010123 ], [ 73.667453517845956, 34.684658386348175 ], [ 73.681318440614405, 34.695554914960788 ], [ 73.691569622516127, 34.716715342269808 ], [ 73.70658302976004, 34.725364091804707 ], [ 73.731406006800356, 34.771457050563427 ], [ 73.750083408507464, 34.787151787766867 ], [ 73.773804358507618, 34.796878583295523 ], [ 73.821147144338198, 34.795964932308429 ], [ 73.849710745847574, 34.817709909987897 ], [ 73.867415452227775, 34.811484634270435 ], [ 73.875405672290455, 34.818421219375999 ], [ 73.901249331205975, 34.821830794938634 ], [ 73.918153151041338, 34.81448315641191 ], [ 73.935654592157675, 34.833513470383679 ], [ 73.964385117232311, 34.841708776883543 ], [ 73.974373648232856, 34.865340606254669 ], [ 74.030351518381082, 34.87763456541812 ], [ 74.042212442873463, 34.894527741951769 ], [ 74.038135174482392, 34.903259269090462 ], [ 74.0438897811419, 34.921856619047368 ], [ 74.065840806055547, 34.930124514390279 ], [ 74.074021973599812, 34.939980542973103 ], [ 74.060523183427776, 34.993634785175793 ], [ 74.108234888009434, 35.019501676471634 ], [ 74.097733540211451, 35.034183999080909 ], [ 74.066360237784181, 35.048531090923348 ], [ 74.093254847800381, 35.096544039012542 ], [ 74.134729839023407, 35.109899378433823 ], [ 74.11067086212374, 35.130213398793806 ], [ 74.114205546866387, 35.151900840315037 ], [ 74.102030991595441, 35.14584295413119 ], [ 74.080401358916475, 35.154711746873701 ], [ 74.039076120713958, 35.147468963767594 ], [ 74.009085467528791, 35.166085195107009 ], [ 73.999789614966573, 35.184396349472017 ], [ 73.959207717919128, 35.17442297851251 ], [ 73.917273023493735, 35.212214518794482 ], [ 73.865205358513947, 35.210798251738204 ], [ 73.84680500623918, 35.229598696688299 ], [ 73.811586271199673, 35.242463780601334 ], [ 73.777538211645989, 35.243857875606636 ], [ 73.731724419160088, 35.217300554934077 ], [ 73.716379502370359, 35.225991182331249 ], [ 73.727081695397274, 35.278256427450764 ], [ 73.69987270180998, 35.32321744222206 ], [ 73.700448369621071, 35.358376283190637 ], [ 73.711637538439803, 35.387197384652524 ], [ 73.738908157691696, 35.427932144763737 ], [ 73.754720721587006, 35.4420239206692 ], [ 73.795139667539203, 35.460161462263329 ], [ 73.78490966999108, 35.52566290536209 ], [ 73.735053629926327, 35.536647927888097 ], [ 73.72079024715967, 35.553474051972451 ], [ 73.67269900282669, 35.551219148331022 ], [ 73.635458370582896, 35.571841628177495 ], [ 73.571104797919219, 35.554824548436251 ], [ 73.557855399774468, 35.5556722746201 ], [ 73.53205411835178, 35.571131830391614 ], [ 73.506660592098598, 35.565419404186571 ], [ 73.481753978532055, 35.577282849995242 ], [ 73.406827636191608, 35.564011871369836 ], [ 73.3674357126838, 35.605488123516508 ], [ 73.272734666193173, 35.629756986354266 ], [ 73.215531422690191, 35.675075624541464 ], [ 73.136254260448595, 35.719182068763004 ], [ 73.1357369429345, 35.793811791401517 ], [ 73.148132972725946, 35.833227215214158 ], [ 73.154416167594007, 35.837698032379322 ], [ 73.129516943538519, 35.852260884020126 ], [ 73.202158300072682, 35.913493351960248 ], [ 73.587621425390097, 35.92820275116302 ] ] ] } },
{ "type": "Feature", "properties": { "objectid": 20, "ae_regcode": 15, "physio_reg": "ASSAM AND BENGAL PLAIN  HOT SUBHUMID  TO HUMID  (INCLUSION  OF PERHUMID) ECO-REGION", "area_sqkm": 49980.8731663, "shape_Leng": 9546263.1629300006, "shape_Area": 107746907640.0 }, "geometry": { "type": "MultiPolygon", "coordinates": [ [ [ [ 95.956662879956696, 27.92109069110079 ], [ 95.939663427724227, 27.897513687589214 ], [ 95.926339932047881, 27.895207587156843 ], [ 95.929869334138957, 27.88477380845401 ], [ 95.922603745965716, 27.884730344802549 ], [ 95.912661577071447, 27.867263343786444 ], [ 95.907471039982468, 27.87149231661666 ], [ 95.908292178528384, 27.864707646610178 ], [ 95.896335536725758, 27.861482491584631 ], [ 95.874981907446994, 27.834044288048204 ], [ 95.853350703380471, 27.828390821584861 ], [ 95.824359503575124, 27.803543173877916 ], [ 95.781706702216965, 27.752493863682883 ], [ 95.785935016037115, 27.734011465593294 ], [ 95.759364485058413, 27.725375163880219 ], [ 95.771611289066328, 27.710213112064945 ], [ 95.775593979075282, 27.690853383373774 ], [ 95.794161063219263, 27.686382910369993 ], [ 95.795524331314212, 27.67827880364537 ], [ 95.781449020278558, 27.673297330955965 ], [ 95.778825563202176, 27.660337780861131 ], [ 95.802373760122705, 27.643003738964726 ], [ 95.798319683231327, 27.629863866872512 ], [ 95.788246611866796, 27.626288873705604 ], [ 95.788002556107429, 27.61737471804587 ], [ 95.796924334744674, 27.61213565492557 ], [ 95.798867570582871, 27.601730908053828 ], [ 95.824987516023512, 27.596866813034829 ], [ 95.821991120541469, 27.575531519225986 ], [ 95.832682199796295, 27.572663386372319 ], [ 95.840615592646074, 27.560355834484685 ], [ 95.852786926702123, 27.559357212719036 ], [ 95.863012116035989, 27.546248605882507 ], [ 95.881986313550286, 27.546840766297091 ], [ 95.879043612037691, 27.513373491743675 ], [ 95.890165674448639, 27.499662460201659 ], [ 95.879575264248814, 27.492688065920188 ], [ 95.876721030039775, 27.464558672650053 ], [ 95.861647692087843, 27.459764387213525 ], [ 95.864244637971694, 27.445457596838462 ], [ 95.853360836476185, 27.438205826473194 ], [ 95.849767526243056, 27.423741609912792 ], [ 95.867700696974794, 27.410504103836015 ], [ 95.865307176942039, 27.42240093637923 ], [ 95.889069936480226, 27.437435789186608 ], [ 95.893381653263575, 27.399319573572882 ], [ 95.917212732631938, 27.436452791247341 ], [ 95.95023742717521, 27.438238187279158 ], [ 95.953291912549204, 27.426462243208956 ], [ 95.961349747669942, 27.421871606486203 ], [ 95.967338441418391, 27.429826235455202 ], [ 95.968293717848951, 27.417245626171042 ], [ 95.97359708700661, 27.429897914830203 ], [ 95.978084668768147, 27.428637633984561 ], [ 95.979783918585085, 27.414954581978296 ], [ 95.989731546070999, 27.414789090852235 ], [ 96.0022323953783, 27.386476880060084 ], [ 96.021044992937433, 27.364149356095037 ], [ 96.01331107813597, 27.356928872425708 ], [ 95.997086344422456, 27.356412890320264 ], [ 95.99378660639519, 27.344360769702412 ], [ 95.970138264962685, 27.329916023547003 ], [ 95.984295676556968, 27.327245968685492 ], [ 95.968809301329827, 27.324770319761136 ], [ 95.963286151386953, 27.309988598430014 ], [ 95.906519477448271, 27.284886935628105 ], [ 95.894015186128442, 27.255989605373607 ], [ 95.872448366906212, 27.259956434563758 ], [ 95.860956638555592, 27.272890470911072 ], [ 95.860610726595354, 27.287334096289722 ], [ 95.810363988252973, 27.274141330704495 ], [ 95.806474396619464, 27.284991914669686 ], [ 95.784867680793354, 27.272415514699226 ], [ 95.740142168265848, 27.263256156623537 ], [ 95.721307174472031, 27.25099034898264 ], [ 95.6846710052166, 27.250886401352016 ], [ 95.637260202230649, 27.230455172227352 ], [ 95.590372185369318, 27.22316300543579 ], [ 95.574820416169871, 27.244780680470605 ], [ 95.556516585008154, 27.248134863589669 ], [ 95.535241074979652, 27.26446150796933 ], [ 95.520894642133399, 27.257600603492779 ], [ 95.511347098963043, 27.260166688812028 ], [ 95.511053186003707, 27.252854633809978 ], [ 95.487664914543572, 27.239935770561654 ], [ 95.469818090254705, 27.212150570163036 ], [ 95.460114340016972, 27.20734193920541 ], [ 95.468986196385728, 27.184351270614624 ], [ 95.464007701644775, 27.175961072046832 ], [ 95.46830937089176, 27.166110514118152 ], [ 95.459011923812028, 27.157100914116967 ], [ 95.466130370384292, 27.148595311476011 ], [ 95.458052795168712, 27.129418970887361 ], [ 95.451017869031432, 27.132636470277564 ], [ 95.420544202819016, 27.124636723921544 ], [ 95.377260565606619, 27.096080628858093 ], [ 95.366772726339434, 27.106794270148164 ], [ 95.348924933217759, 27.098732007449328 ], [ 95.313502819239062, 27.0807629152375 ], [ 95.278117650117096, 27.050818478373305 ], [ 95.277899783068847, 27.04380338926666 ], [ 95.248501280551864, 27.024323003141273 ], [ 95.231229965234007, 27.039843733398275 ], [ 95.214139320827556, 27.027634836929018 ], [ 95.198815405228601, 27.038630912728394 ], [ 95.149804262728395, 26.994073886466584 ], [ 95.11727449707044, 26.977961799534782 ], [ 95.110366458011427, 26.961181610902113 ], [ 95.087167489157821, 26.947048229885297 ], [ 95.038380725320508, 26.932870102085911 ], [ 95.021676956890673, 26.919800560832027 ], [ 94.993431146317747, 26.920621612036623 ], [ 94.992401684128282, 26.912847700929536 ], [ 94.98602338215909, 26.912723248302175 ], [ 94.957720297823286, 26.938116937505288 ], [ 94.934050791093384, 26.933155463150012 ], [ 94.928639454358759, 26.946748027298042 ], [ 94.894963132500948, 26.932019744291164 ], [ 94.870116336271963, 26.909725759650122 ], [ 94.851972118495752, 26.876045310040354 ], [ 94.821505993612263, 26.849192574543856 ], [ 94.813432346432037, 26.819467140571799 ], [ 94.797023541710544, 26.81324939316336 ], [ 94.805700203979399, 26.806899957817038 ], [ 94.802567197243633, 26.800757176617569 ], [ 94.773463182289717, 26.789700887659084 ], [ 94.759703280563841, 26.768890192152451 ], [ 94.746155719105673, 26.776917022777948 ], [ 94.736857435224763, 26.762192433581273 ], [ 94.68694900757535, 26.727430128289697 ], [ 94.653749870685502, 26.718531594211271 ], [ 94.623111555396335, 26.714489951988572 ], [ 94.610497529504087, 26.735115223881024 ], [ 94.604580617077573, 26.734299847304264 ], [ 94.593756589308697, 26.721157283806338 ], [ 94.603603982620669, 26.718804815108495 ], [ 94.605083622316769, 26.712204589618928 ], [ 94.596591941114497, 26.713191865440198 ], [ 94.592814089506703, 26.697717775674434 ], [ 94.583214349506008, 26.700596685644495 ], [ 94.571913215143638, 26.691250446279302 ], [ 94.57509395052098, 26.686044999118817 ], [ 94.563360070605896, 26.685678101538429 ], [ 94.563863964430382, 26.702428451636361 ], [ 94.54552241440939, 26.70600352349194 ], [ 94.528214797443169, 26.696404384043653 ], [ 94.523210548717145, 26.699513244888571 ], [ 94.515959105769781, 26.68243328027005 ], [ 94.498715570078957, 26.668864020795287 ], [ 94.465002431294423, 26.662730111302707 ], [ 94.459033629441237, 26.650557919510828 ], [ 94.462923211935305, 26.630641639661938 ], [ 94.454965188941571, 26.634220811727808 ], [ 94.408311735562023, 26.609596175280224 ], [ 94.406437581673686, 26.597187670369095 ], [ 94.415228136857991, 26.578488549371421 ], [ 94.408121836593978, 26.556629255079535 ], [ 94.412303424616539, 26.553636288186986 ], [ 94.405142947219446, 26.550432839765193 ], [ 94.408273121471325, 26.544892972298676 ], [ 94.399778588407159, 26.527506136305764 ], [ 94.378608530071602, 26.520481022987621 ], [ 94.377939592718818, 26.508330233812213 ], [ 94.351440305067186, 26.503872748669465 ], [ 94.355850596732751, 26.498692208566467 ], [ 94.352386322192018, 26.490990948605116 ], [ 94.324212089568661, 26.47466042774888 ], [ 94.316799848090099, 26.458200874539965 ], [ 94.303632899931131, 26.462565772582224 ], [ 94.294278574472088, 26.476079017274575 ], [ 94.285401052235102, 26.535713365562202 ], [ 94.290287375703755, 26.559549988795794 ], [ 94.282776482481651, 26.558989294596195 ], [ 94.240350446280573, 26.506911967964438 ], [ 94.211946279882085, 26.485360695750522 ], [ 94.20154639883873, 26.465402296581129 ], [ 94.186993471570773, 26.456035588457116 ], [ 94.174409613012443, 26.416403689264385 ], [ 94.179421557642456, 26.38419344709726 ], [ 94.175921781777703, 26.367210421520205 ], [ 94.164777760164753, 26.355585960024623 ], [ 94.167954532814093, 26.348765841690742 ], [ 94.180279285119298, 26.349549465912233 ], [ 94.175778584279087, 26.339650849022217 ], [ 94.146988441081703, 26.330900433847688 ], [ 94.139072264221682, 26.337045502373353 ], [ 94.119675229491151, 26.329231261090079 ], [ 94.129000273156194, 26.318748542269255 ], [ 94.108351511649815, 26.321941353651763 ], [ 94.102971183356544, 26.304225710444044 ], [ 94.077103506047024, 26.280767861054503 ], [ 94.070709874401942, 26.255585015678072 ], [ 94.064896359430207, 26.257339662815749 ], [ 94.049399203828514, 26.24579572670519 ], [ 94.038426899675002, 26.225106188764048 ], [ 94.035932702586834, 26.198761002889668 ], [ 94.004999809545879, 26.168879917007086 ], [ 93.99983417919907, 26.15384063723506 ], [ 94.0053722505927, 26.137440451671875 ], [ 93.990899641422999, 26.129469545276439 ], [ 93.998460108346478, 26.126561331053864 ], [ 93.9913714571246, 26.113700803190724 ], [ 94.002269329627481, 26.106941787431328 ], [ 93.986507784909307, 26.083863870326962 ], [ 93.991171990632182, 26.068184354366647 ], [ 93.965921190102605, 26.03796965934783 ], [ 93.954893589785243, 26.002896618466966 ], [ 93.960580450736956, 25.992552753656796 ], [ 93.955962795009413, 25.969727432366426 ], [ 93.969132354018313, 25.956334169841341 ], [ 93.970987664069142, 25.940337440564264 ], [ 93.982528961313676, 25.921716486636033 ], [ 93.979225932236659, 25.915120471702011 ], [ 93.959693656729883, 25.900728219013015 ], [ 93.940046322241869, 25.896469164292775 ], [ 93.934477156700552, 25.886941177095604 ], [ 93.9157695474739, 25.883205235866697 ], [ 93.882569550389377, 25.841498719062809 ], [ 93.842252462676086, 25.858289444056997 ], [ 93.824204831948592, 25.842792450932283 ], [ 93.818727331237938, 25.821926120118693 ], [ 93.807474666834466, 25.812058819221409 ], [ 93.791237119458941, 25.811778393894219 ], [ 93.779772580596187, 25.842097444436973 ], [ 93.781449482231963, 25.85506378671116 ], [ 93.791808701377803, 25.865488397614588 ], [ 93.787451020314393, 25.874728298548252 ], [ 93.798355327753725, 25.905490744879177 ], [ 93.788704509774945, 25.928795917188857 ], [ 93.793362985260686, 25.932570473396993 ], [ 93.789527661972755, 25.948429195455514 ], [ 93.773164660550364, 25.961904000621129 ], [ 93.80759641883111, 26.059344762049864 ], [ 93.839132172418715, 26.12502187078487 ], [ 93.858195317606175, 26.299403611975965 ], [ 93.850288505647839, 26.375909877064043 ], [ 93.838661087937538, 26.418509342562785 ], [ 93.75875467511645, 26.557596117775308 ], [ 93.699976293847783, 26.592097089079029 ], [ 93.657929130937262, 26.605556096613249 ], [ 93.570684062809534, 26.603380933445607 ], [ 93.213558550310452, 26.568005870301882 ], [ 93.136541954177446, 26.532959376746895 ], [ 93.107348812998794, 26.513419432799044 ], [ 93.067771135775288, 26.44587033139679 ], [ 92.962014600434884, 26.420478980664203 ], [ 92.914751351568825, 26.382856954149794 ], [ 92.878252315791116, 26.317452728952894 ], [ 92.870636787741859, 26.269206791198069 ], [ 92.873036378052205, 26.212799993899981 ], [ 92.909416368649644, 26.197569136112456 ], [ 93.017208499444365, 26.11282419223441 ], [ 93.108832952490474, 26.056241702816358 ], [ 93.172468139548897, 25.965297807386477 ], [ 93.230810282787928, 25.850313797581393 ], [ 93.234206642736865, 25.779112769508881 ], [ 93.222395950122888, 25.743440277744735 ], [ 93.174136594830927, 25.720648602003809 ], [ 93.115764019678039, 25.73048641555426 ], [ 93.070329509310469, 25.761217476507206 ], [ 92.984796139441386, 25.849078780927268 ], [ 92.949265465162597, 25.871603495269831 ], [ 92.865480555874115, 25.898122749663443 ], [ 92.832106187245557, 25.915549700029615 ], [ 92.777762716880801, 25.966469509757335 ], [ 92.737755640522167, 26.052851827491509 ], [ 92.687751947224726, 26.039830684416209 ], [ 92.626092000759158, 25.991082265652459 ], [ 92.583690624836635, 25.972524639567268 ], [ 92.570519314158872, 25.976034115560925 ], [ 92.56319173860912, 25.983958028425135 ], [ 92.587014886487736, 26.033352062764781 ], [ 92.573032344007615, 26.083357667901979 ], [ 92.556399029373523, 26.106693485263197 ], [ 92.518274319151473, 26.131756274392647 ], [ 92.402306778165055, 26.136150983468106 ], [ 92.342596217214606, 26.106690298191438 ], [ 92.301625615749941, 26.074966590701223 ], [ 92.27567080739334, 26.063283538093899 ], [ 92.243179159550238, 26.060842458235378 ], [ 92.212467260232259, 26.069443069318982 ], [ 92.191423702384242, 26.065242958559661 ], [ 92.180968330245904, 26.067585381451376 ], [ 92.180418125560351, 26.077888185118354 ], [ 92.156785389846519, 26.066461289512784 ], [ 92.135214636445141, 26.044310666560492 ], [ 92.095487107853813, 26.046983884504087 ], [ 92.055026258091161, 26.031336932903535 ], [ 92.036947981718527, 26.038221718993544 ], [ 91.993314089021538, 26.039610463940441 ], [ 91.980424364036395, 26.024444349064488 ], [ 91.936236558336404, 26.013302494643423 ], [ 91.924366353694538, 25.998169362690387 ], [ 91.919278213913316, 26.020115191795924 ], [ 91.885594570533698, 26.02869377668581 ], [ 91.872559817678251, 26.05089751484126 ], [ 91.878251701020403, 26.096438509230136 ], [ 91.821858192812584, 26.117520053605237 ], [ 91.792899686687591, 26.085819742028065 ], [ 91.781064784106263, 26.090057982130894 ], [ 91.762003785177853, 26.070117337953203 ], [ 91.733824767758648, 26.058063514529817 ], [ 91.725713909540232, 26.029177660308473 ], [ 91.722614287356805, 25.952918693195191 ], [ 91.703355439984307, 25.940755539087515 ], [ 91.671744165359499, 25.90428463105653 ], [ 91.65393578317844, 25.906581050229011 ], [ 91.613676710872809, 25.938879715652842 ], [ 91.613480312752912, 25.943547518148485 ], [ 91.632640296215428, 25.943573994016678 ], [ 91.640495883259504, 25.963782213934014 ], [ 91.627305781723209, 25.984830622044431 ], [ 91.635626293867205, 26.003849820230549 ], [ 91.634787595069355, 26.021351851294842 ], [ 91.622918845526399, 26.025982469551668 ], [ 91.599723041934908, 26.016025940480244 ], [ 91.590819584737204, 26.029138414649296 ], [ 91.578541833142168, 26.03210653185706 ], [ 91.553903343468278, 25.973909051728718 ], [ 91.539948386830332, 25.967411915040621 ], [ 91.539812016541504, 25.961130565317585 ], [ 91.521153627073289, 25.957191782474343 ], [ 91.522422945439757, 25.939935737372355 ], [ 91.504263536429647, 25.919806997940807 ], [ 91.508197830660635, 25.912125467549739 ], [ 91.538511367551635, 25.933028058363348 ], [ 91.533928571996768, 25.922751215187297 ], [ 91.511149301311661, 25.90880971064076 ], [ 91.50586132419977, 25.891212469561015 ], [ 91.485987463435762, 25.890129737351877 ], [ 91.477354805288854, 25.870309209832325 ], [ 91.510344613808584, 25.866488915016237 ], [ 91.532305266802467, 25.888707914261346 ], [ 91.53515380915907, 25.883091000580649 ], [ 91.527946136916952, 25.871923759856969 ], [ 91.51043201712173, 25.863846611639158 ], [ 91.471310669205138, 25.858116672702355 ], [ 91.446987905912991, 25.840130609428702 ], [ 91.421524733214454, 25.853849229340845 ], [ 91.356008167819041, 25.836924515440217 ], [ 91.336286121445227, 25.838046303946701 ], [ 91.278303997282279, 25.746197701590233 ], [ 91.258062328953002, 25.747103751577026 ], [ 91.226569731749208, 25.722727772449538 ], [ 91.194723937923655, 25.728914253450821 ], [ 91.191964144484942, 25.762803313225664 ], [ 91.182735290247351, 25.775658117969165 ], [ 91.192729658097576, 25.820096632492028 ], [ 91.205495196832658, 25.839853723819594 ], [ 91.199363910292618, 25.858332739762151 ], [ 91.181913233075605, 25.842092602810613 ], [ 91.15579360971735, 25.84942535328328 ], [ 91.123716757247522, 25.830720936356336 ], [ 91.084326630334346, 25.828750125587703 ], [ 91.066234493721737, 25.819798849191947 ], [ 91.052902072954495, 25.828339767301731 ], [ 91.075889761592023, 25.837751340982788 ], [ 91.08154569733729, 25.852037971868501 ], [ 91.068923638420117, 25.845848798098185 ], [ 91.052137540654314, 25.84824810345679 ], [ 91.023847953145022, 25.822083021911244 ], [ 91.003832404104742, 25.821720553658277 ], [ 91.016198285554381, 25.856651692135447 ], [ 91.029598414504591, 25.866070974294416 ], [ 91.032338429186467, 25.887487971653197 ], [ 90.970631625467078, 25.886668064396773 ], [ 90.963875839081496, 25.927194859860716 ], [ 90.94605161530373, 25.947074427123841 ], [ 90.935358172904586, 25.939179258803769 ], [ 90.919178688908943, 25.942678597211295 ], [ 90.922386997228941, 25.912833273500315 ], [ 90.898695425387672, 25.931052111045016 ], [ 90.899772906559207, 25.937012167629096 ], [ 90.886333609819772, 25.951297955386266 ], [ 90.876233172763222, 25.942476136533624 ], [ 90.846630553213188, 25.944377255455478 ], [ 90.840131955224663, 25.937775258276602 ], [ 90.8395926795299, 25.946833530078518 ], [ 90.827277769543983, 25.944682851196422 ], [ 90.81332307340621, 25.951748878489244 ], [ 90.795117885942091, 25.935346154328432 ], [ 90.781471344367972, 25.907897625852506 ], [ 90.761152522240693, 25.910703287643418 ], [ 90.76239888007602, 25.921270852082056 ], [ 90.748893696321772, 25.911929462470614 ], [ 90.743982044764607, 25.914848171829732 ], [ 90.756098556574344, 25.933592434057342 ], [ 90.747600035466064, 25.932422021212982 ], [ 90.743769452518976, 25.940535027878543 ], [ 90.750939576713549, 25.956949631530453 ], [ 90.728904125119158, 25.948403442811344 ], [ 90.721265991012132, 25.954356058826761 ], [ 90.689602398364528, 25.950472627662762 ], [ 90.679203160974154, 25.936155274378379 ], [ 90.630910531660462, 25.916699561793919 ], [ 90.62836270722066, 25.898607896792353 ], [ 90.617773445685657, 25.899229845555894 ], [ 90.610094965554637, 25.911998777586831 ], [ 90.611158125113448, 25.919298934579885 ], [ 90.632614244536583, 25.937137166607954 ], [ 90.586133795108381, 25.959518198210898 ], [ 90.575017222359932, 25.938770817203334 ], [ 90.516224238426787, 25.896018007113899 ], [ 90.537460354404701, 25.936051071507432 ], [ 90.538194513214094, 25.957776606713107 ], [ 90.509532071545891, 25.995781735817015 ], [ 90.481154608038125, 26.015035990685796 ], [ 90.461382947368278, 25.99937178097872 ], [ 90.432493277870563, 25.988846738241254 ], [ 90.397890103931019, 26.013917918746319 ], [ 90.350632916931502, 26.00278652948613 ], [ 90.333920145659079, 25.98834749143386 ], [ 90.328303403959282, 25.974250101561381 ], [ 90.290584183952646, 25.963791951538834 ], [ 90.21681002978687, 25.953805696030933 ], [ 90.212508248214263, 25.9614867121796 ], [ 90.198058718349927, 25.956922456720708 ], [ 90.186588346695004, 25.944375887226911 ], [ 90.180211617857694, 25.957002648403034 ], [ 90.162509503970199, 25.958192188221677 ], [ 90.157529129476103, 25.964638094472953 ], [ 90.144167796085767, 25.958083771154797 ], [ 90.122818285432231, 25.961208446126609 ], [ 90.109505452085955, 25.941885714360442 ], [ 90.092134654664193, 25.936168806045487 ], [ 90.096088805937498, 25.928721502105692 ], [ 90.082132571696064, 25.917657545733238 ], [ 90.067473651364367, 25.915535067808722 ], [ 90.046256438534044, 25.890745655612609 ], [ 90.025445438968944, 25.893200241938594 ], [ 90.008939711345235, 25.878696836445251 ], [ 90.026054788747004, 25.865537276475706 ], [ 90.012471177647157, 25.846855830809226 ], [ 90.00442343359768, 25.848623978267153 ], [ 90.005743810283136, 25.842270714737399 ], [ 89.972131235661024, 25.826193111983134 ], [ 89.948760698450712, 25.824531230724318 ], [ 89.956160464387239, 25.810971915334878 ], [ 89.95936389757027, 25.774530686793877 ], [ 89.932044196211748, 25.741440794979663 ], [ 89.899562065550072, 25.744220129203963 ], [ 89.898373593700597, 25.72734943853526 ], [ 89.925190321943504, 25.694525075447434 ], [ 89.941053487718918, 25.686738677051501 ], [ 89.950918351605011, 25.658941428122052 ], [ 89.984373346960723, 25.63767182121801 ], [ 89.987232600070129, 25.626813029277493 ], [ 90.008434902328787, 25.623924632677785 ], [ 90.022300280830834, 25.608498024903025 ], [ 90.021156756923716, 25.602297877243398 ], [ 90.005988100621693, 25.584311999857409 ], [ 89.983049104692043, 25.590859998554034 ], [ 89.970314564432655, 25.571842396426771 ], [ 89.890313982003079, 25.558046493463081 ], [ 89.877754176087535, 25.549468554158786 ], [ 89.86979581450754, 25.524354336023062 ], [ 89.879389829024831, 25.491510906535748 ], [ 89.863460824503022, 25.475737936460014 ], [ 89.856088025999696, 25.47661758414672 ], [ 89.863220968046377, 25.523028957537434 ], [ 89.856209262711843, 25.537507844169131 ], [ 89.874744826503473, 25.557170319721514 ], [ 89.879167844772994, 25.576198705006224 ], [ 89.874197152519855, 25.588010769440192 ], [ 89.883051691683235, 25.621471747206947 ], [ 89.871908902070729, 25.654078575017735 ], [ 89.84800213335771, 25.690496558423053 ], [ 89.856472031919381, 25.714834683680294 ], [ 89.840233536632141, 25.714697573642621 ], [ 89.829804971354022, 25.729278425982031 ], [ 89.828483742074013, 25.742055399934721 ], [ 89.84337983031439, 25.761028326470122 ], [ 89.831027042571208, 25.804709240637109 ], [ 89.818845595095596, 25.817088174774359 ], [ 89.835196854747522, 25.837712916718356 ], [ 89.84049569597849, 25.877774445247859 ], [ 89.873963977320514, 25.91308384500784 ], [ 89.887040495300781, 25.942023173362671 ], [ 89.844628102110889, 25.940543489793434 ], [ 89.83118431545337, 25.947038322552324 ], [ 89.848330039762729, 25.956136726507271 ], [ 89.841351009284054, 25.967803182969178 ], [ 89.844732675016402, 25.972205534113616 ], [ 89.868159390578668, 25.970329858347164 ], [ 89.871524588348322, 25.976084051951137 ], [ 89.835173005654184, 26.007184794752209 ], [ 89.835202638737925, 25.986264889534855 ], [ 89.818635339648708, 25.988989499418953 ], [ 89.821467148666557, 26.023595392605955 ], [ 89.813099229287147, 26.038307664974244 ], [ 89.799013981994563, 26.018166815438089 ], [ 89.792251472961325, 26.017042848812629 ], [ 89.803271063027921, 26.0395446517166 ], [ 89.796135823525404, 26.033270294554182 ], [ 89.787493484798745, 26.038766337043164 ], [ 89.778520676995342, 26.035465816286521 ], [ 89.792823074016823, 26.045458935011354 ], [ 89.788136451016257, 26.053210022138007 ], [ 89.801189691846304, 26.058623493675451 ], [ 89.797423490927315, 26.088372172217387 ], [ 89.789775161495299, 26.082826250644349 ], [ 89.787484859752567, 26.106053402589101 ], [ 89.765009582187346, 26.112526509282898 ], [ 89.76990956671861, 26.131935858154367 ], [ 89.748167924171753, 26.156549794272969 ], [ 89.727969685464458, 26.15593504689101 ], [ 89.71911374334907, 26.166658732948925 ], [ 89.710650801302151, 26.153349365114831 ], [ 89.688663959132072, 26.167977719781735 ], [ 89.69987898005499, 26.172582609693208 ], [ 89.698760487851743, 26.177539430703327 ], [ 89.677394665459687, 26.202260773386385 ], [ 89.679021457271091, 26.20844387740199 ], [ 89.694238238863704, 26.211795707319649 ], [ 89.687525936940048, 26.216468202936547 ], [ 89.696064537264505, 26.221848192737447 ], [ 89.683431360559624, 26.230129589256943 ], [ 89.66439888535507, 26.222209084331681 ], [ 89.646450325988411, 26.228580527393653 ], [ 89.641045226267806, 26.215507929748593 ], [ 89.65188916560875, 26.195584179588614 ], [ 89.634761557779612, 26.192194315204635 ], [ 89.659820911628714, 26.183364010715668 ], [ 89.65637437305891, 26.169363223656269 ], [ 89.644376051460767, 26.172780060717233 ], [ 89.641177223740982, 26.179976593615478 ], [ 89.624865841180977, 26.18165746469159 ], [ 89.61767207508862, 26.177154439443957 ], [ 89.615260193285948, 26.161102033170859 ], [ 89.597376391483479, 26.16080705703704 ], [ 89.60832988465431, 26.120905803832947 ], [ 89.622595044200324, 26.119486182639921 ], [ 89.629342470524819, 26.128382908070328 ], [ 89.6306741449161, 26.123985051872449 ], [ 89.627840173957026, 26.113823109862835 ], [ 89.603535825882361, 26.111408440848027 ], [ 89.598250835990868, 26.100811352913318 ], [ 89.613234377815857, 26.089144710518362 ], [ 89.620023102314022, 26.101649515163032 ], [ 89.632179183619442, 26.107464255445407 ], [ 89.639154710181288, 26.079529478550921 ], [ 89.653352739451805, 26.068285039246831 ], [ 89.625602190690586, 26.056331162658839 ], [ 89.60676839076919, 26.066033201140872 ], [ 89.614754754949274, 26.049324029920054 ], [ 89.600762739092389, 26.047093353091896 ], [ 89.600075007275365, 26.040422332578235 ], [ 89.592965665587784, 26.04401878351737 ], [ 89.582805608888563, 26.025984218062963 ], [ 89.591258259085151, 25.97953360580459 ], [ 89.582286902857177, 25.976457312846556 ], [ 89.581464479656418, 25.968115779266505 ], [ 89.572243897804725, 25.97004807738195 ], [ 89.572526408236371, 25.975291834094815 ], [ 89.561944563685458, 25.96625451313302 ], [ 89.548254779848904, 25.970696196521882 ], [ 89.544737771730439, 25.98500763974133 ], [ 89.550199012510603, 25.998823658868933 ], [ 89.541649519398945, 26.007896459768503 ], [ 89.50373386600954, 26.005415724884617 ], [ 89.477262237076715, 25.995982035037976 ], [ 89.431945260981749, 26.015244760582231 ], [ 89.436251413347279, 26.022453023508906 ], [ 89.425755837248261, 26.042844814509703 ], [ 89.404899230343574, 26.03619876893497 ], [ 89.392961314378937, 26.008915108405212 ], [ 89.357689641951282, 26.01115881633606 ], [ 89.344779443637989, 26.01677050144658 ], [ 89.325620693380486, 26.038776183394596 ], [ 89.282369890835525, 26.05298216903282 ], [ 89.281467819511022, 26.064671807171877 ], [ 89.270441251359685, 26.061511248893162 ], [ 89.262792644412627, 26.066170610025654 ], [ 89.259636398442282, 26.07462402956936 ], [ 89.268367503787829, 26.092982811694327 ], [ 89.22425194836697, 26.126191346223106 ], [ 89.176657390542289, 26.131360852701341 ], [ 89.161480745814757, 26.139587444243269 ], [ 89.153836575522789, 26.169504975603033 ], [ 89.140826431569906, 26.185410110947981 ], [ 89.150997453291524, 26.207224227275663 ], [ 89.148439675099027, 26.222211475327942 ], [ 89.106451209132132, 26.289779733934139 ], [ 89.106552782219794, 26.306361044177965 ], [ 89.114112377684762, 26.3067356381253 ], [ 89.124387678539406, 26.292046074503933 ], [ 89.13684715732451, 26.316864393588514 ], [ 89.105831667868117, 26.327082732246446 ], [ 89.08891460755774, 26.321975605346086 ], [ 89.101808977917401, 26.340654888387729 ], [ 89.098056997197276, 26.359649082739836 ], [ 89.085358573118469, 26.363706394959834 ], [ 89.092749924367979, 26.368465555680025 ], [ 89.098158167749475, 26.390847500384776 ], [ 89.091266025963236, 26.399631469986765 ], [ 89.039332571417546, 26.394805927755019 ], [ 89.035652512555103, 26.406060270806833 ], [ 89.012850376606593, 26.410621369439426 ], [ 89.009185300492973, 26.41996609350274 ], [ 89.00002056440843, 26.418480433521946 ], [ 88.995762064769707, 26.40802543878339 ], [ 88.981104988179126, 26.407085237119361 ], [ 88.988052229797603, 26.443840871758841 ], [ 88.967724094419594, 26.458873789254501 ], [ 88.953911175207921, 26.448081198831694 ], [ 88.951665743673161, 26.432680999838709 ], [ 88.932589029968071, 26.431592840716643 ], [ 88.931125609484212, 26.410037229901732 ], [ 88.915341838104638, 26.404565758395737 ], [ 88.921149288861955, 26.362982297348623 ], [ 88.959793225954428, 26.362618394373399 ], [ 88.954057398219689, 26.347467914447069 ], [ 88.960840971186983, 26.346106516026058 ], [ 88.959199896040516, 26.333163581127682 ], [ 88.965598901586873, 26.33411432625843 ], [ 88.969600623763171, 26.350410227932766 ], [ 88.978150571872035, 26.347047928895542 ], [ 88.983393602469562, 26.352244253653453 ], [ 88.990660556293022, 26.346157770431592 ], [ 88.991693288607863, 26.335766162897379 ], [ 89.004130183554935, 26.326302644364628 ], [ 89.000728817459645, 26.315203138803412 ], [ 88.989702018055965, 26.318359273832243 ], [ 88.990482197293943, 26.306138535094895 ], [ 88.998260361540275, 26.2989388393027 ], [ 89.005031959647212, 26.294856781986702 ], [ 89.01328695930836, 26.300214968487595 ], [ 89.018312366672376, 26.291500091141398 ], [ 89.026084901734521, 26.308969347612976 ], [ 89.029766381103528, 26.286630169524191 ], [ 89.050833983145353, 26.28093478842786 ], [ 89.051155931831616, 26.292968091879189 ], [ 89.05749092017011, 26.295757638763252 ], [ 89.062873727893944, 26.288725627733722 ], [ 89.058828957246931, 26.276622627159945 ], [ 89.064456849463724, 26.270742225474969 ], [ 89.064086687282256, 26.254687840275011 ], [ 89.055829436659096, 26.255591250851019 ], [ 89.050216966689575, 26.241117575824735 ], [ 89.034653321141761, 26.247642417210894 ], [ 88.97201717896462, 26.241232351364715 ], [ 88.926939566653559, 26.284451921311657 ], [ 88.906993030334249, 26.288126014290945 ], [ 88.878855267111817, 26.285816394275795 ], [ 88.870547966248978, 26.275588003514461 ], [ 88.868000181509487, 26.253257141378 ], [ 88.885191583125462, 26.236872751906716 ], [ 88.847970429503789, 26.23303815115937 ], [ 88.836425507259548, 26.241831057438315 ], [ 88.840425302255113, 26.250314610438743 ], [ 88.826111774311599, 26.251521147243842 ], [ 88.821449512189318, 26.259665166475784 ], [ 88.823244867279854, 26.296282952305834 ], [ 88.800922501497126, 26.308879168075883 ], [ 88.779848554444811, 26.299093604512294 ], [ 88.756507058410165, 26.310099931148546 ], [ 88.743775946349515, 26.290159962864191 ], [ 88.733223963553598, 26.291939474363542 ], [ 88.720752556178155, 26.280826089393674 ], [ 88.699320922108242, 26.278699492348387 ], [ 88.697236843497535, 26.268060312909668 ], [ 88.687713524156194, 26.262374326060478 ], [ 88.675681045773146, 26.265273951685792 ], [ 88.669821979707478, 26.285368067946262 ], [ 88.673569282264452, 26.291726259903459 ], [ 88.682492343501153, 26.29586590401416 ], [ 88.705796991747988, 26.290236524214908 ], [ 88.688810418180509, 26.303315723413249 ], [ 88.679982017584948, 26.319768637755633 ], [ 88.694979772425285, 26.3284218897073 ], [ 88.697553859164728, 26.315104547909378 ], [ 88.732184164291624, 26.315226885095463 ], [ 88.752497219333762, 26.328826059817015 ], [ 88.741665232485659, 26.330372801166877 ], [ 88.748512872918255, 26.34060149193278 ], [ 88.747350336277705, 26.352587303917844 ], [ 88.740921627936416, 26.354154445983475 ], [ 88.712212315754655, 26.334437850157876 ], [ 88.706328711238626, 26.33671050020719 ], [ 88.702245124240406, 26.360143121247784 ], [ 88.692702180837003, 26.374340923149816 ], [ 88.704813115720697, 26.388600131853124 ], [ 88.684213904343821, 26.393506192836544 ], [ 88.692087886614743, 26.401113267010011 ], [ 88.687247310644295, 26.409394990552013 ], [ 88.656542086285157, 26.416010404149535 ], [ 88.652461653902421, 26.426395744162079 ], [ 88.632863637358398, 26.43536722159471 ], [ 88.633133842578644, 26.456154201919688 ], [ 88.62616434604287, 26.469941277069871 ], [ 88.617370613334543, 26.474171770584693 ], [ 88.603074368865876, 26.469610094484967 ], [ 88.598890641268085, 26.453305151675082 ], [ 88.572742365340034, 26.457952311601247 ], [ 88.554284413014784, 26.482053722948795 ], [ 88.532680607692043, 26.486246917209233 ], [ 88.515694875698017, 26.513523856989259 ], [ 88.499122144373402, 26.514793694693182 ], [ 88.483657642850346, 26.541849584072676 ], [ 88.468765916145244, 26.549008736865211 ], [ 88.455556968540918, 26.537294668372638 ], [ 88.437137909521468, 26.547257846181651 ], [ 88.429465629233164, 26.56733618718631 ], [ 88.424121275296812, 26.622258642289278 ], [ 88.417281126472346, 26.629908737454393 ], [ 88.402701687415004, 26.624616335533901 ], [ 88.393632380370477, 26.608507001391601 ], [ 88.404885847387291, 26.601569776342725 ], [ 88.384044867350838, 26.594437650660833 ], [ 88.359203544450665, 26.509503833047283 ], [ 88.341262027042475, 26.490851750414176 ], [ 88.342378843826879, 26.473222738062976 ], [ 88.355023468864118, 26.462454490254959 ], [ 88.36014596580786, 26.447549776703777 ], [ 88.368171888787785, 26.484909001023443 ], [ 88.398386496998668, 26.476264172990252 ], [ 88.409397981670082, 26.481974384899377 ], [ 88.42154423278761, 26.464856222717515 ], [ 88.436067203567788, 26.47286773986632 ], [ 88.448435861952234, 26.461604280427352 ], [ 88.463737985492216, 26.466010095266135 ], [ 88.487159469077625, 26.459866430895278 ], [ 88.483964795236872, 26.447476616662346 ], [ 88.494032747674822, 26.444280911444089 ], [ 88.495158091571696, 26.425192574366541 ], [ 88.503041740768538, 26.4157845929739 ], [ 88.500432656367749, 26.407172923633919 ], [ 88.512525132368708, 26.402483382984155 ], [ 88.511191941117474, 26.393908205468712 ], [ 88.517105561810553, 26.389181439922108 ], [ 88.525630968649878, 26.391955460821805 ], [ 88.516122217439303, 26.372796113345679 ], [ 88.53309292982695, 26.373459664989717 ], [ 88.52310478289192, 26.363140692324187 ], [ 88.527930911308147, 26.357329955076157 ], [ 88.51240816422704, 26.347045055654732 ], [ 88.51097740212883, 26.361765411231367 ], [ 88.48819457619868, 26.351039648412286 ], [ 88.468825407829257, 26.360430216619669 ], [ 88.463520399219348, 26.373281760297388 ], [ 88.441879659170823, 26.337889243429586 ], [ 88.416817089547422, 26.33232629086708 ], [ 88.421518500556004, 26.317347730664334 ], [ 88.39835386728447, 26.317747478398278 ], [ 88.39339162888615, 26.308896295300332 ], [ 88.378863743547214, 26.306128905697641 ], [ 88.362648750655978, 26.291563538555629 ], [ 88.350788419687689, 26.263664735078198 ], [ 88.359229869467811, 26.241543734008388 ], [ 88.354087680042312, 26.221642469274308 ], [ 88.329162522767788, 26.204516886443987 ], [ 88.312586084896097, 26.208243893369524 ], [ 88.27688796230602, 26.192370418510389 ], [ 88.252825981784127, 26.192507177021785 ], [ 88.182787593636235, 26.147454070630495 ], [ 88.176028105278149, 26.117790078936018 ], [ 88.161605317267131, 26.102082576356718 ], [ 88.162817517869655, 26.079482658041346 ], [ 88.186184568013175, 26.067000048349051 ], [ 88.174280708051185, 26.051520446809047 ], [ 88.174063266504149, 26.034335044208255 ], [ 88.181895592206274, 26.025339208745322 ], [ 88.143975579243758, 26.012861875767783 ], [ 88.149236505690482, 25.997071565216057 ], [ 88.125212750094505, 25.968397514647389 ], [ 88.126194341215339, 25.943061424698673 ], [ 88.099569461969025, 25.926357375308982 ], [ 88.095404519111554, 25.917044321990865 ], [ 88.093844853413756, 25.895323826485267 ], [ 88.10344164224027, 25.884322009423471 ], [ 88.09947075804979, 25.871556267497773 ], [ 88.119246910986377, 25.85511022093641 ], [ 88.104562346308356, 25.843105982410815 ], [ 88.107430917793636, 25.813365131115614 ], [ 88.116455687314414, 25.808682080701754 ], [ 88.113689540945614, 25.796429270725078 ], [ 88.143711101933008, 25.791472222555445 ], [ 88.144853844391321, 25.773830026768934 ], [ 88.150094411278715, 25.772518325550671 ], [ 88.158115631513752, 25.782757671971677 ], [ 88.172972175748072, 25.784452267715725 ], [ 88.185117311695379, 25.794491852634049 ], [ 88.210685393349294, 25.785640414459571 ], [ 88.214458860221171, 25.795843244369301 ], [ 88.230795132398569, 25.795735063079331 ], [ 88.243708317382328, 25.805513029659775 ], [ 88.274910838471868, 25.805980196368434 ], [ 88.278152510069347, 25.788791424204266 ], [ 88.271640266905905, 25.778588114214209 ], [ 88.317249300277538, 25.751062287494374 ], [ 88.321362776825794, 25.735954334201438 ], [ 88.336735648384064, 25.73810790312422 ], [ 88.376148429797979, 25.713881838097326 ], [ 88.374971147219142, 25.699679191614873 ], [ 88.386712173385334, 25.698801411659719 ], [ 88.390528982027831, 25.687527903288995 ], [ 88.403048662833854, 25.683970065775426 ], [ 88.41763820659412, 25.66392115182386 ], [ 88.435301216168327, 25.667881220818529 ], [ 88.456268094446102, 25.662578309154473 ], [ 88.459495970421756, 25.628728155857068 ], [ 88.450413853557578, 25.601245708636746 ], [ 88.472432031702567, 25.585072217113655 ], [ 88.497882931815539, 25.580914559443009 ], [ 88.49847725754033, 25.559228572944846 ], [ 88.524271550911436, 25.537390379293424 ], [ 88.537236920133907, 25.536354612418126 ], [ 88.542803271219512, 25.510258262384948 ], [ 88.555746824798277, 25.517506727014982 ], [ 88.593617969575021, 25.506742964649849 ], [ 88.607350986363357, 25.514506021772291 ], [ 88.623857164484178, 25.49897837368847 ], [ 88.641276290682995, 25.497902589640702 ], [ 88.651307636636858, 25.481217689123561 ], [ 88.700655264010848, 25.473271345924175 ], [ 88.711936507587907, 25.48756270667737 ], [ 88.710564318742868, 25.495897574096642 ], [ 88.741142664712569, 25.501445558949481 ], [ 88.742929240225607, 25.489693438987899 ], [ 88.748651326781655, 25.488605298323247 ], [ 88.768565315888765, 25.496584378392932 ], [ 88.762769379860003, 25.520959438806617 ], [ 88.785466300328864, 25.514273788694322 ], [ 88.801864704721325, 25.52246638357245 ], [ 88.815391717456762, 25.489926829174639 ], [ 88.836218197989552, 25.480035720659874 ], [ 88.836556218293623, 25.447695405252656 ], [ 88.829364907953533, 25.439763832773931 ], [ 88.837111519374119, 25.428483836660998 ], [ 88.831534573114382, 25.413331486119468 ], [ 88.81824465674724, 25.408075461840212 ], [ 88.845540304987125, 25.393702529894924 ], [ 88.840931705101454, 25.386451658825948 ], [ 88.848098723597346, 25.363631560445263 ], [ 88.869034993776978, 25.351701033673262 ], [ 88.884246537601413, 25.327545846031573 ], [ 88.90214384753871, 25.337539369066608 ], [ 88.916838971970961, 25.315402230009799 ], [ 88.937496010727287, 25.30685776768237 ], [ 88.983760771199002, 25.306483191057353 ], [ 89.005140891944748, 25.299997256578845 ], [ 89.012510218761705, 25.267204627623116 ], [ 88.990775836073155, 25.271238349132126 ], [ 88.958227221469642, 25.250152238973744 ], [ 88.96400179572818, 25.21060295260877 ], [ 88.940440003049616, 25.203522247001022 ], [ 88.949164527920914, 25.180246236757036 ], [ 88.931269194537279, 25.177289218765399 ], [ 88.919632730011998, 25.165727723047311 ], [ 88.902941366462258, 25.181284063832283 ], [ 88.882090396330341, 25.176250209126671 ], [ 88.876355085399027, 25.18958257799715 ], [ 88.865445036225722, 25.189551176465667 ], [ 88.863913304651945, 25.199932431128385 ], [ 88.85296656806068, 25.201947533856021 ], [ 88.848481181579842, 25.210099469057173 ], [ 88.835054306355886, 25.207779436016793 ], [ 88.833485531234942, 25.194449059035456 ], [ 88.808971922203028, 25.173955621237941 ], [ 88.78057648916031, 25.178169274463613 ], [ 88.777520903018385, 25.188156228662631 ], [ 88.757113094741612, 25.17826615710657 ], [ 88.726945251979558, 25.200896208811759 ], [ 88.689224142382784, 25.209793975880729 ], [ 88.669598128361315, 25.203378740518783 ], [ 88.618900615060198, 25.205185994314704 ], [ 88.593141296868211, 25.193329666336957 ], [ 88.588696533937721, 25.18131765543691 ], [ 88.568359729759877, 25.174652833981213 ], [ 88.562352280305092, 25.190453698254885 ], [ 88.537761219303974, 25.187854484651428 ], [ 88.537445562641579, 25.199157582832342 ], [ 88.512131519457256, 25.199266259233191 ], [ 88.487188606341277, 25.213609817590605 ], [ 88.467138747792958, 25.196094184683083 ], [ 88.444216257105893, 25.209314843203895 ], [ 88.450017549853641, 25.170886348693021 ], [ 88.461727280136159, 25.144963736540685 ], [ 88.460059828405718, 25.13160678578825 ], [ 88.446232085382292, 25.11932970171409 ], [ 88.453917903771213, 25.076839686502609 ], [ 88.438069669597908, 25.049383954133759 ], [ 88.449940670626333, 25.040400268060651 ], [ 88.451468664520988, 25.029332625352076 ], [ 88.442652468983496, 25.010514152449328 ], [ 88.429239476960277, 25.012482634269265 ], [ 88.426326052457441, 25.00249446729612 ], [ 88.412604993003512, 24.994741659945795 ], [ 88.41599795387053, 24.983911556649701 ], [ 88.402955418083309, 24.97072115350549 ], [ 88.397903170398251, 24.944010509663652 ], [ 88.383804823690184, 24.94367247049691 ], [ 88.371322712608077, 24.952445073040842 ], [ 88.346870497353322, 24.940071414268289 ], [ 88.331673837721482, 24.915094712092849 ], [ 88.334684375526706, 24.905857124037883 ], [ 88.346646292953494, 24.901171024740179 ], [ 88.346597415980781, 24.88580173147912 ], [ 88.332952864673004, 24.870777665566514 ], [ 88.324473537606337, 24.881345818168356 ], [ 88.306383288745963, 24.879201236892587 ], [ 88.280931620164893, 24.893012919215213 ], [ 88.272215875007561, 24.87693536011826 ], [ 88.266239339040339, 24.878247108154472 ], [ 88.264505848645896, 24.914452533857457 ], [ 88.246508293643089, 24.944568902021242 ], [ 88.230732744478743, 24.955831769729887 ], [ 88.204674919960041, 24.956089150235652 ], [ 88.142413699478752, 24.930304680048543 ], [ 88.169449690758512, 24.897922591611351 ], [ 88.170993192201962, 24.89071917525802 ], [ 88.157963885623715, 24.890852947219763 ], [ 88.166604330712119, 24.881171550119127 ], [ 88.161102948629974, 24.87073045533182 ], [ 88.177049803037477, 24.859771642194033 ], [ 88.164362601558068, 24.850850272260466 ], [ 88.146387109776583, 24.850783934950204 ], [ 88.14471075835668, 24.832163079757031 ], [ 88.1355424356546, 24.83300662782732 ], [ 88.139992019335793, 24.802278661297279 ], [ 88.132803535894865, 24.804039012716459 ], [ 88.127764968559489, 24.82660616112635 ], [ 88.117737936932031, 24.818654578186827 ], [ 88.10824322173977, 24.780778483561971 ], [ 88.071782360678327, 24.770514034876481 ], [ 88.073967964862248, 24.736413561332906 ], [ 88.06839007968135, 24.722118453277318 ], [ 88.020027045496249, 24.679420141290425 ], [ 88.013729469985122, 24.664450571729414 ], [ 88.05163190937985, 24.630601136427565 ], [ 88.103055133554463, 24.546657670931744 ], [ 88.133193328205351, 24.516787386438462 ], [ 88.170936885498136, 24.496753421287561 ], [ 88.203715100442594, 24.458116973240148 ], [ 88.243407323877136, 24.452032501855811 ], [ 88.273626173261505, 24.440009427568249 ], [ 88.306207081674927, 24.405163720498624 ], [ 88.343189297761015, 24.37782386075159 ], [ 88.375809946874028, 24.370297738085853 ], [ 88.427335654793083, 24.379656564581108 ], [ 88.445864894009546, 24.376383756952599 ], [ 88.507965642194321, 24.344618492108289 ], [ 88.527987369865258, 24.342009131265232 ], [ 88.555609005728783, 24.298253908031302 ], [ 88.567412819141765, 24.30350224086785 ], [ 88.572986157155825, 24.322529673776575 ], [ 88.579140300054434, 24.324838303878135 ], [ 88.592278773061352, 24.312440629085629 ], [ 88.605853378332284, 24.309330299933727 ], [ 88.611734510673742, 24.31636940779137 ], [ 88.627058061805684, 24.315774589736058 ], [ 88.640655237561433, 24.306319605682436 ], [ 88.664712565055737, 24.314441055991669 ], [ 88.703797353871863, 24.311328858287531 ], [ 88.726796356963334, 24.298301906203839 ], [ 88.739520616329472, 24.274605409067238 ], [ 88.733997709864639, 24.172454452976108 ], [ 88.748929655199603, 24.140287121292285 ], [ 88.698641693374114, 24.114980547246969 ], [ 88.703888693418108, 24.096479457706515 ], [ 88.729480776472315, 24.097478441470159 ], [ 88.726266403497263, 24.067380652440011 ], [ 88.741469205235319, 24.0610522482351 ], [ 88.727155741508966, 24.054140939695991 ], [ 88.739273205535838, 24.048195926290536 ], [ 88.743015844313391, 24.036241778415327 ], [ 88.74159187385392, 24.015413550488287 ], [ 88.731006529780558, 23.99618497664488 ], [ 88.762539553202032, 24.009843430455525 ], [ 88.774763793890628, 23.986466931934011 ], [ 88.744888149027318, 23.986263442547692 ], [ 88.738767347223089, 23.979877436656071 ], [ 88.737601634961408, 23.961811563144632 ], [ 88.746061600620138, 23.937625563644247 ], [ 88.736737165341651, 23.931482530228024 ], [ 88.735325662396733, 23.914745392535394 ], [ 88.70591130071719, 23.914654238798153 ], [ 88.707561385700728, 23.90062380517363 ], [ 88.695876080196825, 23.90146575557927 ], [ 88.689165104582372, 23.890825996312465 ], [ 88.670749285420342, 23.885783350605912 ], [ 88.662450557713285, 23.86989270107167 ], [ 88.633229279350189, 23.863655720050652 ], [ 88.621851021145403, 23.877414519545088 ], [ 88.607638780469912, 23.866257530328298 ], [ 88.595093990179805, 23.872542111707766 ], [ 88.579891786402655, 23.861615956468594 ], [ 88.579417143901082, 23.856196934163471 ], [ 88.590771572434292, 23.852621364013107 ], [ 88.591545509830382, 23.836323922526304 ], [ 88.605582953479356, 23.818748040916255 ], [ 88.590576472747401, 23.814166644775799 ], [ 88.596024997977835, 23.802657765825739 ], [ 88.585834240003237, 23.798082016781521 ], [ 88.584176315472021, 23.789938548608514 ], [ 88.56315062825918, 23.786075283729819 ], [ 88.582665552007128, 23.767297291554307 ], [ 88.575151754360547, 23.726568405299773 ], [ 88.568067112142003, 23.716805523873457 ], [ 88.577617303628429, 23.669812009785943 ], [ 88.565480119376048, 23.644177965238985 ], [ 88.596172713421737, 23.638671187318096 ], [ 88.594076194466382, 23.61694163271039 ], [ 88.584599175242786, 23.602885799557278 ], [ 88.602726591241336, 23.605680711441835 ], [ 88.605926737956281, 23.600266872122752 ], [ 88.648584133953435, 23.610180973802485 ], [ 88.642385611502547, 23.595451448497901 ], [ 88.652097641994388, 23.586454695756508 ], [ 88.662799972361796, 23.55483552063659 ], [ 88.687866928960389, 23.541155774215643 ], [ 88.698967189820763, 23.519685350961037 ], [ 88.730891892213023, 23.510529286507179 ], [ 88.746427221734507, 23.483013492971658 ], [ 88.758441522092753, 23.480342750466615 ], [ 88.763103130861467, 23.488268519193507 ], [ 88.773934670820097, 23.482008376800341 ], [ 88.773738916418836, 23.493984602566638 ], [ 88.782911615528675, 23.499874137268606 ], [ 88.801952812670052, 23.497090643400217 ], [ 88.798226258196081, 23.485289760028003 ], [ 88.803072218701615, 23.479374831040218 ], [ 88.791837421797624, 23.467107328508305 ], [ 88.794376685484423, 23.443612166281149 ], [ 88.781415424836752, 23.438140060929591 ], [ 88.768748898301439, 23.445083151072907 ], [ 88.760864267111515, 23.421313572387533 ], [ 88.763499371532916, 23.408207742872044 ], [ 88.756361645691271, 23.391910433541511 ], [ 88.765721791227861, 23.364111998907173 ], [ 88.736985135427702, 23.349961220411178 ], [ 88.749483975985072, 23.312226687563815 ], [ 88.743401163645373, 23.309055886745345 ], [ 88.73038046203952, 23.319192876001633 ], [ 88.726168398624182, 23.301474662498439 ], [ 88.713136085961111, 23.311073404317195 ], [ 88.700834749449214, 23.298937709700532 ], [ 88.72714369886252, 23.272112877421584 ], [ 88.723754012581836, 23.25516188238263 ], [ 88.750492132732447, 23.239882512605739 ], [ 88.771533169979122, 23.24199129212715 ], [ 88.7870191216942, 23.220991040588302 ], [ 88.8000069510842, 23.218098030172534 ], [ 88.817374615337897, 23.219072365013631 ], [ 88.811344879685549, 23.2458956214826 ], [ 88.81235209512451, 23.252284656438302 ], [ 88.821175303208491, 23.253466955418752 ], [ 88.834193923241841, 23.247166928460501 ], [ 88.82586810704278, 23.235140253634675 ], [ 88.841024137574209, 23.240408527042234 ], [ 88.855994853026303, 23.227102822217262 ], [ 88.916640121663292, 23.23246768694343 ], [ 88.922412682267037, 23.227317495311013 ], [ 88.917431485156186, 23.213722258658557 ], [ 88.922302117124588, 23.210790931796843 ], [ 88.931837038134688, 23.215087708100707 ], [ 88.954873998766033, 23.204993731283029 ], [ 88.982722048145448, 23.224500276473581 ], [ 88.997772823345983, 23.214810698315173 ], [ 88.990657787223924, 23.209376110801344 ], [ 88.985015598368676, 23.183779803779043 ], [ 88.971773956688139, 23.19462120661111 ], [ 88.964670027471115, 23.192356858352998 ], [ 88.957142895036398, 23.178289857021692 ], [ 88.940407419959428, 23.170782349068645 ], [ 88.934459529124183, 23.141145228205232 ], [ 88.925795310854397, 23.14204588602118 ], [ 88.92398586626669, 23.128684888252835 ], [ 88.911152129251292, 23.12412456169675 ], [ 88.900569289394483, 23.108700398756181 ], [ 88.872731204309332, 23.098001717494256 ], [ 88.86962088072319, 23.071533378699037 ], [ 88.882405886958423, 23.042153679574188 ], [ 88.876521071140616, 23.007091496330712 ], [ 88.849992166039428, 23.007681076730645 ], [ 88.871073119599558, 22.992374441586851 ], [ 88.871829369966918, 22.971576955549743 ], [ 88.864570520586682, 22.957966688753149 ], [ 88.898494318741896, 22.95331495496977 ], [ 88.900016669560713, 22.929579732564566 ], [ 88.916904872162092, 22.921463934194669 ], [ 88.906419585752346, 22.906727973300509 ], [ 88.912346292022335, 22.880293853046247 ], [ 88.935543429367428, 22.870838752611846 ], [ 88.948964917385922, 22.88032025611508 ], [ 88.970502026796353, 22.845396417411923 ], [ 88.961354581076577, 22.797181916360874 ], [ 88.939522179819249, 22.78756121586904 ], [ 88.922134330916322, 22.76474527575477 ], [ 88.923688422211356, 22.736914232904805 ], [ 88.962174905808197, 22.69381532559791 ], [ 88.950153047920296, 22.6630030206206 ], [ 88.931688479807818, 22.640799999310914 ], [ 88.939306774982683, 22.622272004227284 ], [ 88.957459006539537, 22.61020100134191 ], [ 88.937020006127383, 22.594224001032551 ], [ 88.937606006251656, 22.569933001886596 ], [ 88.896385006317075, 22.563333001773994 ], [ 88.87869900577904, 22.544737001093814 ], [ 88.868890006232164, 22.545836001207856 ], [ 88.865838005838683, 22.543062001700704 ], [ 88.867057006079932, 22.523430001143659 ], [ 88.85929000564856, 22.519824001810118 ], [ 88.855279005560092, 22.510562001461604 ], [ 88.845513005802971, 22.509837001598836 ], [ 88.842812006351963, 22.507874001677827 ], [ 88.844603005959087, 22.500905001507704 ], [ 88.858848006534714, 22.499152001873018 ], [ 88.86199100583363, 22.491143001876431 ], [ 88.865250005852914, 22.487517001250787 ], [ 88.857490006471963, 22.483590001699053 ], [ 88.856667005619869, 22.475000001735356 ], [ 88.851113005578895, 22.475000001442559 ], [ 88.851944006347921, 22.455835001316828 ], [ 88.859618005942238, 22.445574001185154 ], [ 88.853768005754276, 22.439149001069406 ], [ 88.852731005710012, 22.432891001761664 ], [ 88.824531006217583, 22.436120000814203 ], [ 88.829682006228126, 22.446753001867329 ], [ 88.814163005972475, 22.456393001904736 ], [ 88.814355006339667, 22.471978001679673 ], [ 88.811560006080128, 22.48137900142887 ], [ 88.793633005912071, 22.498860001631996 ], [ 88.771666006534915, 22.513381001390378 ], [ 88.782821006111817, 22.521150001951693 ], [ 88.784165005915511, 22.525000001522056 ], [ 88.765686006451944, 22.534242001154912 ], [ 88.765312006330632, 22.544822001122888 ], [ 88.762069006402214, 22.550519001632622 ], [ 88.765793006088501, 22.556192001521513 ], [ 88.766388005737284, 22.56083500118558 ], [ 88.760980005968108, 22.550150001251879 ], [ 88.764344006056859, 22.534342001507728 ], [ 88.770272005626197, 22.530000001378923 ], [ 88.764442006296449, 22.527780001375202 ], [ 88.78277500604554, 22.524722001546881 ], [ 88.768380006395446, 22.513440001134779 ], [ 88.750420006157412, 22.516966001855454 ], [ 88.738984005917771, 22.514181001068753 ], [ 88.733826006437312, 22.510949000284384 ], [ 88.709977005853474, 22.528852001013011 ], [ 88.704849006455419, 22.528175000936901 ], [ 88.70111100580705, 22.525556000443284 ], [ 88.701943005899352, 22.530561000496206 ], [ 88.690666005715116, 22.524412000322361 ], [ 88.691329005951246, 22.534059000663117 ], [ 88.682343006075769, 22.537444000680939 ], [ 88.682265005881803, 22.543782000200078 ], [ 88.67359100567522, 22.550023000899522 ], [ 88.680870005546495, 22.577384001233192 ], [ 88.678338006323955, 22.593611001040706 ], [ 88.672226005574004, 22.549441001022473 ], [ 88.681130005976641, 22.543691000710187 ], [ 88.680916006076458, 22.536389000885247 ], [ 88.689948006156058, 22.533351000610505 ], [ 88.688820005892438, 22.525324000786018 ], [ 88.691482005769913, 22.52238300044484 ], [ 88.707803005765982, 22.527694001038089 ], [ 88.733573005758373, 22.509992000140688 ], [ 88.752914005647654, 22.515523001522745 ], [ 88.777549006087995, 22.506881001763286 ], [ 88.779739005698076, 22.492638001851468 ], [ 88.799155005885297, 22.461389000314743 ], [ 88.802521005636336, 22.443423000731407 ], [ 88.818482006157637, 22.430573000689829 ], [ 88.848343005712792, 22.430564001584486 ], [ 88.856004006247943, 22.40594200021977 ], [ 88.846108006071546, 22.388332000921945 ], [ 88.852776005867909, 22.386668001033087 ], [ 88.861107005617612, 22.365023000965149 ], [ 88.874747005846487, 22.358119000547333 ], [ 88.876290005952384, 22.355311000683553 ], [ 88.87139200577856, 22.358892000167344 ], [ 88.849235005996675, 22.364542000197769 ], [ 88.820007421575141, 22.35972400056793 ], [ 88.849715005527244, 22.363063000893664 ], [ 88.870551005971535, 22.357782000318117 ], [ 88.891572006464671, 22.343082000532558 ], [ 88.9111110062113, 22.305829000922877 ], [ 88.916116005767876, 22.309446000540767 ], [ 88.935304006476542, 22.301747000546779 ], [ 88.930335005612875, 22.259412000722751 ], [ 88.950950005780626, 22.243331000633962 ], [ 88.954079005982649, 22.225241000807703 ], [ 88.918969005936574, 22.233033000579333 ], [ 88.914482006314771, 22.220111000162621 ], [ 88.90178000608141, 22.224076000597563 ], [ 88.886505005805574, 22.237662000662755 ], [ 88.895478005660024, 22.252390000589624 ], [ 88.887611006420272, 22.265933000776759 ], [ 88.876771005802425, 22.274493000270738 ], [ 88.872619005779953, 22.274550000296852 ], [ 88.865097005913555, 22.270810000429588 ], [ 88.863151006374451, 22.276399000155052 ], [ 88.849968006036974, 22.289308000897186 ], [ 88.844170005909959, 22.2902810009045 ], [ 88.864860005690062, 22.270151000861176 ], [ 88.876167005593203, 22.273680000184967 ], [ 88.887237006367855, 22.264909000942978 ], [ 88.893432006317468, 22.251531000832827 ], [ 88.885657006439033, 22.236213000601921 ], [ 88.900337005992526, 22.222853000783321 ], [ 88.913887006377934, 22.216109000562437 ], [ 88.904488005925103, 22.197242000980371 ], [ 88.921144006296544, 22.175191000335428 ], [ 88.919097005647188, 22.165628000987624 ], [ 88.898225006290389, 22.177908000103265 ], [ 88.885758006420559, 22.16754000060174 ], [ 88.872270005735373, 22.171369001017418 ], [ 88.866180005814201, 22.194147000181676 ], [ 88.883438005540853, 22.200052000598465 ], [ 88.886086006191363, 22.206823000762263 ], [ 88.883506006229794, 22.212271000996381 ], [ 88.841011006137904, 22.214263000944023 ], [ 88.841682006443477, 22.218980000122212 ], [ 88.854401006008857, 22.232892000549768 ], [ 88.858948006049047, 22.243590000278417 ], [ 88.875839005772619, 22.252803000503221 ], [ 88.858353005508405, 22.244443000455366 ], [ 88.853531006009149, 22.233849000575844 ], [ 88.841720005691343, 22.221262000165868 ], [ 88.839432005869952, 22.215527000404187 ], [ 88.841950005665097, 22.211740001037164 ], [ 88.84946500604741, 22.209789000730215 ], [ 88.882277005722756, 22.211600000398931 ], [ 88.882683005648218, 22.201021000961308 ], [ 88.865540005816101, 22.198087000923657 ], [ 88.860047005751795, 22.205182000171181 ], [ 88.854470005481431, 22.206213000419751 ], [ 88.850372005653085, 22.202470000510118 ], [ 88.848312005770296, 22.191551000887735 ], [ 88.844268006400995, 22.190318000314967 ], [ 88.834366005791125, 22.209073000626262 ], [ 88.829903006260452, 22.210130000503295 ], [ 88.827218005558663, 22.208822000722979 ], [ 88.82013000607607, 22.196162000564577 ], [ 88.816367006336634, 22.20584300064618 ], [ 88.806717005658257, 22.208952000934119 ], [ 88.80548900553417, 22.221362000627984 ], [ 88.800536005917209, 22.226251000915084 ], [ 88.810822005766681, 22.227292000689406 ], [ 88.818551005815323, 22.230939000124263 ], [ 88.828422006317865, 22.241906000991101 ], [ 88.829568006018562, 22.253721000249708 ], [ 88.827300006210677, 22.265452000938367 ], [ 88.820274006278382, 22.265559000433779 ], [ 88.815453005617925, 22.28297200069477 ], [ 88.811836005757115, 22.28472000013749 ], [ 88.80707622575548, 22.283013871976372 ], [ 88.814414005515403, 22.282386000647804 ], [ 88.815512005936696, 22.263986000791871 ], [ 88.826247006218367, 22.264593000914566 ], [ 88.825814005926091, 22.242022000833934 ], [ 88.814254006325712, 22.229879000818798 ], [ 88.798469006200364, 22.225973000892868 ], [ 88.805541006437082, 22.208353000824083 ], [ 88.814988006396604, 22.205419000235612 ], [ 88.818229006246625, 22.195590000583209 ], [ 88.827498005726866, 22.194986000131717 ], [ 88.83805800555362, 22.175280000985172 ], [ 88.835029005718013, 22.167230000604086 ], [ 88.809616005687147, 22.183339000894655 ], [ 88.794152005558516, 22.170571000395459 ], [ 88.771065006014354, 22.184741000220949 ], [ 88.768325005881991, 22.193614000644612 ], [ 88.747590006009233, 22.197850001032787 ], [ 88.752189006054337, 22.230390000611909 ], [ 88.762046006007139, 22.2414160002666 ], [ 88.769745011288151, 22.241388353732098 ], [ 88.773164005857041, 22.25049800081192 ], [ 88.789958285089483, 22.259368600870186 ], [ 88.772088006412361, 22.251280000411462 ], [ 88.768371005926284, 22.242690000396664 ], [ 88.761948006289231, 22.243021000400333 ], [ 88.743615005760006, 22.229166000554788 ], [ 88.749589006378926, 22.220243000458161 ], [ 88.746391005720952, 22.203058000751874 ], [ 88.73999800589327, 22.214721001015306 ], [ 88.742783005998518, 22.200000000388616 ], [ 88.733612005785034, 22.195555001023951 ], [ 88.701957005836746, 22.209442000915907 ], [ 88.681214006101143, 22.209198000325141 ], [ 88.665627005604975, 22.217451001052087 ], [ 88.63949500581225, 22.213098000673913 ], [ 88.636680005694402, 22.224040000901606 ], [ 88.658065005917749, 22.2393600002321 ], [ 88.684920006154996, 22.294276000208665 ], [ 88.678887005821039, 22.32306200036728 ], [ 88.690552005745772, 22.326665000196268 ], [ 88.671111005595392, 22.325831000458873 ], [ 88.666122006109163, 22.339041000948793 ], [ 88.679168005576088, 22.293891000223571 ], [ 88.657113006107153, 22.250640000157318 ], [ 88.630914006320367, 22.222050000669949 ], [ 88.639342006017429, 22.208120000210382 ], [ 88.666411005972606, 22.207981000697835 ], [ 88.672463005679944, 22.201199000524646 ], [ 88.639481006257896, 22.157471000764712 ], [ 88.640021005834768, 22.142980000977133 ], [ 88.632689006292892, 22.136601000800763 ], [ 88.629722006385393, 22.145280000149139 ], [ 88.631402005774675, 22.13583300070335 ], [ 88.619286005921595, 22.108841000182288 ], [ 88.609795005924056, 22.10786600096425 ], [ 88.610329006177366, 22.116866000391898 ], [ 88.598892005616648, 22.129723000551365 ], [ 88.604629005637847, 22.159775000167372 ], [ 88.58307700644329, 22.169719000418201 ], [ 88.582131005845795, 22.181222000951639 ], [ 88.573776006137692, 22.18892100013025 ], [ 88.577500005686929, 22.198470000864297 ], [ 88.572746005856004, 22.189101000250734 ], [ 88.583909005932895, 22.166758000668008 ], [ 88.603371006334925, 22.159089000731406 ], [ 88.597572005899522, 22.130621000548093 ], [ 88.609107005501542, 22.116333000745723 ], [ 88.60666600630698, 22.107779000194149 ], [ 88.619965006479163, 22.104549001001139 ], [ 88.627297006231828, 22.054810000945768 ], [ 88.629540006279569, 22.050611000345143 ], [ 88.636657005842693, 22.045290000535424 ], [ 88.617752005738694, 22.021140000714343 ], [ 88.603400006004151, 22.023560000557865 ], [ 88.606354006038018, 22.047722000567344 ], [ 88.596734005599004, 22.063297000503596 ], [ 88.60166100623438, 22.073610000110673 ], [ 88.59658100642703, 22.067267000527508 ], [ 88.596230005795491, 22.061041000515459 ], [ 88.604920005661455, 22.048328000979332 ], [ 88.59990600634184, 22.023595000545015 ], [ 88.614440005923015, 22.019720000731514 ], [ 88.598701006278048, 21.974700000389976 ], [ 88.599168006000724, 21.962780001035217 ], [ 88.614937006336262, 21.936992000680053 ], [ 88.611106005630901, 21.931691000834672 ], [ 88.601388005557837, 21.935280000601772 ], [ 88.610832005677381, 21.925801000511417 ], [ 88.606666006189087, 21.913057000927708 ], [ 88.578056005755087, 21.88972000084134 ], [ 88.572778005603752, 21.905556000955645 ], [ 88.581391006057629, 21.916389000436777 ], [ 88.58027600622502, 21.923892000686543 ], [ 88.586389005903428, 21.92805100032583 ], [ 88.579171005628552, 21.924723000955971 ], [ 88.572502005921564, 21.907222000148558 ], [ 88.550278006275036, 21.921391000243077 ], [ 88.55139300614475, 21.934722000151815 ], [ 88.543609005574766, 21.970001000348002 ], [ 88.556388006245527, 21.972790000998771 ], [ 88.563331005639213, 21.960556000337494 ], [ 88.567780006321186, 21.958890000366946 ], [ 88.557672005553314, 21.973239000697802 ], [ 88.54624900550553, 21.973490001008361 ], [ 88.54263400620016, 21.970630000155055 ], [ 88.540886005458802, 21.960212000281611 ], [ 88.5486690060239, 21.922280000759088 ], [ 88.570542006269164, 21.903609000141447 ], [ 88.562394006417506, 21.898880000641871 ], [ 88.545043006315751, 21.90604100071927 ], [ 88.540558006151556, 21.903869000802683 ], [ 88.539498005578864, 21.899352000406061 ], [ 88.547928005549124, 21.881691000669196 ], [ 88.538887006297927, 21.871111000257567 ], [ 88.537818005827191, 21.858020000642931 ], [ 88.528054005995301, 21.853056000606184 ], [ 88.494264006078296, 21.879091000716496 ], [ 88.50728700581422, 21.903249000304609 ], [ 88.521775005801047, 21.913743000150117 ], [ 88.5255360059124, 21.929441000908287 ], [ 88.521721006360266, 21.942681000107164 ], [ 88.494239006390515, 21.958395000957101 ], [ 88.493699005714063, 21.967052000353771 ], [ 88.519120006297342, 21.988243000784738 ], [ 88.537025005795527, 21.978805000165064 ], [ 88.543320006308065, 21.981994000965734 ], [ 88.549980005719959, 21.996206000191851 ], [ 88.556632006368972, 22.023180000353847 ], [ 88.554620005882697, 22.035710000309663 ], [ 88.541419005513077, 21.98171100094649 ], [ 88.517570006193566, 21.988728000114545 ], [ 88.491570006421057, 21.966890000316205 ], [ 88.491187005712092, 21.960460000337886 ], [ 88.49534600550983, 21.955084000434688 ], [ 88.521828006351384, 21.939011000225261 ], [ 88.520661005606868, 21.915395000216453 ], [ 88.502220005609701, 21.914723000818956 ], [ 88.483237005544893, 21.909959000952448 ], [ 88.477273006475642, 21.904380000999236 ], [ 88.47355600560293, 21.895341000616799 ], [ 88.455612006163449, 21.899949000326025 ], [ 88.462219005889239, 21.922460000881514 ], [ 88.452895005702203, 21.939538000614856 ], [ 88.468238005714639, 21.952832000335839 ], [ 88.470207005640631, 21.958901000535455 ], [ 88.463685005634147, 21.96352100100945 ], [ 88.445930006054226, 21.965960000971656 ], [ 88.449433005822513, 21.983990000707347 ], [ 88.447867006171279, 21.987432000375168 ], [ 88.443359005899808, 21.990121000838677 ], [ 88.449996005907693, 21.998622000417978 ], [ 88.450545005980089, 22.007221000198825 ], [ 88.459021005939505, 22.00923400087316 ], [ 88.460893005781244, 22.011579000248876 ], [ 88.450402006291142, 22.009161000386577 ], [ 88.441627005685433, 21.991060000795628 ], [ 88.447984005538089, 21.984519000494181 ], [ 88.445328005896457, 21.964155000646731 ], [ 88.468924005992832, 21.957969000702416 ], [ 88.451484006117596, 21.942027000889574 ], [ 88.458481005748453, 21.918841000860258 ], [ 88.441673005915831, 21.911390000789471 ], [ 88.432998006038105, 21.902812000488623 ], [ 88.424187005482224, 21.907712000198757 ], [ 88.419725005949715, 21.906552000410816 ], [ 88.408669006217096, 21.8853310003418 ], [ 88.384742005825629, 21.899152000445355 ], [ 88.40777500621283, 21.91949300019099 ], [ 88.406387006320543, 21.92447000046133 ], [ 88.394248005615083, 21.936769000804787 ], [ 88.39913300594425, 21.94933100066303 ], [ 88.398811006201385, 21.953092000361888 ], [ 88.373887006204825, 21.965278000739755 ], [ 88.394310006269777, 21.970662000651547 ], [ 88.375817005793877, 21.969720000542171 ], [ 88.372779005538092, 21.966659000282689 ], [ 88.37444300613322, 21.962819000825196 ], [ 88.39805700553741, 21.952221000887359 ], [ 88.392845006252458, 21.936871000277357 ], [ 88.40636400638391, 21.919785000661232 ], [ 88.382798005493555, 21.900681000256323 ], [ 88.397499005975575, 21.885281000547259 ], [ 88.39382900581441, 21.852320000143909 ], [ 88.385772006061217, 21.839404000326109 ], [ 88.390670005574592, 21.798981000428807 ], [ 88.381638006419351, 21.791588000437361 ], [ 88.364007006137115, 21.797830000841234 ], [ 88.35488100566333, 21.822800000543285 ], [ 88.354927005801287, 21.855656000364846 ], [ 88.365830006395626, 21.872980000637607 ], [ 88.370559006014304, 21.896530000780242 ], [ 88.365226006345537, 21.91214000014601 ], [ 88.356454005872493, 21.924311000811159 ], [ 88.349983006231682, 21.927390000657109 ], [ 88.369155006152766, 21.896610000147703 ], [ 88.363533006429549, 21.871360000608028 ], [ 88.353181005834898, 21.856924000893343 ], [ 88.337028005605433, 21.861610000190254 ], [ 88.326287006080705, 21.862159000161924 ], [ 88.308938005646041, 21.856399000178914 ], [ 88.30130100585734, 21.861361000496171 ], [ 88.306800005507398, 21.867269000353076 ], [ 88.309800006478184, 21.877684000988143 ], [ 88.300590005628621, 21.861327000865291 ], [ 88.261979005996693, 21.858690000335898 ], [ 88.256005006320237, 21.870307000185864 ], [ 88.266389006348192, 21.883612000595573 ], [ 88.254898005867759, 21.871339000363729 ], [ 88.258904006283117, 21.858806000501076 ], [ 88.278671006071775, 21.855574000413252 ], [ 88.299316005958133, 21.859381000381592 ], [ 88.313827005859196, 21.846608000185249 ], [ 88.30560400614965, 21.830319000434333 ], [ 88.277092006048377, 21.821914000863703 ], [ 88.263396005789417, 21.813796000425473 ], [ 88.25897300631523, 21.807621000145318 ], [ 88.258362006420427, 21.80077000102132 ], [ 88.263627005962647, 21.788000000791051 ], [ 88.281937005810192, 21.761100000277985 ], [ 88.256080006279021, 21.783150000567161 ], [ 88.252639006216341, 21.802824000384099 ], [ 88.251663005876793, 21.801942000694151 ], [ 88.254569006160182, 21.782920000882839 ], [ 88.282737006198616, 21.757581000520748 ], [ 88.272002005601607, 21.730480000638199 ], [ 88.263130006047106, 21.731817000418697 ], [ 88.271089005739938, 21.743480000865286 ], [ 88.274117005795091, 21.752241000839625 ], [ 88.2727820055526, 21.755751000286967 ], [ 88.21722300568149, 21.76444500029897 ], [ 88.20944200555833, 21.801390001019598 ], [ 88.163331006432983, 21.879444001014466 ], [ 88.177209005937371, 21.926111000309582 ], [ 88.153663005507781, 21.95917300034127 ], [ 88.178519005556069, 21.981802000811662 ], [ 88.207779005935151, 22.022501000749394 ], [ 88.223892006169905, 22.075276000707483 ], [ 88.206673006411052, 22.159721000410915 ], [ 88.188057005670146, 22.186671000221594 ], [ 88.165558006007231, 22.198890001027159 ], [ 88.06972500630944, 22.211945000752447 ], [ 88.084999005831449, 22.235559000694291 ], [ 88.08860700631196, 22.262781001001819 ], [ 88.10305700616415, 22.288330000228683 ], [ 88.105003006286566, 22.304699000418854 ], [ 88.088708005653061, 22.303131000378659 ], [ 88.078613006009903, 22.28417000090381 ], [ 88.075279006325005, 22.252780000213345 ], [ 88.049155006200806, 22.220001000815213 ], [ 88.026109006216615, 22.222499000922202 ], [ 87.984047005586461, 22.246464001069661 ], [ 87.958687005509177, 22.284670000253183 ], [ 87.958320005792018, 22.348690000776514 ], [ 87.949165006170503, 22.399445000446441 ], [ 87.927491006047887, 22.420280000715948 ], [ 87.926941006203435, 22.429171000745836 ], [ 87.921111006057046, 22.435560000310577 ], [ 87.880837005787029, 22.4380550009991 ], [ 87.896392006367151, 22.422500000513036 ], [ 87.913613006063116, 22.420561000862921 ], [ 87.929726006058601, 22.403611000145737 ], [ 87.937234005775366, 22.381389000490607 ], [ 87.943046005839591, 22.362502000759132 ], [ 87.938889006085617, 22.361112000416245 ], [ 87.944167005838622, 22.357219000508572 ], [ 87.936676006365758, 22.356109000540378 ], [ 87.948060006156339, 22.346391000832128 ], [ 87.945831006332483, 22.328055000597086 ], [ 87.936386005999466, 22.31666900097925 ], [ 87.940003005713365, 22.329999000250634 ], [ 87.93083200647871, 22.333334000690382 ], [ 87.936386005953509, 22.326111000585364 ], [ 87.932778005809496, 22.310000001038667 ], [ 87.940003006381374, 22.260278000775084 ], [ 87.970336005643247, 22.238029001080132 ], [ 87.981408005537233, 22.215851000360249 ], [ 88.008614006293712, 22.201390000636685 ], [ 88.023057005680897, 22.199444001039065 ], [ 88.034722005646742, 22.209444000708761 ], [ 88.07527900602706, 22.186671000568925 ], [ 88.102777005537675, 22.191945001052826 ], [ 88.135560006414565, 22.184723000708562 ], [ 88.193612006293861, 22.11194500065443 ], [ 88.17778100614521, 22.084721000388686 ], [ 88.148612005609081, 22.059721000183742 ], [ 88.062233005890036, 22.013060000570619 ], [ 88.02693800566297, 22.047781000445177 ], [ 88.033607005987093, 22.05750100082334 ], [ 88.031943006220288, 22.063887000453285 ], [ 87.998429006455808, 22.089571000428556 ], [ 87.989166005840843, 22.103889000882077 ], [ 87.960908800069959, 22.100641572443294 ], [ 87.845137204757123, 22.124423445197689 ], [ 87.732472959081164, 22.12291450967809 ], [ 87.676236947449937, 22.10139082752962 ], [ 87.563454309850101, 22.09732405736316 ], [ 87.48857495744798, 22.069348453447926 ], [ 87.468787206490703, 22.043500352913238 ], [ 87.455588666352853, 21.995375505265827 ], [ 87.426345906277803, 21.940725379912731 ], [ 87.256903178736991, 21.922408115317211 ], [ 87.236770877110303, 21.944929954442884 ], [ 87.239385155257452, 21.958925742695175 ], [ 87.199685146089351, 21.958105763063799 ], [ 87.179579580905312, 21.970725816136909 ], [ 87.154948683318466, 22.472813623537938 ], [ 87.143626433453647, 22.553836841165889 ], [ 87.134788451870762, 22.825001250901469 ], [ 87.148382884445923, 23.073173537607182 ], [ 87.289997907778684, 23.483619002320264 ], [ 87.523098088271695, 23.808999135258365 ], [ 87.607567111774529, 23.892657121323474 ], [ 87.701446283980104, 24.168784892767508 ], [ 87.69755393353266, 24.187722130678154 ], [ 87.683319696750615, 24.192654603727853 ], [ 87.675964098473287, 24.207266315392786 ], [ 87.642790123610766, 24.213097183378583 ], [ 87.648069145776631, 24.231594074421317 ], [ 87.640793526601072, 24.244007125395772 ], [ 87.652215050467646, 24.250038863255817 ], [ 87.662100970595702, 24.236881658488691 ], [ 87.666973095034677, 24.246434508133262 ], [ 87.686399264321693, 24.24792768812717 ], [ 87.707677945207379, 24.261397249463517 ], [ 87.715362360759443, 24.293512364289143 ], [ 87.732218499577428, 24.287668482904952 ], [ 87.761289831317924, 24.305022269625614 ], [ 87.769489140605842, 24.324198064712004 ], [ 87.766247033042859, 24.334707018786723 ], [ 87.802529115126561, 24.383540269535118 ], [ 87.797604978384769, 24.397770995262196 ], [ 87.815040174461942, 24.407949790293717 ], [ 87.810259242368716, 24.419466847487246 ], [ 87.803665631984956, 24.412543943848533 ], [ 87.789820861403996, 24.415858322080265 ], [ 87.797275923328272, 24.425126675113173 ], [ 87.796099207043099, 24.439058628593404 ], [ 87.807572334788773, 24.451426568229316 ], [ 87.820007438517749, 24.452634472665764 ], [ 87.822913862233818, 24.469720432420868 ], [ 87.814176866268866, 24.477846561668805 ], [ 87.827955705945001, 24.495647598321423 ], [ 87.815298464121355, 24.493342475578682 ], [ 87.811773488141981, 24.511824789738661 ], [ 87.800228841013379, 24.492297583853968 ], [ 87.806271839927291, 24.515845837517102 ], [ 87.802611601103933, 24.539863057124073 ], [ 87.811461453815895, 24.546395002452261 ], [ 87.796745910870655, 24.566864302435953 ], [ 87.772763075433389, 24.572731957620388 ], [ 87.774587951086247, 24.582910332442722 ], [ 87.814149073877175, 24.577384387750158 ], [ 87.829625059247988, 24.560655699771864 ], [ 87.853296867252126, 24.552238009476689 ], [ 87.855570187186117, 24.559006175998899 ], [ 87.892392566044222, 24.563895791628898 ], [ 87.896559893498306, 24.58078669912539 ], [ 87.91050732702567, 24.584960523447833 ], [ 87.915044562848365, 24.595023739416902 ], [ 87.913200074024971, 24.6093159176732 ], [ 87.891234583004092, 24.60627730480893 ], [ 87.87785190025032, 24.61184798859794 ], [ 87.88210705705184, 24.617416932074576 ], [ 87.90670641985173, 24.61371183244038 ], [ 87.907358442971628, 24.627029426389058 ], [ 87.889728009832808, 24.627770119599035 ], [ 87.911389208404003, 24.633759602322581 ], [ 87.918516867330709, 24.659648061021283 ], [ 87.891767935330591, 24.675169447011452 ], [ 87.908084901479384, 24.710982166192629 ], [ 87.905999525927172, 24.722627785996643 ], [ 87.895964517399065, 24.723628722916796 ], [ 87.882985547240125, 24.740094289164357 ], [ 87.872603156696499, 24.730419124036416 ], [ 87.819172197229221, 24.75434819538593 ], [ 87.838973172674955, 24.788828057464116 ], [ 87.844284885375686, 24.781107197201841 ], [ 87.840491433058077, 24.764213189924153 ], [ 87.855471063822719, 24.762263333626787 ], [ 87.87063627804848, 24.775305689000536 ], [ 87.882753458320636, 24.798959470165926 ], [ 87.872947625130038, 24.823910518261055 ], [ 87.891811237414586, 24.820601905678426 ], [ 87.903674145418861, 24.825455706254335 ], [ 87.899175013718079, 24.830096262552917 ], [ 87.903038364294545, 24.843697961668401 ], [ 87.894264144338933, 24.853854835256037 ], [ 87.916511671899073, 24.856845811889361 ], [ 87.971744649698067, 24.882198214687602 ], [ 87.978575590713163, 24.897360005394194 ], [ 87.975247829929216, 24.924432700046992 ], [ 87.911877722519321, 24.986598836442649 ], [ 87.908758632241302, 24.999185775777153 ], [ 87.869804231351225, 25.040585900346827 ], [ 87.798438554982638, 25.076430586077748 ], [ 87.778265999174508, 25.099775196421337 ], [ 87.776669585457043, 25.152896013899458 ], [ 87.793276831828038, 25.221069602580002 ], [ 87.842264514975042, 25.199860581324703 ], [ 87.828426464453798, 25.234912899244957 ], [ 87.841192518297717, 25.250370416635104 ], [ 87.854903027952474, 25.253989848849656 ], [ 87.862186073142752, 25.278313948730435 ], [ 87.85609669409331, 25.29796488919343 ], [ 87.836872924424014, 25.302677402918004 ], [ 87.807387247480662, 25.323897593078204 ], [ 87.797203619780475, 25.322822679759973 ], [ 87.789754161152857, 25.332914126693378 ], [ 87.794638769972337, 25.372702507401488 ], [ 87.782539205253855, 25.371303460949093 ], [ 87.771531945624147, 25.378437925179082 ], [ 87.772316829541609, 25.403954107248182 ], [ 87.764963579043609, 25.405461154916523 ], [ 87.76563529834371, 25.410504458837121 ], [ 87.777113804884436, 25.411982237410612 ], [ 87.771745700704841, 25.424693785226566 ], [ 87.782374865474793, 25.429373339846595 ], [ 87.792398869254896, 25.449089803106798 ], [ 87.814514838124438, 25.434591730994956 ], [ 87.831630097890269, 25.445665657328192 ], [ 87.831468159537906, 25.457934093085051 ], [ 87.83966412221767, 25.459199917233374 ], [ 87.839682351148483, 25.464958041638546 ], [ 87.869304121185351, 25.465782793701852 ], [ 87.866716624029863, 25.486431583073493 ], [ 87.875739135686516, 25.503372902825163 ], [ 87.887218789195856, 25.505939855620564 ], [ 87.88508697563681, 25.51632875203682 ], [ 87.891190843691035, 25.517451769814475 ], [ 87.90482146016204, 25.504681927212896 ], [ 87.910646998540841, 25.507712702607311 ], [ 87.908882674991091, 25.519412977544533 ], [ 87.929957949582402, 25.536010540345114 ], [ 87.961433842809626, 25.538415318989117 ], [ 87.978047011715702, 25.523609906898997 ], [ 87.99181723528244, 25.525205677527158 ], [ 87.986328390095395, 25.516233063787645 ], [ 87.992380022218327, 25.503029251832977 ], [ 88.009964442040925, 25.494445256896547 ], [ 88.013229040297006, 25.510780272347684 ], [ 88.017410731507894, 25.50796681515823 ], [ 88.013674565885424, 25.503227949305746 ], [ 88.033252643842417, 25.486550177317081 ], [ 88.040213968380655, 25.493142639354382 ], [ 88.05202480367808, 25.483027502699102 ], [ 88.058641686791702, 25.487044325061532 ], [ 88.076080651011665, 25.480916818953183 ], [ 88.07852452997021, 25.50430241156343 ], [ 88.069534954760499, 25.50657036279442 ], [ 88.074541503260505, 25.513449773222426 ], [ 88.063825739610394, 25.529098283681318 ], [ 88.041448159375378, 25.537109324497486 ], [ 88.043622944460523, 25.546549252377432 ], [ 88.032808969070558, 25.553631623424415 ], [ 88.044010970987514, 25.564240119954469 ], [ 88.031044398514652, 25.56944256420017 ], [ 88.035811404632554, 25.574692177749217 ], [ 88.026839787392205, 25.587273871142596 ], [ 88.044397999511787, 25.595380257436165 ], [ 88.035501003392795, 25.600358028129371 ], [ 88.047212458957546, 25.605835313000128 ], [ 88.042761471793469, 25.62232213808397 ], [ 88.060122565793407, 25.633170215420424 ], [ 88.041386747117869, 25.637132927437516 ], [ 88.054372157280184, 25.644207621583149 ], [ 88.049017045868936, 25.674176068953567 ], [ 88.054514618899603, 25.690837888103808 ], [ 88.036085347165638, 25.69907428406492 ], [ 88.022076889205437, 25.691981820415698 ], [ 88.022588576118167, 25.704965932005937 ], [ 88.003118237244109, 25.712159651388628 ], [ 87.993755835039252, 25.723905191249433 ], [ 87.985634944803508, 25.718700222721825 ], [ 87.96698945313787, 25.724906570225997 ], [ 87.966472444277485, 25.732348266904587 ], [ 87.944663637648702, 25.748751137370025 ], [ 87.947680208398694, 25.756159421440632 ], [ 87.938458336513534, 25.77151586400209 ], [ 87.904565274180115, 25.769952660797671 ], [ 87.904119193868254, 25.799440688115077 ], [ 87.909172899837102, 25.802040828671149 ], [ 87.901156299292282, 25.804858499999931 ], [ 87.902864606072825, 25.811223160553944 ], [ 87.909271758835047, 25.814293662043323 ], [ 87.913722645654133, 25.809555771004174 ], [ 87.916640074319346, 25.814964790243479 ], [ 87.900010319236031, 25.82521112656249 ], [ 87.902607919601834, 25.829244935941471 ], [ 87.889562924882497, 25.828764392069615 ], [ 87.903570915166242, 25.834670442880352 ], [ 87.917076350191138, 25.851886151183301 ], [ 87.891020008571559, 25.8647762167971 ], [ 87.884952436078265, 25.858586579225804 ], [ 87.871487309402809, 25.86766880336183 ], [ 87.82909499132802, 25.871572640136012 ], [ 87.821788438639985, 25.88563000344455 ], [ 87.826552208622999, 25.893845790097966 ], [ 87.819948145061915, 25.900038857595153 ], [ 87.822774100082782, 25.91278009279339 ], [ 87.814108270042738, 25.909063874193855 ], [ 87.809910726232175, 25.920784550131909 ], [ 87.813303621293912, 25.929986256698456 ], [ 87.836249157948842, 25.935509380950656 ], [ 87.830234253374883, 25.946501725519486 ], [ 87.837600103925766, 25.964146861656346 ], [ 87.832417096154145, 25.988339130654275 ], [ 87.847015867445762, 26.019782727180594 ], [ 87.848534789009577, 26.044475377864625 ], [ 87.869677143198246, 26.056102211651524 ], [ 87.881611978658938, 26.055581950095863 ], [ 87.882478333375772, 26.066181062465752 ], [ 87.9193453524815, 26.090965382050413 ], [ 87.928926786449196, 26.07180937691329 ], [ 87.937513637464576, 26.068958001794481 ], [ 87.944253634940836, 26.0844777768135 ], [ 87.97449410360764, 26.081366996288516 ], [ 87.975848967975608, 26.091655105999191 ], [ 87.960804486107961, 26.102786065897099 ], [ 87.964638002422674, 26.108828545462593 ], [ 87.975716590755027, 26.109303380775209 ], [ 87.9820175524045, 26.121623394988422 ], [ 87.963549946589822, 26.128842804490318 ], [ 87.977371475910431, 26.137124998330169 ], [ 87.970506619921437, 26.151942595486183 ], [ 87.988531861246159, 26.159151988594235 ], [ 88.002431942853704, 26.141779705599532 ], [ 88.019449636613615, 26.140863995612232 ], [ 88.018148293234489, 26.154780355530537 ], [ 88.043828114758739, 26.177673610067203 ], [ 88.058718660239407, 26.171648186752922 ], [ 88.076199318416812, 26.175701534616874 ], [ 88.096059703522769, 26.203204631829333 ], [ 88.122400267412331, 26.222945803546931 ], [ 88.118264706466974, 26.226174092728421 ], [ 88.145175709414573, 26.230788767256271 ], [ 88.143788533680564, 26.243724343437638 ], [ 88.150847491328733, 26.252763631973338 ], [ 88.183261271916507, 26.261696298967717 ], [ 88.189747847589487, 26.274633869893297 ], [ 88.220630441677855, 26.281649106145501 ], [ 88.2545861791954, 26.326486057978723 ], [ 88.267517566364987, 26.337798766244198 ], [ 88.28264015611893, 26.332441234654297 ], [ 88.285728450455395, 26.346292041203277 ], [ 88.298296490396936, 26.353852996195137 ], [ 88.274023711885434, 26.381086539389006 ], [ 88.261332252969765, 26.374396350441888 ], [ 88.244062635882486, 26.375299292885909 ], [ 88.236927221677874, 26.393867689650239 ], [ 88.27440114618463, 26.421656795972883 ], [ 88.249920584714417, 26.449194424596765 ], [ 88.235527732034257, 26.447037315997498 ], [ 88.221912454923284, 26.465603843716213 ], [ 88.232811905471266, 26.476118025182569 ], [ 88.219756153845637, 26.477647712639797 ], [ 88.221353145620327, 26.469603977677451 ], [ 88.20037241797273, 26.471889417829924 ], [ 88.198252126830823, 26.482940575165934 ], [ 88.185677669615899, 26.490425660750365 ], [ 88.200515956009298, 26.507861405238714 ], [ 88.213008639248002, 26.50991444700637 ], [ 88.239984203594688, 26.532227080789607 ], [ 88.23786905399227, 26.551817707804631 ], [ 88.222079413551029, 26.557111331603334 ], [ 88.22057627472951, 26.55060829388729 ], [ 88.227475290366343, 26.546118689452587 ], [ 88.216323458217531, 26.540560121026996 ], [ 88.221229864905055, 26.535438382108946 ], [ 88.197197142537021, 26.544142603227336 ], [ 88.189123499506096, 26.542759788340181 ], [ 88.185343171839591, 26.530710123614071 ], [ 88.174982300512099, 26.537188950160616 ], [ 88.172068118992229, 26.521477966570174 ], [ 88.152087706492949, 26.510811759854192 ], [ 88.138894390130275, 26.512415279989529 ], [ 88.117062756586307, 26.530061990325951 ], [ 88.106634494668398, 26.550730284627921 ], [ 88.114542306872877, 26.568868028773128 ], [ 88.132583963725082, 26.573988200077682 ], [ 88.132078404200882, 26.602468650149405 ], [ 88.140335396330187, 26.611352183859928 ], [ 88.140469316083795, 26.622430914481406 ], [ 88.159726674095566, 26.635692166756282 ], [ 88.166632679201783, 26.680972495586328 ], [ 88.186735918118302, 26.718193635459667 ], [ 88.18882095139638, 26.743486980901004 ], [ 88.359938420416341, 26.729539086757775 ], [ 88.42673451979725, 26.695016843896621 ], [ 88.865446777495649, 26.623142180635309 ], [ 88.943267735097677, 26.573006918723781 ], [ 89.036887539626434, 26.545686112439068 ], [ 89.315467445697593, 26.490938577537172 ], [ 89.422710040960581, 26.484511897797574 ], [ 89.627217158239134, 26.42083360299565 ], [ 89.686553364498138, 26.426312431174203 ], [ 89.728813714030849, 26.447467548241537 ], [ 89.806791893679858, 26.457228035532474 ], [ 89.874529572931536, 26.448336675796249 ], [ 90.141522747258591, 26.449278923693438 ], [ 90.431058477510959, 26.427165695800877 ], [ 90.49994540569358, 26.440850463841223 ], [ 90.580983741445294, 26.478083905803995 ], [ 90.743226151678812, 26.512767388340887 ], [ 90.865100141393768, 26.550098363004739 ], [ 90.929680336699235, 26.551697894802931 ], [ 91.111718380934562, 26.538865151067146 ], [ 91.157515777098254, 26.596618268785583 ], [ 91.181925296306574, 26.604027077835866 ], [ 91.212275777775972, 26.601854241478872 ], [ 91.271621923513379, 26.58233386857145 ], [ 91.296697881592536, 26.559167301497407 ], [ 91.309213886119466, 26.509444477493453 ], [ 91.342908973789363, 26.507002254706794 ], [ 91.400370197785676, 26.542487549768904 ], [ 91.490747419999963, 26.566383294302732 ], [ 91.561529957533253, 26.561164494057142 ], [ 91.604510141669863, 26.54882497566269 ], [ 91.645826754831859, 26.48166475808819 ], [ 91.733113761956858, 26.472080520302342 ], [ 91.826903953260924, 26.532153526111731 ], [ 91.910328977635018, 26.553286650840466 ], [ 92.015066516070249, 26.548321802631804 ], [ 92.058097327512357, 26.572479050933289 ], [ 92.068308916201914, 26.608318902043013 ], [ 92.111951314041534, 26.638519724407509 ], [ 92.20414515394144, 26.643562087442024 ], [ 92.32739712066045, 26.618631553347196 ], [ 92.381322191488763, 26.614370527310026 ], [ 92.566798665742127, 26.703375964436667 ], [ 92.660850421966913, 26.759907062641933 ], [ 92.753454670765549, 26.801238374023342 ], [ 92.99180916310803, 26.80301481235615 ], [ 93.142771342228642, 26.814844409134221 ], [ 93.470130438657208, 26.936116996121051 ], [ 93.586133219236757, 26.949710019894834 ], [ 93.677628258003608, 26.968010617485596 ], [ 93.720816972098845, 27.016148142916975 ], [ 93.770359223113445, 27.040169664865026 ], [ 93.775583996846393, 27.059240298611055 ], [ 93.781032609442065, 27.050218527629177 ], [ 93.783074124403711, 27.057691120296237 ], [ 93.789297277302467, 27.051080817886067 ], [ 93.799531232178282, 27.060729217957707 ], [ 93.810404644914783, 27.059402158074096 ], [ 93.814751290581995, 27.067507330920023 ], [ 93.820649920996132, 27.061755557348466 ], [ 93.830113269535573, 27.065765935631728 ], [ 93.838621611660329, 27.075013755864003 ], [ 93.829172982478639, 27.108805017191166 ], [ 93.807611545872746, 27.13472009573745 ], [ 93.810611643107151, 27.148678428724104 ], [ 93.86950827035605, 27.195735246695712 ], [ 93.903134687924691, 27.238434226776111 ], [ 93.958647447737874, 27.291650714188432 ], [ 94.00216640658951, 27.331571238420654 ], [ 94.063075149822112, 27.360364195756787 ], [ 94.088550862485945, 27.401371150736892 ], [ 94.162453858158315, 27.463260332541726 ], [ 94.159474199600155, 27.474858692143339 ], [ 94.193527830300596, 27.493095145792942 ], [ 94.21458578422849, 27.494695558009301 ], [ 94.261983487537421, 27.520199459741125 ], [ 94.258823309559986, 27.554198596088629 ], [ 94.228865618143757, 27.572465217084279 ], [ 94.223865711805288, 27.584767387718166 ], [ 94.227501993024518, 27.595375568780067 ], [ 94.213586164914886, 27.607756828154834 ], [ 94.21990419104975, 27.605894393849653 ], [ 94.237585011980428, 27.62942093640747 ], [ 94.254724443407937, 27.637815922901627 ], [ 94.269625203043176, 27.624709942885055 ], [ 94.256529980420368, 27.610549510753746 ], [ 94.274838757244908, 27.600273380438527 ], [ 94.278407245945431, 27.590130453281699 ], [ 94.290844982227284, 27.591274570233988 ], [ 94.300387367634002, 27.601041341791248 ], [ 94.314737422579341, 27.58636835273418 ], [ 94.369726261990095, 27.573357737879373 ], [ 94.389852269759587, 27.585889627839975 ], [ 94.405402512421631, 27.583762453548417 ], [ 94.433267898654691, 27.599626105471366 ], [ 94.438220625384318, 27.580929747892064 ], [ 94.455618977055821, 27.567403228738911 ], [ 94.46184833000639, 27.554142690422406 ], [ 94.485222221455246, 27.573628510521413 ], [ 94.502327520806787, 27.573712663021443 ], [ 94.528389761283606, 27.592155400311135 ], [ 94.5756343824129, 27.603289475379203 ], [ 94.588410993373472, 27.616435822353377 ], [ 94.636510529385646, 27.625030901748485 ], [ 94.671181092211327, 27.646508040424976 ], [ 94.684575663357151, 27.645801266518863 ], [ 94.691510309830335, 27.6634182699013 ], [ 94.718712996298208, 27.657819676957789 ], [ 94.722783228251458, 27.66617652130099 ], [ 94.744708695418254, 27.659546745968239 ], [ 94.761585130122, 27.664548148772681 ], [ 94.768994183033229, 27.676244178663257 ], [ 94.80226397394955, 27.69317567464838 ], [ 94.823292220908044, 27.692262680225873 ], [ 94.841405717354476, 27.699568933231685 ], [ 94.850814998895444, 27.706704673445326 ], [ 94.855632050425697, 27.727664307006517 ], [ 94.862768898211982, 27.729416473386571 ], [ 94.867965631091025, 27.741638988685377 ], [ 94.885977419353011, 27.738075745420357 ], [ 94.999877184258821, 27.772421035868874 ], [ 95.033192370522471, 27.770580846177982 ], [ 95.053804110954161, 27.786026784095593 ], [ 95.318436263012728, 27.866583015095571 ], [ 95.386095384552931, 27.837289044791767 ], [ 95.517658237623749, 27.876879096146162 ], [ 95.527962696660111, 27.892999238899858 ], [ 95.545247048969671, 27.897391753956946 ], [ 95.545547789465914, 27.908559303349417 ], [ 95.566790073501053, 27.917595216443708 ], [ 95.572993449154268, 27.937483804911 ], [ 95.590403155503822, 27.936700011336008 ], [ 95.60851209809563, 27.95283466365256 ], [ 95.827471272549971, 27.972031839628873 ], [ 95.978867215812983, 27.962801792108227 ], [ 95.953694904737489, 27.936144047601964 ], [ 95.956662879956696, 27.92109069110079 ] ] ], [ [ [ 92.757753912315096, 25.120966185657675 ], [ 92.841640608185713, 25.060205025090461 ], [ 92.984641144315873, 25.093481495287463 ], [ 93.022541539975066, 25.096401843441765 ], [ 93.046851834573502, 25.084564185713631 ], [ 93.049180666148089, 25.041562484380819 ], [ 93.069547354523522, 25.004369842641548 ], [ 93.091051039003361, 24.991537768557876 ], [ 93.213941007310211, 24.985944295249737 ], [ 93.262698795667163, 24.96277718541517 ], [ 93.261824316971271, 24.947770187488409 ], [ 93.248690156711376, 24.951507645594749 ], [ 93.253550468576222, 24.939026767294596 ], [ 93.239425586589988, 24.935282335094474 ], [ 93.2479317790647, 24.936527760975821 ], [ 93.242471811117213, 24.927763817722298 ], [ 93.24963407475758, 24.926512261448089 ], [ 93.252676014898114, 24.915234785630826 ], [ 93.238408996300507, 24.911463400356265 ], [ 93.242766328295943, 24.90015383612894 ], [ 93.229903003370083, 24.891348447002621 ], [ 93.23420495380968, 24.886325227217188 ], [ 93.225626471898011, 24.877518934126009 ], [ 93.228486007082196, 24.873745424972565 ], [ 93.208081949415757, 24.853009866431236 ], [ 93.1966022646033, 24.852995443004701 ], [ 93.200933592140913, 24.840433936344141 ], [ 93.193753035456751, 24.840429907041433 ], [ 93.200935663408231, 24.836665499062093 ], [ 93.192349096265161, 24.832893511786011 ], [ 93.196655723540161, 24.830381326878964 ], [ 93.190951654785351, 24.819066094934854 ], [ 93.19813555132842, 24.811535526862819 ], [ 93.192422131134251, 24.802731747547714 ], [ 93.18094518189244, 24.801467875295266 ], [ 93.178105754681397, 24.792669398199639 ], [ 93.173784370725841, 24.800206027951987 ], [ 93.15232588720346, 24.786365005610016 ], [ 93.136480687678954, 24.807701138868715 ], [ 93.130762427451444, 24.802664085066375 ], [ 93.12071622703624, 24.805173693601084 ], [ 93.12210116906185, 24.816480088845001 ], [ 93.109237695808702, 24.806408495674713 ], [ 93.112139807647267, 24.798874755055625 ], [ 93.10076473309762, 24.774990161913383 ], [ 93.105092862365495, 24.766199975314848 ], [ 93.098024008239904, 24.741060670528007 ], [ 93.106624271590277, 24.73856662257959 ], [ 93.088137176603297, 24.705882760601924 ], [ 93.07808430445175, 24.710891951560875 ], [ 93.075244754259231, 24.70711575120086 ], [ 93.09252421564095, 24.684536903805654 ], [ 93.091130868638786, 24.674497514622406 ], [ 93.101144268739574, 24.677017580430917 ], [ 93.104027389061812, 24.671997987883383 ], [ 93.09557357485248, 24.649396702235528 ], [ 93.08415308305598, 24.644365420145487 ], [ 93.088660411929055, 24.624312746741882 ], [ 93.07862669257679, 24.623039996856964 ], [ 93.078693059388911, 24.618029310236711 ], [ 93.086029342954177, 24.608023397109871 ], [ 93.074692881317858, 24.592946576475647 ], [ 93.09789126179264, 24.588004725020912 ], [ 93.106188128424719, 24.580208984764354 ], [ 93.096493859987092, 24.579209159601369 ], [ 93.086358055958854, 24.567868517679344 ], [ 93.060378461451947, 24.571577415954771 ], [ 93.071915227635216, 24.557800239758386 ], [ 93.064768754857582, 24.543998494801407 ], [ 93.060446855190165, 24.551511713173994 ], [ 93.051910607970484, 24.541478255945425 ], [ 93.04769872385333, 24.527676133452594 ], [ 93.052047827965907, 24.516401643212006 ], [ 93.04064058197639, 24.511364601834298 ], [ 93.043533099760339, 24.50256743429733 ], [ 93.034961562129666, 24.493735910740359 ], [ 93.047681275291765, 24.47224172574715 ], [ 93.047406100425633, 24.46071733121325 ], [ 93.037065749899469, 24.457931557629738 ], [ 93.031294029073592, 24.425651080748896 ], [ 93.038267508141175, 24.407904501918171 ], [ 93.01512340911006, 24.399352697147197 ], [ 93.005598593510683, 24.40877190303237 ], [ 92.997201345466706, 24.398428396750838 ], [ 92.979439117323196, 24.406590047791639 ], [ 92.959525902737553, 24.392819015882353 ], [ 92.950457545036784, 24.401789237764564 ], [ 92.934935001331752, 24.392531655321999 ], [ 92.91081274583307, 24.409938587962884 ], [ 92.904438415941399, 24.391495835253977 ], [ 92.893662786901103, 24.392381055149226 ], [ 92.890066505016705, 24.39936863066962 ], [ 92.862215790784404, 24.396622521979822 ], [ 92.843590768737712, 24.377038602999786 ], [ 92.828321436044732, 24.374966567292162 ], [ 92.824390822672441, 24.38769454362593 ], [ 92.830708584478259, 24.397693365387003 ], [ 92.80889185981458, 24.416536069877925 ], [ 92.800208832961133, 24.416299010856825 ], [ 92.802260027420701, 24.424530365425028 ], [ 92.764748167372559, 24.518163757678597 ], [ 92.753218921089996, 24.504379926799491 ], [ 92.703591377048397, 24.37365679194945 ], [ 92.696369770346038, 24.371462581421191 ], [ 92.690156122193173, 24.352262667395102 ], [ 92.683269754158133, 24.344957349409043 ], [ 92.65702388530309, 24.341037255728398 ], [ 92.648536886208547, 24.326297557917503 ], [ 92.640492757259651, 24.326274354106186 ], [ 92.637256107804021, 24.333082205594994 ], [ 92.623815533284699, 24.330255237399104 ], [ 92.61107028620458, 24.250971734406985 ], [ 92.587504585426061, 24.242517252961399 ], [ 92.564107689532676, 24.247804642115302 ], [ 92.550189705433056, 24.24363825330725 ], [ 92.529159824088111, 24.17259428393541 ], [ 92.514662559851217, 24.173312416071695 ], [ 92.508163381234411, 24.167036719486845 ], [ 92.51234150110794, 24.160406478598464 ], [ 92.504413062128378, 24.16515178884876 ], [ 92.499675191962297, 24.158373845799883 ], [ 92.485420059226399, 24.160070314695648 ], [ 92.48040739531838, 24.139201988871772 ], [ 92.465505227927395, 24.132668700171223 ], [ 92.443489148139264, 24.151048639768185 ], [ 92.4361620402006, 24.150393559621321 ], [ 92.433840145704039, 24.179343821038092 ], [ 92.418626249861092, 24.192343757748922 ], [ 92.42207930964129, 24.25107722370328 ], [ 92.212817494109743, 24.247635403756806 ], [ 91.930862113211745, 24.217985354737444 ], [ 91.944697055542164, 24.274683472087446 ], [ 91.927454803938772, 24.321650140707792 ], [ 91.927933931559636, 24.339076572361158 ], [ 91.962318432580147, 24.357950387463578 ], [ 91.981482972760617, 24.333572936300069 ], [ 91.99856692651953, 24.327965678972923 ], [ 92.004920510863556, 24.338020360213722 ], [ 91.974588450227643, 24.382763101123452 ], [ 91.987306849418999, 24.381834852780052 ], [ 92.005878283190924, 24.393032550542305 ], [ 92.010263273846761, 24.38465155354729 ], [ 92.05804084903383, 24.375297504205029 ], [ 92.09452184264606, 24.374372018145017 ], [ 92.124166795870622, 24.382178336790158 ], [ 92.139252067236256, 24.421702700212879 ], [ 92.171799107645043, 24.421563086161786 ], [ 92.154261478405616, 24.503233221963704 ], [ 92.158807307392905, 24.524657202128196 ], [ 92.180720680013337, 24.524554840117361 ], [ 92.221084770885568, 24.501306847271458 ], [ 92.233416829284906, 24.501713959051848 ], [ 92.233394638751591, 24.581009176471358 ], [ 92.221541550729938, 24.605274994802592 ], [ 92.234214526593718, 24.622111481792615 ], [ 92.240055342506025, 24.643989847738219 ], [ 92.226173750928098, 24.679982981581748 ], [ 92.239422813789645, 24.701609355033252 ], [ 92.257417607815043, 24.701306582532272 ], [ 92.26606962708631, 24.712444722409256 ], [ 92.270586652937936, 24.747685252443091 ], [ 92.265832923926695, 24.7741381981551 ], [ 92.2830873014356, 24.78719382284714 ], [ 92.274629656284262, 24.80143787931781 ], [ 92.271755604076247, 24.828706222019751 ], [ 92.247490737474664, 24.833054558837343 ], [ 92.249013793749015, 24.849318786100461 ], [ 92.236988432892844, 24.861020254587913 ], [ 92.253434405665175, 24.881481362805189 ], [ 92.243640078897201, 24.903944953513442 ], [ 92.285510048784758, 24.907693956547252 ], [ 92.307657990265682, 24.916249589834592 ], [ 92.315135635923156, 24.90073145072996 ], [ 92.343112337065335, 24.882931763747202 ], [ 92.35566098103142, 24.8901859928413 ], [ 92.396053357962941, 24.855064540585047 ], [ 92.410773335539432, 24.863495988371298 ], [ 92.438011176173191, 24.859586862465211 ], [ 92.457359889968913, 24.875787759629009 ], [ 92.497765439951408, 24.867918935317558 ], [ 92.495510687930732, 24.906117772456604 ], [ 92.48436671201037, 24.931026652788184 ], [ 92.488701826330953, 24.942328091417757 ], [ 92.455028424699606, 24.942259215179362 ], [ 92.451634235466202, 24.952552186535208 ], [ 92.465874899358184, 24.96251754622206 ], [ 92.454062783937303, 24.969086990698887 ], [ 92.430982511767439, 24.969579540015378 ], [ 92.419866901791053, 24.980216559808856 ], [ 92.425344460070136, 25.029520419103157 ], [ 92.447022445771466, 25.039898247628006 ], [ 92.463727633464941, 25.034963383224145 ], [ 92.460336117523028, 25.052494551301105 ], [ 92.47512263052009, 25.068614617258813 ], [ 92.484840178440763, 25.105868800888384 ], [ 92.543398632570472, 25.097312970710114 ], [ 92.525715650769371, 25.123324062561075 ], [ 92.525191013071804, 25.137770378904033 ], [ 92.666579267777379, 25.108913092445697 ], [ 92.733776449807323, 25.122946333185766 ], [ 92.757753912315096, 25.120966185657675 ] ] ], [ [ [ 88.13694800576846, 21.875000000268344 ], [ 88.153389006186671, 21.836329000678433 ], [ 88.172500005556273, 21.811952000944121 ], [ 88.165833006257984, 21.807220000486073 ], [ 88.163643006166566, 21.799549000817791 ], [ 88.170663006253477, 21.742402000802642 ], [ 88.156113005990065, 21.705001000242518 ], [ 88.154816006004552, 21.685086000729388 ], [ 88.143402005869731, 21.679552000363177 ], [ 88.155281005658921, 21.681389000221699 ], [ 88.154725006125304, 21.649999000804527 ], [ 88.142219006008361, 21.63249900001761 ], [ 88.109170005749405, 21.625833000044683 ], [ 88.070556005599997, 21.633889999625971 ], [ 88.041664005649707, 21.649166999262043 ], [ 88.036666006032121, 21.67500099982281 ], [ 88.044228005732677, 21.717693999927228 ], [ 88.061385006021609, 21.734441000835389 ], [ 88.072854006142464, 21.780181000297446 ], [ 88.121956005728208, 21.86567100037113 ], [ 88.13694800576846, 21.875000000268344 ] ] ], [ [ [ 88.961152006534974, 22.188588000122319 ], [ 88.969407006893832, 22.165072000536295 ], [ 88.984864007379414, 22.148482000382703 ], [ 88.980476007192365, 22.132861000857609 ], [ 88.969780006623012, 22.142894000664796 ], [ 88.970031007211176, 22.156302000065235 ], [ 88.963196006678672, 22.160140000536487 ], [ 88.952751006991235, 22.158469000730683 ], [ 88.969094006789007, 22.155493000781028 ], [ 88.968682006485821, 22.142260000508031 ], [ 88.978263006964056, 22.131468000134713 ], [ 88.981445007317063, 22.132216000090189 ], [ 88.985465007258185, 22.13786800035297 ], [ 88.98333000650382, 22.118890000110106 ], [ 88.968276007337792, 22.082269000222443 ], [ 88.963303007070863, 22.092500000227265 ], [ 88.957252007460909, 22.096693000793941 ], [ 88.955978007336228, 22.101771000721595 ], [ 88.950547007187666, 22.104169000180576 ], [ 88.955559007370894, 22.096392000912626 ], [ 88.963020006935295, 22.091303000695724 ], [ 88.966111006752556, 22.077779000981682 ], [ 88.925048007207153, 22.065259000145335 ], [ 88.923942006803273, 22.024203000813792 ], [ 88.931106007161532, 22.000001000745154 ], [ 88.946107007113469, 22.000001000481387 ], [ 88.935279006547177, 22.025835000404154 ], [ 88.934859006907175, 22.055140000763053 ], [ 88.940658007122536, 22.062230000750752 ], [ 88.963638007098595, 22.05699100036216 ], [ 88.960137007121858, 22.052009000895676 ], [ 88.961464007059234, 22.048998000947375 ], [ 88.977096006668731, 22.038393000329247 ], [ 88.962218006868113, 22.017222000955186 ], [ 88.97569200669902, 22.00432000050851 ], [ 88.972497007192757, 21.987792000819077 ], [ 88.987510006860362, 21.983842000794702 ], [ 88.992234007359997, 21.970003000898298 ], [ 89.008378006537569, 21.981661000386989 ], [ 89.013526006661152, 21.979106000379854 ], [ 88.990935007238093, 21.951934000589333 ], [ 88.994591006796625, 21.941972000373667 ], [ 89.021348007073954, 21.921660000865312 ], [ 89.012573006632309, 21.901994000316638 ], [ 88.968835006446838, 21.921138000279011 ], [ 88.971971006879215, 21.928653000068447 ], [ 88.964675007097114, 21.934802000199852 ], [ 88.976189006970174, 21.938954000411499 ], [ 88.976388007129472, 21.946111000669688 ], [ 88.97498400729296, 21.93972700016041 ], [ 88.962501007176328, 21.935000000800237 ], [ 88.970460006496566, 21.92867100008014 ], [ 88.966102006866649, 21.922930000839564 ], [ 88.935883007380809, 21.936491000852779 ], [ 88.912720007045579, 21.994360000155783 ], [ 88.911017006916296, 22.044818000254573 ], [ 88.901436007064021, 22.065282000060925 ], [ 88.93071800731984, 22.098100000786374 ], [ 88.923247006741235, 22.122942000737059 ], [ 88.93093900701993, 22.122644000053949 ], [ 88.940345007325433, 22.127977000858635 ], [ 88.930602006901026, 22.136979000329202 ], [ 88.936478007096198, 22.14281200051423 ], [ 88.929412007299192, 22.136371000097341 ], [ 88.93831700677535, 22.126890000406387 ], [ 88.927192006554179, 22.123640000268946 ], [ 88.913169006621132, 22.13003000035787 ], [ 88.893935005660524, 22.169699000711471 ], [ 88.919717005862751, 22.161111000633536 ], [ 88.925551005892743, 22.175563000700762 ], [ 88.932662007204755, 22.174512000497938 ], [ 88.945733006579346, 22.182851000412562 ], [ 88.942643006037443, 22.19028400060807 ], [ 88.961152006534974, 22.188588000122319 ] ] ], [ [ [ 88.934173005772323, 22.555862001708174 ], [ 88.961097005970529, 22.546554001528438 ], [ 88.978332006131964, 22.482501001617209 ], [ 88.995277005854703, 22.466943001765536 ], [ 88.988052006385445, 22.445554001608983 ], [ 88.998611005639972, 22.43029300145519 ], [ 88.964165005966109, 22.409167001216936 ], [ 88.970275005971189, 22.393893001822143 ], [ 88.964721005869379, 22.389722001886728 ], [ 88.957778005944135, 22.36472200135994 ], [ 88.945558006542328, 22.371388001621877 ], [ 88.946663005754885, 22.381392001537762 ], [ 88.935279005762695, 22.395830001321517 ], [ 88.94196400570506, 22.400281001650775 ], [ 88.940209006235804, 22.418500001356772 ], [ 88.946602005588559, 22.420572001095117 ], [ 88.939445006296808, 22.419011001785623 ], [ 88.940247005688718, 22.401391001912202 ], [ 88.934151005788507, 22.3958620015765 ], [ 88.944931005642019, 22.380430001209376 ], [ 88.944739005997306, 22.370420001543721 ], [ 88.953475006347816, 22.365531001749513 ], [ 88.941948006198913, 22.309881000095054 ], [ 88.928674006350491, 22.31331100072163 ], [ 88.907334006186247, 22.335791000455881 ], [ 88.896408005662778, 22.380380000847822 ], [ 88.915291006531319, 22.391873001755314 ], [ 88.923058006024391, 22.389166001314713 ], [ 88.922226006169737, 22.383889001295394 ], [ 88.930000005653369, 22.391390001714839 ], [ 88.92167000623067, 22.391946001505676 ], [ 88.927719006332936, 22.397172001353891 ], [ 88.925820006282521, 22.406232001703135 ], [ 88.907776005614338, 22.415832001868768 ], [ 88.918557006065271, 22.422010001865214 ], [ 88.920540006272773, 22.426692001135113 ], [ 88.894722005802365, 22.466112001112833 ], [ 88.89881900619072, 22.476844001594344 ], [ 88.896736005599394, 22.485849001435341 ], [ 88.90560900621179, 22.493368001183185 ], [ 88.909721006267986, 22.505557001636827 ], [ 88.905830005603718, 22.508050001441916 ], [ 88.914443006352954, 22.511111001379316 ], [ 88.906386006388274, 22.519170001713217 ], [ 88.910279005771557, 22.523612001610953 ], [ 88.904228006077545, 22.526263001902684 ], [ 88.901862005626853, 22.546442001592961 ], [ 88.894767006107728, 22.558469001838144 ], [ 88.920020005776877, 22.565420001208203 ], [ 88.934173005772323, 22.555862001708174 ] ] ], [ [ [ 88.704680006280128, 22.206666000552552 ], [ 88.731896005653056, 22.193990000267071 ], [ 88.765526006072932, 22.191961000579685 ], [ 88.768897005848359, 22.180019000256369 ], [ 88.789170005832233, 22.169448000755111 ], [ 88.766388006459337, 22.146110000418293 ], [ 88.738052005503036, 22.134541000463205 ], [ 88.727599005990044, 22.123542000811771 ], [ 88.722893005841271, 22.112832000332872 ], [ 88.683051005694836, 22.080831001053991 ], [ 88.691117005797807, 22.057052000599047 ], [ 88.735740006398686, 22.031615000679782 ], [ 88.739677005952629, 22.017696000451554 ], [ 88.721047006377489, 22.005300000098028 ], [ 88.66377200577756, 22.023761000434472 ], [ 88.653525006014206, 22.07810700017599 ], [ 88.63418700590934, 22.106211000380373 ], [ 88.652862006240454, 22.163392000695485 ], [ 88.680832006368988, 22.18750100057024 ], [ 88.683883006229181, 22.207243000663755 ], [ 88.704680006280128, 22.206666000552552 ] ] ], [ [ [ 88.216713006354681, 21.761350000834273 ], [ 88.272002006300468, 21.754406000543014 ], [ 88.262070006292106, 21.730174000579417 ], [ 88.276656005780467, 21.725561000144136 ], [ 88.28415700638952, 21.707221000709986 ], [ 88.310554006321667, 21.675557000987052 ], [ 88.299721006027553, 21.649445000188297 ], [ 88.293891005461575, 21.648611000324689 ], [ 88.298607006175132, 21.647220000844023 ], [ 88.288330005466136, 21.623059000199618 ], [ 88.288613005682947, 21.597779000196642 ], [ 88.30610700625985, 21.583329000666016 ], [ 88.291665005711906, 21.563054000865478 ], [ 88.288613006382889, 21.567223000274392 ], [ 88.268891006210907, 21.557779999457765 ], [ 88.248336005654409, 21.563888000092948 ], [ 88.240548005971533, 21.573610999417017 ], [ 88.242775006329538, 21.596667000735419 ], [ 88.216392006301348, 21.616388000556842 ], [ 88.234734005783594, 21.635378000535407 ], [ 88.233330005675711, 21.668056000614623 ], [ 88.226333006113549, 21.675055000891454 ], [ 88.205062006013762, 21.675571000362577 ], [ 88.197778006395637, 21.689168000204699 ], [ 88.220382005871883, 21.700030000843256 ], [ 88.210938006130377, 21.726439000756805 ], [ 88.216713006354681, 21.761350000834273 ] ] ], [ [ [ 88.812766006580929, 22.019442000760822 ], [ 88.848334007453985, 22.01750000057628 ], [ 88.866387007366299, 22.024447000892298 ], [ 88.87526700714632, 22.012219000102078 ], [ 88.902496007357982, 22.011670000051513 ], [ 88.907273007058436, 21.929537000521893 ], [ 88.894562007001227, 21.921943000716819 ], [ 88.856583006868163, 21.919060000448376 ], [ 88.824836007252742, 21.939850000081456 ], [ 88.790558006523511, 21.941669000888115 ], [ 88.787224007063045, 21.954999000525191 ], [ 88.775559007399721, 21.943330000557186 ], [ 88.75250400725686, 21.956112000604097 ], [ 88.756943006740315, 21.972501000653484 ], [ 88.749725005713145, 21.981946000312071 ], [ 88.753326006453591, 21.985280000967499 ], [ 88.764442006674045, 21.984441000275364 ], [ 88.774445007362218, 21.989722000611181 ], [ 88.783256006997192, 21.982449000628801 ], [ 88.779992006875716, 21.977602000553695 ], [ 88.781968007052285, 21.972704000427829 ], [ 88.800292007323804, 21.970454000627566 ], [ 88.782249007363959, 21.974254000365615 ], [ 88.789840006970167, 21.985278000884453 ], [ 88.776665007034666, 21.990834000231434 ], [ 88.753609005488016, 21.988058000453247 ], [ 88.760002006163603, 21.996110000402101 ], [ 88.761483006171005, 22.006335000637232 ], [ 88.772498006430553, 22.012219000842013 ], [ 88.76162700565645, 22.00776100030588 ], [ 88.761727005869304, 22.014907000537658 ], [ 88.780282005543455, 22.016112000943377 ], [ 88.801391006586243, 22.029723000570748 ], [ 88.812766006580929, 22.019442000760822 ] ] ], [ [ [ 88.988868005664486, 22.391559001680768 ], [ 88.982856006515036, 22.371341001546579 ], [ 88.988579006039515, 22.363874001448306 ], [ 88.983612005654308, 22.325338001400755 ], [ 89.001424555024229, 22.321883164409279 ], [ 89.023466419503364, 22.296953074710334 ], [ 88.999999006217791, 22.298055000609299 ], [ 88.993889006076145, 22.286112000227618 ], [ 89.017230777759977, 22.268827472577126 ], [ 89.011436006902969, 22.258252000707845 ], [ 89.014549007438887, 22.251599000504452 ], [ 89.03239500696094, 22.257299000553136 ], [ 89.037049006705033, 22.226713000481748 ], [ 89.066901006841633, 22.198315000379377 ], [ 89.060836006956436, 22.167310000852691 ], [ 89.068642006731324, 22.147361000464411 ], [ 89.076866007108933, 22.144763000647437 ], [ 89.092004006837215, 22.157492000617047 ], [ 89.09626100700838, 22.155012000572707 ], [ 89.062188006536473, 22.12843000036424 ], [ 89.055009006704879, 22.143046000658149 ], [ 89.022950006761477, 22.166262000313793 ], [ 89.027205006868911, 22.187711000218041 ], [ 89.019723006644796, 22.205554000333542 ], [ 88.999999007262488, 22.211947000705315 ], [ 88.986281007127872, 22.205602000190648 ], [ 88.97252000706645, 22.209711000401043 ], [ 88.961701005916836, 22.242186000951499 ], [ 88.947219005706557, 22.255560000319583 ], [ 88.953300006392979, 22.27943900040248 ], [ 88.953911006382413, 22.359728001400622 ], [ 88.964623006523368, 22.367441001386617 ], [ 88.974168006347512, 22.395003001757239 ], [ 88.967362005920776, 22.407690001048547 ], [ 88.988868005664486, 22.391559001680768 ] ] ], [ [ [ 88.92056200708457, 21.925831000579628 ], [ 88.974717007363566, 21.896941000686162 ], [ 88.966111006496305, 21.890279000851187 ], [ 88.976670007121143, 21.867501000107438 ], [ 88.955559007271901, 21.853890000297806 ], [ 88.95194200662354, 21.864167000555742 ], [ 88.958886006677858, 21.869723000177483 ], [ 88.949448006569853, 21.886671000442718 ], [ 88.943336007027199, 21.884722000842388 ], [ 88.949448007187911, 21.884171000803647 ], [ 88.956947007121741, 21.8697230004014 ], [ 88.950280007241375, 21.864167000853271 ], [ 88.95276700654567, 21.851390000431248 ], [ 88.947219006838296, 21.84056200063084 ], [ 88.939162007104372, 21.853612000488539 ], [ 88.926942006798896, 21.852210000219408 ], [ 88.917777006847516, 21.860557000197154 ], [ 88.915001006551918, 21.880832000293395 ], [ 88.906938006753663, 21.878890000942608 ], [ 88.913887006864627, 21.879168000504691 ], [ 88.914443006975219, 21.861389000301134 ], [ 88.921670006742076, 21.853890000253259 ], [ 88.926392007429911, 21.85082900043696 ], [ 88.939162007128544, 21.85000000026411 ], [ 88.933328007157272, 21.84583100087389 ], [ 88.932220006524062, 21.838330000304303 ], [ 88.926392007253867, 21.838333000499681 ], [ 88.922782006660398, 21.835559000174996 ], [ 88.923058006544608, 21.824439000691044 ], [ 88.913613006765786, 21.827222000475007 ], [ 88.888046007060723, 21.81222100047534 ], [ 88.880279006968422, 21.821109000280785 ], [ 88.882499007405414, 21.829722000835446 ], [ 88.878052007160122, 21.853890000679659 ], [ 88.857216007128244, 21.858610000390346 ], [ 88.861113007405862, 21.864999000138372 ], [ 88.854158006525154, 21.86972100089525 ], [ 88.854164006565398, 21.889445000556503 ], [ 88.823608006687095, 21.915557000659089 ], [ 88.819617006747762, 21.92819900063505 ], [ 88.856865006865448, 21.910707000220029 ], [ 88.92056200708457, 21.925831000579628 ] ] ], [ [ [ 89.017815007306041, 22.050317000086658 ], [ 89.040810007225502, 22.048872000430862 ], [ 89.073846006513321, 22.00340800089003 ], [ 89.077729007391724, 21.981492000142651 ], [ 89.072357007113453, 21.969271000289243 ], [ 89.070924007219389, 21.983172000593658 ], [ 89.069442006651357, 21.984731000816232 ], [ 89.070267007261037, 21.95437500058469 ], [ 89.059761007259368, 21.931971000136432 ], [ 89.042168006942759, 21.93404300037222 ], [ 89.041038007239152, 21.951045000095245 ], [ 89.041466007343985, 21.93263000075228 ], [ 89.049422006752479, 21.929708000632484 ], [ 89.030793006993974, 21.926305000405517 ], [ 88.999550007339607, 21.949484000855765 ], [ 89.018066006895012, 21.975534000591537 ], [ 89.01526700663949, 21.983842000724017 ], [ 89.005440006582049, 21.986490000173532 ], [ 89.029801007020183, 21.996532000298114 ], [ 89.032502007174642, 22.002082000619151 ], [ 89.006249007057761, 21.988997000045124 ], [ 88.992440006827408, 21.973631000403241 ], [ 88.98969300723418, 21.985670000849851 ], [ 88.975563006952825, 21.991393000184111 ], [ 88.983063007343574, 21.992799000181034 ], [ 88.999359007042415, 22.007105000736384 ], [ 88.974473006868934, 21.993642000408105 ], [ 88.97915700678287, 22.004721000831147 ], [ 88.968078006584932, 22.015542000275975 ], [ 88.985504006742445, 22.045916000280528 ], [ 88.984932007238996, 22.054949000527085 ], [ 88.994529007163436, 22.054566000133523 ], [ 89.001702007252405, 22.059352000071232 ], [ 89.008332006980595, 22.050821000105611 ], [ 89.015687007026912, 22.062932000254573 ], [ 89.015580006493892, 22.052412000142386 ], [ 89.017815007306041, 22.050317000086658 ] ] ], [ [ [ 88.336778006257433, 21.860322000310202 ], [ 88.352723006141275, 21.854243000837808 ], [ 88.351417005741851, 21.821905001022532 ], [ 88.361390006046577, 21.796021000609279 ], [ 88.379678005558063, 21.788481000289288 ], [ 88.378044006204775, 21.769444000237915 ], [ 88.357064005640368, 21.766946000436938 ], [ 88.343453005859871, 21.760270000945688 ], [ 88.33980400584791, 21.751010000433748 ], [ 88.34500100556113, 21.721666000311167 ], [ 88.332229005854785, 21.710439000795535 ], [ 88.315858005777983, 21.709053000892034 ], [ 88.306237006264695, 21.715410000319409 ], [ 88.309699006399299, 21.733766000562966 ], [ 88.298340005592607, 21.777152000384692 ], [ 88.311112006205974, 21.783057000346066 ], [ 88.310859006136511, 21.7956350005202 ], [ 88.293891005612124, 21.802781000569958 ], [ 88.310349006248458, 21.793486000712011 ], [ 88.30973100623325, 21.783889000533964 ], [ 88.299247006054372, 21.783620000499063 ], [ 88.296013006386545, 21.774050000874318 ], [ 88.285561006178739, 21.789409000860729 ], [ 88.262596006203623, 21.795321000508512 ], [ 88.260071005560192, 21.806505001058806 ], [ 88.27424500595086, 21.818671000182448 ], [ 88.307732006236932, 21.830301000330074 ], [ 88.315354006184307, 21.844660000442897 ], [ 88.315146006051393, 21.857598000435082 ], [ 88.336778006257433, 21.860322000310202 ] ] ], [ [ [ 88.432816006092992, 21.900767000599373 ], [ 88.452018005757552, 21.904849000941436 ], [ 88.459580005925716, 21.893989000258895 ], [ 88.482109006334269, 21.887820000835021 ], [ 88.490150006123059, 21.85638100056703 ], [ 88.488472005900974, 21.837829000966011 ], [ 88.476753006214537, 21.83720000067326 ], [ 88.448066006228558, 21.815282000786151 ], [ 88.449691005731893, 21.804444000970964 ], [ 88.464355005521014, 21.795041000740632 ], [ 88.461456005919302, 21.78981000087553 ], [ 88.444893006065172, 21.801880000792437 ], [ 88.430626006040441, 21.800490000361734 ], [ 88.426918006362499, 21.810320000380912 ], [ 88.424025005861736, 21.812401000209697 ], [ 88.41826600579391, 21.811612000708866 ], [ 88.401528005991793, 21.798031000881711 ], [ 88.392516006330283, 21.832601000308312 ], [ 88.399987006122998, 21.872499000641728 ], [ 88.418847005809027, 21.889299001054322 ], [ 88.419007005606886, 21.902402000268854 ], [ 88.432816006092992, 21.900767000599373 ] ] ], [ [ [ 88.844749005806918, 22.189192000834854 ], [ 88.850251005684584, 22.192200000896403 ], [ 88.853241005694315, 22.204332000410837 ], [ 88.860489005890798, 22.20329500018924 ], [ 88.868286006165619, 22.171187000311551 ], [ 88.850791006318445, 22.173564000416697 ], [ 88.84330000614716, 22.167180001011953 ], [ 88.85138600606254, 22.155702000237827 ], [ 88.845848005950756, 22.147764000437981 ], [ 88.855887006214971, 22.144453000903159 ], [ 88.821060005996287, 22.126696000829366 ], [ 88.804611006041753, 22.130541000113347 ], [ 88.794647005500025, 22.114161000776555 ], [ 88.777642005817427, 22.111221000814325 ], [ 88.769563006356975, 22.092290000153689 ], [ 88.749589005755894, 22.081056000862656 ], [ 88.739166005838371, 22.056991000147182 ], [ 88.715844005975995, 22.058253000499985 ], [ 88.704719005755038, 22.065000000740898 ], [ 88.702928005989179, 22.078841000978937 ], [ 88.734551006059604, 22.104009000959042 ], [ 88.74916000601344, 22.135001001031853 ], [ 88.775536006089226, 22.145670000959043 ], [ 88.809197006010507, 22.179410000116601 ], [ 88.830063006454608, 22.165090000411901 ], [ 88.838272006096204, 22.167032000530064 ], [ 88.840508005925273, 22.1749410003242 ], [ 88.826767005603344, 22.198359000529109 ], [ 88.828057005983013, 22.208040000351538 ], [ 88.835473005948288, 22.206735000121345 ], [ 88.844749005806918, 22.189192000834854 ] ] ], [ [ [ 89.001381007308154, 22.199225000275451 ], [ 89.014107006825427, 22.194261000216013 ], [ 89.014442007087098, 22.164443000749831 ], [ 89.022216007450552, 22.148612000500897 ], [ 89.050475006774633, 22.130632000327374 ], [ 89.035262007212566, 22.110471000308305 ], [ 89.016298006977408, 22.114193000157968 ], [ 89.029701006538716, 22.119521000416373 ], [ 89.030130007265242, 22.122942000275994 ], [ 89.014647007200736, 22.114008000095737 ], [ 89.035531006639374, 22.109295000388911 ], [ 89.031112006551723, 22.093332000241908 ], [ 89.038223006762522, 22.053392000096466 ], [ 89.027673006785776, 22.053522000620436 ], [ 89.02996800716663, 22.059122000383702 ], [ 89.028801007065439, 22.077131000057779 ], [ 89.027686007201538, 22.079153000419552 ], [ 89.023377006759333, 22.078786000788106 ], [ 89.027748006785203, 22.077448000793943 ], [ 89.026048007048502, 22.052932000595369 ], [ 89.017410006508754, 22.051977000456681 ], [ 89.018021007169096, 22.060858000619511 ], [ 89.014725006839711, 22.064444000400009 ], [ 89.007995006636165, 22.052471000183569 ], [ 89.001709006804404, 22.060264000677083 ], [ 88.985290007340765, 22.056982000181062 ], [ 88.97791200735459, 22.039922000574176 ], [ 88.963118006653275, 22.049675000366104 ], [ 88.966043006549668, 22.055972000731575 ], [ 88.962357006981293, 22.060480000080418 ], [ 88.980369007393634, 22.079283000555492 ], [ 88.99694100662326, 22.138028000824104 ], [ 88.976424006758648, 22.169557000655345 ], [ 88.972686007129411, 22.193438000752675 ], [ 89.001381007308154, 22.199225000275451 ] ] ], [ [ [ 88.894890006453849, 22.554189001594398 ], [ 88.900353006050977, 22.546328001236176 ], [ 88.902352005990622, 22.526860001676546 ], [ 88.905778005989006, 22.521134001954035 ], [ 88.90334400616652, 22.504442001024078 ], [ 88.898332005644249, 22.508611001370486 ], [ 88.894997006010655, 22.500830001194895 ], [ 88.905288005987174, 22.498393001307576 ], [ 88.892777005555971, 22.486113001384155 ], [ 88.896622006327917, 22.474932001870787 ], [ 88.892326005802957, 22.465353001468714 ], [ 88.908013006211775, 22.434156001082382 ], [ 88.902778005995643, 22.414724001190841 ], [ 88.921670006210931, 22.40139100159967 ], [ 88.89779600603201, 22.386251001589581 ], [ 88.89444800613478, 22.377784000174007 ], [ 88.888046005743078, 22.37833300017795 ], [ 88.896392005886185, 22.373611000348959 ], [ 88.898056006309844, 22.366666000502853 ], [ 88.876602006458853, 22.386918000768048 ], [ 88.882186006290965, 22.40363600141788 ], [ 88.870399005602209, 22.41107000151197 ], [ 88.8618930059463, 22.412839001433994 ], [ 88.856124005806947, 22.422781001745484 ], [ 88.85478200617041, 22.437921001635733 ], [ 88.86104500571976, 22.445483001368689 ], [ 88.858390006066173, 22.48184000154647 ], [ 88.867737005780469, 22.487868001401417 ], [ 88.860238006483286, 22.500258001590396 ], [ 88.843612005645056, 22.506799001775544 ], [ 88.856667006495698, 22.50997400113646 ], [ 88.867851006258633, 22.522292001324249 ], [ 88.867301006438737, 22.53451100123576 ], [ 88.868958006353907, 22.54047300126755 ], [ 88.87000200560945, 22.53056100177897 ], [ 88.888335005597, 22.553892001426345 ], [ 88.890555006515115, 22.547778001184746 ], [ 88.894890006453849, 22.554189001594398 ] ] ], [ [ [ 88.718057006608944, 21.907222000911645 ], [ 88.726670006987973, 21.899165000413713 ], [ 88.748337007121862, 21.896111000775001 ], [ 88.74861100669392, 21.889440000527856 ], [ 88.756111006817619, 21.880278000222496 ], [ 88.771393007124914, 21.876399000800433 ], [ 88.775001007001237, 21.864999000660696 ], [ 88.780564006722415, 21.859440000087719 ], [ 88.768608006721479, 21.8525000006921 ], [ 88.76388600652507, 21.828612000318362 ], [ 88.777221006653846, 21.821670000801557 ], [ 88.757766006939505, 21.781111000305337 ], [ 88.75166300696695, 21.815282000268766 ], [ 88.741944006575835, 21.808889000566822 ], [ 88.735832007304452, 21.798060000761136 ], [ 88.725831007152223, 21.794446000105918 ], [ 88.718330007286724, 21.808059000581807 ], [ 88.707497006618198, 21.811389000189862 ], [ 88.705002007278921, 21.827780000324175 ], [ 88.712502007016298, 21.825292000605526 ], [ 88.716666007232675, 21.826110000239414 ], [ 88.728058007238332, 21.837499000185318 ], [ 88.715278007061073, 21.82694400075432 ], [ 88.704446006657236, 21.829444000262548 ], [ 88.702499007301313, 21.824170000775805 ], [ 88.69666200653495, 21.838055000944347 ], [ 88.70333100721173, 21.856112000398049 ], [ 88.711388006611116, 21.853329000161064 ], [ 88.717498007127446, 21.855556000893664 ], [ 88.703055006432109, 21.857500000157987 ], [ 88.698609007362933, 21.848890000775004 ], [ 88.696945006617881, 21.848612000298438 ], [ 88.718057006608944, 21.907222000911645 ] ] ], [ [ [ 88.831672006509564, 21.766109000613945 ], [ 88.865280007436084, 21.758611000786285 ], [ 88.845832007019837, 21.731389000140744 ], [ 88.839165006757113, 21.706943000132984 ], [ 88.84222400701816, 21.681111000492685 ], [ 88.85995600724803, 21.637226000635888 ], [ 88.851562007381062, 21.626681000368542 ], [ 88.844200007208755, 21.626995000874867 ], [ 88.842780006791287, 21.645281000645969 ], [ 88.83056600667409, 21.651952000321963 ], [ 88.828613007400094, 21.650555000088385 ], [ 88.842185006746959, 21.643334000445222 ], [ 88.841438007344266, 21.629140000325624 ], [ 88.845832006489104, 21.620001000439071 ], [ 88.815987006664372, 21.628960000578278 ], [ 88.808898006539025, 21.638790000309317 ], [ 88.822776006825478, 21.665000000882635 ], [ 88.815002006809266, 21.710001000252195 ], [ 88.803565006738026, 21.716620000337389 ], [ 88.762511006528399, 21.701370000614325 ], [ 88.781594006958329, 21.716000000506753 ], [ 88.78051900706609, 21.731061000505186 ], [ 88.79333400741497, 21.736665000628278 ], [ 88.786668006837928, 21.740556000360399 ], [ 88.790832007277928, 21.749171000152192 ], [ 88.797624006778477, 21.7470310008711 ], [ 88.80889200686012, 21.748332000566212 ], [ 88.831672006509564, 21.766109000613945 ] ] ], [ [ [ 88.71620100644094, 21.807380000152989 ], [ 88.727203007035655, 21.791786000747493 ], [ 88.728058007098724, 21.777778000670171 ], [ 88.759261006960458, 21.759219000493538 ], [ 88.752228007371485, 21.748610000537937 ], [ 88.752770006853922, 21.731578000419052 ], [ 88.776658007207217, 21.721110000884234 ], [ 88.748276006699413, 21.707091000261499 ], [ 88.741561006772685, 21.718270000946966 ], [ 88.735864007378524, 21.719291000071827 ], [ 88.746261007287828, 21.706191000580858 ], [ 88.75861400718496, 21.70972300088329 ], [ 88.762757006742348, 21.692931000290891 ], [ 88.757782006732342, 21.683664000432149 ], [ 88.745507006876025, 21.683662000630829 ], [ 88.741220006676841, 21.690759000378826 ], [ 88.729293007181724, 21.686757000253085 ], [ 88.730774007270753, 21.682032000388141 ], [ 88.754997006657206, 21.665640000896772 ], [ 88.748048007360438, 21.658331000772296 ], [ 88.711112006952334, 21.690180000230832 ], [ 88.694999007419852, 21.743890000830465 ], [ 88.711937006759086, 21.787501000441594 ], [ 88.711053006793563, 21.806021000400921 ], [ 88.71620100644094, 21.807380000152989 ] ] ], [ [ [ 89.059205006521765, 21.721803000832875 ], [ 89.070580006446946, 21.701753000391378 ], [ 89.064902006823857, 21.689270000426433 ], [ 89.072654006686577, 21.689731000596534 ], [ 89.084893006789287, 21.677827000580432 ], [ 89.095039007016965, 21.643961000503975 ], [ 89.081688006563098, 21.627367000734964 ], [ 89.05159000670541, 21.617530000883491 ], [ 89.0347590070064, 21.633101000777692 ], [ 89.037628006780153, 21.640561000840599 ], [ 89.028489006532979, 21.635319000847907 ], [ 89.026405007077528, 21.65813300086354 ], [ 89.033042007109145, 21.654675000115034 ], [ 89.020904006691978, 21.662358000289849 ], [ 89.026412006942707, 21.687910000610856 ], [ 89.024726007378518, 21.694861000081151 ], [ 89.022002007207746, 21.700381000100219 ], [ 89.009795007243582, 21.704871000722285 ], [ 89.022018007208132, 21.710086000580475 ], [ 89.024094007340409, 21.716743000460788 ], [ 89.059205006521765, 21.721803000832875 ] ] ], [ [ [ 88.980057007239225, 21.893121000232547 ], [ 89.028892006894111, 21.865842000074981 ], [ 89.030585006559591, 21.855207000848026 ], [ 89.024758006481306, 21.849216000588672 ], [ 89.009346006973018, 21.853202000310748 ], [ 89.002830007242579, 21.867458000472499 ], [ 88.998131006776191, 21.871059000287023 ], [ 88.989242007233514, 21.86812300070013 ], [ 88.996665006707559, 21.870277000413125 ], [ 89.006775006933111, 21.853473000406595 ], [ 89.027465006922768, 21.8462690000805 ], [ 89.029991006906016, 21.834529000908439 ], [ 89.017442006959996, 21.815933000596296 ], [ 89.009070006731605, 21.82297800032558 ], [ 89.014267007110334, 21.814919000259007 ], [ 88.994156007231126, 21.814172000547284 ], [ 88.985276006741259, 21.787777000317163 ], [ 88.970496006547208, 21.775091000125713 ], [ 88.942786006727871, 21.786501000828142 ], [ 88.953927007256681, 21.803296000580858 ], [ 88.968299006935624, 21.799460000232358 ], [ 88.976502007045738, 21.804690000085326 ], [ 88.97888100712288, 21.82222600079054 ], [ 88.956543006728737, 21.826948000736447 ], [ 88.950287006570207, 21.83809100048126 ], [ 88.965400007292857, 21.859278000503572 ], [ 88.978309006864876, 21.865899000061489 ], [ 88.969306006772044, 21.89019000007573 ], [ 88.980057007239225, 21.893121000232547 ] ] ], [ [ [ 88.883057007045394, 21.745280000871126 ], [ 88.905281006466325, 21.729723000599321 ], [ 88.912216006887093, 21.727501000493319 ], [ 88.919441006644192, 21.71084000050514 ], [ 88.940277006726276, 21.695278000519039 ], [ 88.9361110067792, 21.667222000494348 ], [ 88.920829007305898, 21.632221000358353 ], [ 88.88777900660817, 21.658055000284453 ], [ 88.882774007259655, 21.681943000082462 ], [ 88.873054007003574, 21.694444000246762 ], [ 88.872498007278722, 21.720556000433444 ], [ 88.883057007045394, 21.745280000871126 ] ] ], [ [ [ 88.141387005623272, 22.026391001067186 ], [ 88.143325005744245, 22.020561000446268 ], [ 88.087502005523234, 21.932780000626202 ], [ 88.047225006433834, 21.911671000858 ], [ 88.051972006012022, 21.947560000687645 ], [ 88.073326005532522, 21.995281000797256 ], [ 88.093888006462606, 22.011390000831845 ], [ 88.141387005623272, 22.026391001067186 ] ] ], [ [ [ 88.848084005803997, 22.166929000598895 ], [ 88.886086006115988, 22.164830000409783 ], [ 88.899941006348968, 22.148092000415616 ], [ 88.923026006628476, 22.108130000495805 ], [ 88.916626006952399, 22.090895000407592 ], [ 88.896447007054505, 22.090795000619202 ], [ 88.895973006643132, 22.097236000356251 ], [ 88.890526006973275, 22.101042000055717 ], [ 88.892219006878847, 22.114448000218481 ], [ 88.889511007096459, 22.101518000336643 ], [ 88.894965006487496, 22.091223000117662 ], [ 88.872254006905322, 22.087805000293425 ], [ 88.852890006379084, 22.10239600061491 ], [ 88.845864006460758, 22.121962000979401 ], [ 88.830696006300585, 22.127081000890342 ], [ 88.859917006354593, 22.141889000266239 ], [ 88.848084005803997, 22.166929000598895 ] ] ], [ [ [ 88.856111007171521, 21.865281000533759 ], [ 88.857499006907631, 21.855556000645187 ], [ 88.877220007153525, 21.851670000040802 ], [ 88.882232007100924, 21.797219000887679 ], [ 88.898056006544067, 21.778610000968104 ], [ 88.891387007210781, 21.753610000891257 ], [ 88.898332007438995, 21.746944000579564 ], [ 88.921387007007141, 21.743610000723098 ], [ 88.913331007056328, 21.727779000555834 ], [ 88.880279007212977, 21.748056000163253 ], [ 88.876267006877526, 21.767215000087184 ], [ 88.864441006979689, 21.779171000436389 ], [ 88.834999007014929, 21.781667000385589 ], [ 88.841392006894154, 21.807501000348594 ], [ 88.837219006570649, 21.84305500010057 ], [ 88.856111007171521, 21.865281000533759 ] ] ], [ [ [ 88.544571005627702, 21.810320000176908 ], [ 88.560737006368356, 21.802651000870899 ], [ 88.572219005825133, 21.787782000865111 ], [ 88.561943006372843, 21.770000000171912 ], [ 88.572502006878864, 21.735555000635117 ], [ 88.560548006966613, 21.729999000731322 ], [ 88.554039007094289, 21.73635500046791 ], [ 88.541718005662645, 21.737679000430699 ], [ 88.534356005867522, 21.733230000529158 ], [ 88.526534006080155, 21.719189000826706 ], [ 88.51944800577472, 21.719166000610841 ], [ 88.504388005900466, 21.757410000636774 ], [ 88.525481005986506, 21.773660000528174 ], [ 88.532631006145124, 21.782961000387076 ], [ 88.535286005573255, 21.792021000346846 ], [ 88.521110005458723, 21.77139000038796 ], [ 88.504447005712066, 21.762501000142652 ], [ 88.504173005993962, 21.770829000886884 ], [ 88.519471005614648, 21.793573000365182 ], [ 88.544571005627702, 21.810320000176908 ] ] ], [ [ [ 88.678596006038774, 22.016500000976801 ], [ 88.715782005525625, 22.000641000540462 ], [ 88.693084006130675, 21.969800000487687 ], [ 88.686440005881664, 21.97350100052622 ], [ 88.692872006130074, 21.984052000252952 ], [ 88.690087006197899, 21.989540000590974 ], [ 88.686668006249832, 21.99111000037982 ], [ 88.691398005763631, 21.983878000696951 ], [ 88.684822005562978, 21.974060000545613 ], [ 88.693818005509613, 21.965999000638782 ], [ 88.692321006429495, 21.956672000781314 ], [ 88.668328005818623, 21.953890000342763 ], [ 88.688056005964725, 21.952777000130762 ], [ 88.678154006141668, 21.942868000215107 ], [ 88.657227005614985, 21.954120000842032 ], [ 88.633462006280837, 21.951560000890218 ], [ 88.628341006451606, 21.96750100091641 ], [ 88.634857006112881, 21.995951001014607 ], [ 88.652939005526349, 22.019130000250431 ], [ 88.678596006038774, 22.016500000976801 ] ] ], [ [ [ 88.414275005708177, 21.728590000145815 ], [ 88.428565005970611, 21.702011000862225 ], [ 88.413307005672124, 21.691066000965403 ], [ 88.411164006230749, 21.658662000860321 ], [ 88.431939006250317, 21.627360000761136 ], [ 88.424721006099773, 21.619440000727373 ], [ 88.413329005805465, 21.622779000993784 ], [ 88.407219005907535, 21.615554000707412 ], [ 88.40748600614296, 21.599514000121452 ], [ 88.398613006027105, 21.59555700078149 ], [ 88.387368006075121, 21.6114810006478 ], [ 88.39055600569209, 21.621940000308225 ], [ 88.383393006388815, 21.630280000286646 ], [ 88.387780005705466, 21.646940001014276 ], [ 88.37972400581603, 21.680831000376251 ], [ 88.399039006365427, 21.698790000155537 ], [ 88.403878005786751, 21.71519100034303 ], [ 88.395149005534236, 21.724930000542571 ], [ 88.368638006321532, 21.727341000429448 ], [ 88.386741006111919, 21.733850001015124 ], [ 88.394996005622644, 21.755001000697749 ], [ 88.401772006265773, 21.737825001013988 ], [ 88.414275005708177, 21.728590000145815 ] ] ], [ [ [ 88.550392007331851, 21.735890000596356 ], [ 88.560044006992314, 21.729360000172974 ], [ 88.571105006916, 21.732221000894114 ], [ 88.587439007252385, 21.709279000675163 ], [ 88.586067007316629, 21.699429000429532 ], [ 88.590699006669894, 21.690629000881028 ], [ 88.580246007070343, 21.684680000535032 ], [ 88.569938007215086, 21.710621000320639 ], [ 88.559830006741862, 21.713270000906608 ], [ 88.558456006749566, 21.717862000684448 ], [ 88.55280300695037, 21.724041000493656 ], [ 88.543014006748862, 21.723913000734164 ], [ 88.552644006805323, 21.723011000158333 ], [ 88.558968006892798, 21.712620000617683 ], [ 88.568299007158387, 21.709760000505298 ], [ 88.574204007313213, 21.694027000289367 ], [ 88.567276006594071, 21.693150000088959 ], [ 88.567192007392322, 21.701961000843625 ], [ 88.562722007183908, 21.706364000166747 ], [ 88.556947007276023, 21.706391000062791 ], [ 88.55278100649933, 21.702779000152436 ], [ 88.565056006892121, 21.702941000675338 ], [ 88.569168006726869, 21.669444000259492 ], [ 88.553649007351297, 21.650101000926472 ], [ 88.548592006686377, 21.636401000496587 ], [ 88.529579006440329, 21.652652000282767 ], [ 88.533333007380662, 21.668601000741614 ], [ 88.517219006156395, 21.711401000423088 ], [ 88.529212006094511, 21.719779000556851 ], [ 88.535965006027311, 21.733139000132478 ], [ 88.550392007331851, 21.735890000596356 ] ] ], [ [ [ 88.537216007336468, 21.638621000908859 ], [ 88.571663006876193, 21.623059000970461 ], [ 88.587501007192202, 21.601943000595508 ], [ 88.586350007225519, 21.587853000907458 ], [ 88.575547006558935, 21.574172000907105 ], [ 88.550002006764544, 21.56361000084334 ], [ 88.543609006490641, 21.566669000173388 ], [ 88.536950007302039, 21.586951000381681 ], [ 88.542862006983867, 21.589162000716353 ], [ 88.556359006491078, 21.599112000952534 ], [ 88.556664006745152, 21.604446000847965 ], [ 88.53693400646317, 21.588398000659065 ], [ 88.510001006844433, 21.602221000927258 ], [ 88.524171007320504, 21.626111000428121 ], [ 88.520287007330197, 21.64353000048656 ], [ 88.524376007009323, 21.653201000323477 ], [ 88.537216007336468, 21.638621000908859 ] ] ], [ [ [ 88.621665005624067, 21.897779000921233 ], [ 88.628610006004749, 21.882500000791147 ], [ 88.634613005485974, 21.878010000189512 ], [ 88.631789006074513, 21.872132000238818 ], [ 88.633332005757509, 21.869723000510174 ], [ 88.653518005769996, 21.867709000342284 ], [ 88.638893006518359, 21.78471800027684 ], [ 88.623176006885956, 21.792012000405091 ], [ 88.611947006426234, 21.816670000141499 ], [ 88.62110900576198, 21.831391001002505 ], [ 88.594719005742661, 21.85444400095767 ], [ 88.605278006258857, 21.879439000200346 ], [ 88.621665005624067, 21.897779000921233 ] ] ], [ [ [ 88.984490006668508, 21.705689000891152 ], [ 88.993889006641794, 21.67361100008004 ], [ 88.987343006793367, 21.664831000954532 ], [ 88.987906006474915, 21.652980000505099 ], [ 88.996392007447028, 21.649039000755636 ], [ 89.022759007372429, 21.654026000538838 ], [ 89.022340006851124, 21.636096000952634 ], [ 89.037491007400959, 21.618130000623886 ], [ 89.028762006789279, 21.604822000518926 ], [ 88.999999007072574, 21.601672000539402 ], [ 88.998033006695408, 21.622209000358872 ], [ 88.992362006609397, 21.644141000665208 ], [ 88.982895006925673, 21.645912000281204 ], [ 88.968399006742445, 21.6416980007149 ], [ 88.96401900678265, 21.645741000922587 ], [ 88.963257007275232, 21.662990000167603 ], [ 88.950843006555701, 21.700721000159042 ], [ 88.973160007176389, 21.697389000173334 ], [ 88.984490006668508, 21.705689000891152 ] ] ], [ [ [ 88.723611007217642, 21.931944000540206 ], [ 88.736114006510178, 21.918057000671361 ], [ 88.755836007280678, 21.926946000587794 ], [ 88.786941006751462, 21.917499000714127 ], [ 88.799447007207107, 21.919721000663905 ], [ 88.814163007245952, 21.902780000821352 ], [ 88.808609006917692, 21.895282000067962 ], [ 88.80805300709028, 21.884444000231586 ], [ 88.796669006684056, 21.876670000502358 ], [ 88.789720006539611, 21.8647180003478 ], [ 88.793601006683431, 21.874161000404399 ], [ 88.790832007118624, 21.879170000674627 ], [ 88.786392007133117, 21.878610000365455 ], [ 88.776109006596599, 21.869721000639451 ], [ 88.771942007218428, 21.878060000360097 ], [ 88.758331006671924, 21.880002000644868 ], [ 88.74888700728664, 21.897223000095899 ], [ 88.729156007369554, 21.899721000362106 ], [ 88.718886006618575, 21.909166000488941 ], [ 88.723611007217642, 21.931944000540206 ] ] ], [ [ [ 88.305939005471004, 21.707522000535874 ], [ 88.328614006376057, 21.705281000472038 ], [ 88.34220200582331, 21.693248000860336 ], [ 88.351111006350919, 21.678055000856357 ], [ 88.346389005739766, 21.653331000942327 ], [ 88.358069006010112, 21.647501000268882 ], [ 88.338387005541833, 21.621792000664406 ], [ 88.315276005705542, 21.608056000918225 ], [ 88.306212006039573, 21.620340000298707 ], [ 88.316658006064728, 21.666766000502548 ], [ 88.313827005903633, 21.684010000472586 ], [ 88.300514006298044, 21.702854000536195 ], [ 88.305939005471004, 21.707522000535874 ] ] ], [ [ [ 88.458076006437508, 21.788837000738511 ], [ 88.4749980062833, 21.791389000674716 ], [ 88.467217006031277, 21.737221000167306 ], [ 88.456947005999908, 21.726388000514234 ], [ 88.455917005691987, 21.711419000754251 ], [ 88.441484005734495, 21.709840001057088 ], [ 88.433135006400263, 21.704481000670032 ], [ 88.426453006254789, 21.717060000653941 ], [ 88.429687005672051, 21.726429000296104 ], [ 88.42336200611517, 21.767725000436354 ], [ 88.438790005827428, 21.780349000363103 ], [ 88.446037005767479, 21.797958000710825 ], [ 88.458076006437508, 21.788837000738511 ] ] ], [ [ [ 88.455001005846029, 21.7086110002186 ], [ 88.47068800609452, 21.672991000960906 ], [ 88.466110006126044, 21.667500000950806 ], [ 88.465553005838061, 21.675833000415476 ], [ 88.45388900701596, 21.624169000869092 ], [ 88.442231005744958, 21.615000000648507 ], [ 88.437500005955002, 21.633479000135512 ], [ 88.420060006403858, 21.653071000734457 ], [ 88.419410005942197, 21.689179000434621 ], [ 88.439453005834139, 21.707841000754879 ], [ 88.455001005846029, 21.7086110002186 ] ] ], [ [ [ 88.771942006733553, 21.653062000175801 ], [ 88.773889006688947, 21.619720000392281 ], [ 88.790832007190104, 21.601943000190062 ], [ 88.782219006547109, 21.596111000650996 ], [ 88.79425000671182, 21.599780000866229 ], [ 88.798057006481713, 21.591666000298218 ], [ 88.7877800070288, 21.580556000078605 ], [ 88.751945007105761, 21.576665000667322 ], [ 88.748948006673359, 21.589189000403465 ], [ 88.758058006847619, 21.597218000417293 ], [ 88.758240007096205, 21.600038000288237 ], [ 88.736076006546554, 21.612409000498669 ], [ 88.736107007311418, 21.623620000100978 ], [ 88.729569006638215, 21.639950000598386 ], [ 88.771942006733553, 21.653062000175801 ] ] ], [ [ [ 88.8347230072212, 21.607222000435616 ], [ 88.876115007152478, 21.592223000761606 ], [ 88.893607006822776, 21.578334000334515 ], [ 88.903610007016837, 21.555834000816649 ], [ 88.875267007310967, 21.548892000385809 ], [ 88.842780006927995, 21.553888000425847 ], [ 88.828330007279632, 21.576943000770569 ], [ 88.8347230072212, 21.607222000435616 ] ] ], [ [ [ 88.789170006748435, 21.87861000018318 ], [ 88.787780006639309, 21.863611000776007 ], [ 88.793610006583776, 21.866391000518483 ], [ 88.800552007232142, 21.877780000602218 ], [ 88.798888006644788, 21.870833000969487 ], [ 88.801391006715804, 21.868062000655584 ], [ 88.806945006487751, 21.866672000832175 ], [ 88.821664006605445, 21.87111100055084 ], [ 88.824996007387512, 21.864999000364541 ], [ 88.829721007189761, 21.862220000339587 ], [ 88.821121006508662, 21.839732000690358 ], [ 88.823608007272995, 21.850280000755561 ], [ 88.818886007161623, 21.851668000569582 ], [ 88.821105006720714, 21.825000000625955 ], [ 88.794998006841482, 21.791389000337919 ], [ 88.788888006769454, 21.795829000274921 ], [ 88.795563006898789, 21.801671000872187 ], [ 88.794442006914409, 21.812501000305069 ], [ 88.789720006652487, 21.821390000698937 ], [ 88.784156006491031, 21.82611000067913 ], [ 88.765832006602452, 21.828890000776802 ], [ 88.771393007103512, 21.853329000538267 ], [ 88.782212007223535, 21.859720000407417 ], [ 88.776947006603535, 21.866952000937392 ], [ 88.789170006748435, 21.87861000018318 ] ] ], [ [ [ 88.205048005740352, 21.719708000474927 ], [ 88.216590006288357, 21.700541000649178 ], [ 88.198334006418008, 21.694444000930837 ], [ 88.195556006073261, 21.681943001051593 ], [ 88.204139005745546, 21.672530000227507 ], [ 88.226326006262553, 21.670212000363378 ], [ 88.231666005782941, 21.643610000773869 ], [ 88.211669006113112, 21.620830000394225 ], [ 88.211945006241777, 21.601666999202163 ], [ 88.194694005935787, 21.632698000849295 ], [ 88.181389005569187, 21.686109000276517 ], [ 88.1883310058587, 21.708062000871291 ], [ 88.205048005740352, 21.719708000474927 ] ] ], [ [ [ 88.805847005948038, 22.08311200065582 ], [ 88.815018005674247, 22.080584000915874 ], [ 88.82778100641751, 22.086034000905226 ], [ 88.836212006849934, 22.066340000959297 ], [ 88.82876600581146, 22.071500000593549 ], [ 88.813445005571097, 22.062009000319609 ], [ 88.805213005549447, 22.065736000406144 ], [ 88.794152005557223, 22.055662000283903 ], [ 88.787217005603452, 22.072222000239602 ], [ 88.78124300590882, 22.048362000588156 ], [ 88.771942006449422, 22.05472300075597 ], [ 88.748093005538763, 22.058171001058842 ], [ 88.757789006069189, 22.079390000906482 ], [ 88.771546006175541, 22.085097000105293 ], [ 88.784270006337394, 22.107173000413631 ], [ 88.799278006029965, 22.107943000346499 ], [ 88.798339005955057, 22.098341001022469 ], [ 88.805847005948038, 22.08311200065582 ] ] ], [ [ [ 88.802647148798755, 26.217776035986574 ], [ 88.802230149354813, 26.192461624589942 ], [ 88.788232878252444, 26.1740882045303 ], [ 88.793967368739189, 26.144494907965928 ], [ 88.788874314729043, 26.130669920497457 ], [ 88.771108542293689, 26.13130642789903 ], [ 88.762753516454381, 26.151856517039288 ], [ 88.777889113983463, 26.16270208155246 ], [ 88.764243780495974, 26.163165303006636 ], [ 88.762690622115741, 26.171963029401827 ], [ 88.777205455946202, 26.176529657571614 ], [ 88.781655936216993, 26.194644419213187 ], [ 88.765806608203363, 26.219684463792333 ], [ 88.768253011010145, 26.234164957251718 ], [ 88.780280608796772, 26.238497931764329 ], [ 88.796121750206623, 26.22882662087007 ], [ 88.802647148798755, 26.217776035986574 ] ] ], [ [ [ 88.725983006037509, 21.97916100045758 ], [ 88.754723007375773, 21.974721000614913 ], [ 88.750710007012884, 21.954851000418294 ], [ 88.775842006604975, 21.941450000132154 ], [ 88.786454006707359, 21.952650000652206 ], [ 88.788901007206846, 21.940714000430855 ], [ 88.805785007116953, 21.936479000769083 ], [ 88.799392007016806, 21.925929000378385 ], [ 88.789147006515307, 21.920281000638528 ], [ 88.759284006659129, 21.930831000608883 ], [ 88.74091400717812, 21.921979000221917 ], [ 88.733329007223759, 21.924721000920968 ], [ 88.722237005514287, 21.942970000396532 ], [ 88.723732006064282, 21.97381600058301 ], [ 88.725983006037509, 21.97916100045758 ] ] ], [ [ [ 88.92468300673589, 21.762292000063361 ], [ 88.963196006667019, 21.752754000757214 ], [ 88.965286007238689, 21.742481000778469 ], [ 88.968896006683423, 21.739199000531741 ], [ 88.987122007209166, 21.745071000951437 ], [ 88.969445006921092, 21.722778000848898 ], [ 88.972221007410909, 21.715556000623163 ], [ 88.983879007012789, 21.706391000314351 ], [ 88.973053006896905, 21.698610000771218 ], [ 88.950241006884426, 21.702330000370495 ], [ 88.922782007258974, 21.719708000346667 ], [ 88.931106006484796, 21.735831000154356 ], [ 88.92468300673589, 21.762292000063361 ] ] ], [ [ [ 88.424073005641574, 21.811031000162728 ], [ 88.429634006105687, 21.799587000704655 ], [ 88.442687005667125, 21.79965100030585 ], [ 88.437493005742354, 21.784000000743134 ], [ 88.42086000604931, 21.767231000464776 ], [ 88.422760005599685, 21.719820000512339 ], [ 88.412582005718519, 21.733151000269299 ], [ 88.402991005642406, 21.738769000360467 ], [ 88.401947005961333, 21.751940000868917 ], [ 88.382659005839457, 21.779100000528562 ], [ 88.424073005641574, 21.811031000162728 ] ] ], [ [ [ 88.562339005504739, 21.897460000807154 ], [ 88.571036006171752, 21.900950000148796 ], [ 88.576392005619439, 21.888610001008566 ], [ 88.572739006443101, 21.858360000382625 ], [ 88.563119006278143, 21.830930000432136 ], [ 88.559167005815411, 21.830632000480648 ], [ 88.555023006446774, 21.827350000486458 ], [ 88.550002005511629, 21.831671000235335 ], [ 88.551032006389747, 21.817292000300306 ], [ 88.533912006274008, 21.833770000925682 ], [ 88.530557006000066, 21.849168000544143 ], [ 88.542504006403263, 21.855561000674076 ], [ 88.540505005535351, 21.870400000278423 ], [ 88.550262005835449, 21.880959000843809 ], [ 88.54116200584896, 21.902561000502729 ], [ 88.562339005504739, 21.897460000807154 ] ] ], [ [ [ 88.496598006813286, 21.600161000776108 ], [ 88.533889007042134, 21.578060000376233 ], [ 88.531386007395525, 21.542499000085627 ], [ 88.506111007182838, 21.541111000650076 ], [ 88.511674006998305, 21.558061000259347 ], [ 88.503052006993812, 21.565281000241804 ], [ 88.509698006669851, 21.557940000797011 ], [ 88.504173007098558, 21.544452000710493 ], [ 88.481706006604711, 21.554726000739393 ], [ 88.48610700699264, 21.588332000648741 ], [ 88.496598006813286, 21.600161000776108 ] ] ], [ [ [ 88.788872006767747, 21.748929000090968 ], [ 88.776665007302029, 21.730846000837698 ], [ 88.75666100670378, 21.7334100005484 ], [ 88.7547300065836, 21.744968000439751 ], [ 88.764389007289623, 21.760500000377831 ], [ 88.749755006749581, 21.76964900022918 ], [ 88.76637200744716, 21.786790000829004 ], [ 88.782105006604525, 21.825194000719847 ], [ 88.793555007216042, 21.809741000889549 ], [ 88.787263007219607, 21.795797000199197 ], [ 88.795830007270425, 21.787221000363644 ], [ 88.782219006822359, 21.766946000252979 ], [ 88.788872006767747, 21.748929000090968 ] ] ], [ [ [ 88.806357006013826, 22.125230000907308 ], [ 88.845727005691117, 22.119421000942172 ], [ 88.849244006425778, 22.1039710000938 ], [ 88.867942006794777, 22.085020000969795 ], [ 88.841362006402662, 22.090170000202303 ], [ 88.843719006374201, 22.098093000797125 ], [ 88.838447005531052, 22.090193000180083 ], [ 88.867500007399187, 22.082503000482802 ], [ 88.851181007270185, 22.079363000391634 ], [ 88.838090006286862, 22.073079000616698 ], [ 88.819207005961161, 22.104422000972125 ], [ 88.825256006259451, 22.087290000933159 ], [ 88.805901006053162, 22.084753000181465 ], [ 88.798690006283593, 22.110929000878574 ], [ 88.806357006013826, 22.125230000907308 ] ] ], [ [ [ 88.806656007133, 21.706672000098592 ], [ 88.80722100732622, 21.665830000265927 ], [ 88.796944007297327, 21.655277000370457 ], [ 88.787224006458359, 21.659165000649967 ], [ 88.793052006491351, 21.661670000203028 ], [ 88.794166007352558, 21.664444000377976 ], [ 88.784721006623258, 21.660000000486743 ], [ 88.759446007026952, 21.663056000084548 ], [ 88.730553007164517, 21.684721000239502 ], [ 88.741112007163139, 21.689444000587134 ], [ 88.745003007243653, 21.682221000413954 ], [ 88.758331006839128, 21.682501000519046 ], [ 88.764717006846652, 21.693061000396991 ], [ 88.806656007133, 21.706672000098592 ] ] ], [ [ [ 88.941391006526473, 21.847221000290268 ], [ 88.955276007408173, 21.824439000202602 ], [ 88.976670007304378, 21.820834000384089 ], [ 88.97000100674255, 21.802778000707587 ], [ 88.954171006941536, 21.8080590005567 ], [ 88.940277006613897, 21.793055000455148 ], [ 88.940423006649581, 21.782366000232081 ], [ 88.960557007417947, 21.772778000267966 ], [ 88.947502007053217, 21.763892000753554 ], [ 88.921387006813234, 21.76611200046171 ], [ 88.914169006799781, 21.755559000329729 ], [ 88.912781007159936, 21.761111000477737 ], [ 88.921387006691972, 21.77111000083276 ], [ 88.924446006616975, 21.787501000141241 ], [ 88.919717006817805, 21.791932000183497 ], [ 88.927780007153217, 21.7977800007939 ], [ 88.938889006607738, 21.816667000334206 ], [ 88.934998007165191, 21.824444000399343 ], [ 88.926392007426088, 21.823890000656654 ], [ 88.924446006542368, 21.835833000517674 ], [ 88.932776007406531, 21.836945000247955 ], [ 88.941391006526473, 21.847221000290268 ] ] ], [ [ [ 88.989196006675769, 21.788613000359547 ], [ 89.011582006714605, 21.780228000220717 ], [ 88.997695006518157, 21.771390000973287 ], [ 88.996665007266998, 21.765833000799798 ], [ 89.001397007006787, 21.745950000633744 ], [ 89.015397007391414, 21.725650000877863 ], [ 89.014862006844268, 21.718790000475654 ], [ 89.004280006492436, 21.716073000284855 ], [ 88.994163007360783, 21.723334000409583 ], [ 88.976670007360937, 21.72861100022347 ], [ 88.988663007423114, 21.739849000919012 ], [ 88.987877007275912, 21.746648000612606 ], [ 88.968711006496463, 21.740706000688039 ], [ 88.965341006982044, 21.752651000134598 ], [ 88.951112006974796, 21.757779000822687 ], [ 88.989196006675769, 21.788613000359547 ] ] ], [ [ [ 88.352066005894713, 21.76399600064995 ], [ 88.371001005911182, 21.76324000056626 ], [ 88.359811005560317, 21.746201000841598 ], [ 88.359688005712002, 21.734500000149009 ], [ 88.365281006170619, 21.72222000053587 ], [ 88.398057005688898, 21.713334000643496 ], [ 88.360558005799092, 21.686390000964096 ], [ 88.337509006021961, 21.710770000593392 ], [ 88.348891006251506, 21.725554000131062 ], [ 88.342788006144744, 21.754390000350355 ], [ 88.352066005894713, 21.76399600064995 ] ] ], [ [ [ 88.915833006948318, 21.825834000541054 ], [ 88.920829006690809, 21.822780000833305 ], [ 88.934998006715418, 21.822500000745762 ], [ 88.937232006814369, 21.816670000887875 ], [ 88.917777007166052, 21.791665000081597 ], [ 88.923332007346232, 21.788055000354273 ], [ 88.911391006963584, 21.761672000665385 ], [ 88.912781006718234, 21.755279000264668 ], [ 88.897782006581835, 21.75194400055662 ], [ 88.894722007251829, 21.755557000180961 ], [ 88.90083400687702, 21.776951000650573 ], [ 88.8980560072457, 21.786667000938785 ], [ 88.906938007303268, 21.79417000079842 ], [ 88.895836007159247, 21.788062000519432 ], [ 88.88305700715452, 21.808057000350011 ], [ 88.915833006948318, 21.825834000541054 ] ] ], [ [ [ 88.870551006545028, 22.078303000416359 ], [ 88.86833100649558, 22.069651000741683 ], [ 88.870164007240064, 22.063051000865656 ], [ 88.890289007032763, 22.047833000824479 ], [ 88.853950006943606, 22.044626000592555 ], [ 88.850037006500216, 22.041032000288787 ], [ 88.859231006655506, 22.025573000615381 ], [ 88.835961006693907, 22.025450000602532 ], [ 88.832253006530138, 22.04679400053362 ], [ 88.845002006990356, 22.053611000601641 ], [ 88.845552006847043, 22.061670000644959 ], [ 88.832519007435266, 22.051683000452581 ], [ 88.820000005884211, 22.064172000415436 ], [ 88.828561005598615, 22.070166000556451 ], [ 88.834381006689313, 22.063890000922246 ], [ 88.837365006899887, 22.066611000487743 ], [ 88.836029005711765, 22.072833000695493 ], [ 88.841492006658214, 22.071673000877993 ], [ 88.85292000701979, 22.078752000419389 ], [ 88.870551006545028, 22.078303000416359 ] ] ], [ [ [ 88.976670007232158, 21.727223000324287 ], [ 89.004159006941947, 21.715143000256067 ], [ 89.015099006578808, 21.71770000010504 ], [ 89.019889007299625, 21.714560000406586 ], [ 89.007530007344357, 21.704600000141401 ], [ 89.019652006865627, 21.69935100039034 ], [ 89.02416300713179, 21.687732000754028 ], [ 89.01783800709805, 21.661187000344807 ], [ 89.007760007347287, 21.652221000880559 ], [ 88.993415006812981, 21.651389000724212 ], [ 88.989440006700477, 21.661620000751579 ], [ 88.995819006581456, 21.672501000800537 ], [ 88.992501006698333, 21.701391000118168 ], [ 88.970558007412421, 21.721110000698395 ], [ 88.976670007232158, 21.727223000324287 ] ] ], [ [ [ 88.728851006720291, 21.637081000728475 ], [ 88.735581006730342, 21.611051000538644 ], [ 88.757187006854238, 21.598980000109044 ], [ 88.748139007034752, 21.590951000624361 ], [ 88.746949007158236, 21.577499000485357 ], [ 88.735832007205758, 21.571672000701543 ], [ 88.714447006559851, 21.578334000733818 ], [ 88.707206007217991, 21.594221000068387 ], [ 88.713052007390729, 21.625281000367821 ], [ 88.720833007028304, 21.638334000359201 ], [ 88.728851006720291, 21.637081000728475 ] ] ], [ [ [ 88.80665600741861, 21.749171000927159 ], [ 88.790832006471305, 21.750009000777514 ], [ 88.78389600742014, 21.765521000834987 ], [ 88.821671007397185, 21.822901000537609 ], [ 88.830995007282738, 21.808389000061968 ], [ 88.820732006705853, 21.787032000184972 ], [ 88.830277007013279, 21.766665000298609 ], [ 88.80665600741861, 21.749171000927159 ] ] ], [ [ [ 88.60972700661884, 21.790279000989475 ], [ 88.620437006713203, 21.780181000238603 ], [ 88.630836007207151, 21.74250000047963 ], [ 88.608886006859294, 21.708055000973562 ], [ 88.598846007324113, 21.715522000277026 ], [ 88.619445007299888, 21.72555400072568 ], [ 88.623055006710473, 21.736665000134007 ], [ 88.616507007209961, 21.744410000421126 ], [ 88.586250006623558, 21.756598000850126 ], [ 88.591202006798127, 21.783310000779235 ], [ 88.60972700661884, 21.790279000989475 ] ] ], [ [ [ 88.918794006077775, 22.230809000244751 ], [ 88.954187006082975, 22.221604000388414 ], [ 88.961587006480457, 22.197210000521245 ], [ 88.957833007229382, 22.191740000524526 ], [ 88.941405006348532, 22.192189000472901 ], [ 88.944587006939258, 22.184328000308913 ], [ 88.931801005905228, 22.177024000385963 ], [ 88.908066005951383, 22.196310000471613 ], [ 88.916672005831472, 22.208262000527245 ], [ 88.918794006077775, 22.230809000244751 ] ] ], [ [ [ 88.968627007362116, 21.640431000345803 ], [ 88.991387006906507, 21.643569000513388 ], [ 88.995133006983082, 21.626400000342652 ], [ 88.990837007361719, 21.615000000253904 ], [ 88.955916007050675, 21.617567000411299 ], [ 88.958610006821317, 21.622499000384337 ], [ 88.942071007073494, 21.64015100047007 ], [ 88.939721007169979, 21.646945000629671 ], [ 88.954688007424167, 21.676911000630891 ], [ 88.962487006627128, 21.646981000583761 ], [ 88.968627007362116, 21.640431000345803 ] ] ], [ [ [ 88.577019007220571, 21.691372000955671 ], [ 88.585830006755501, 21.65805500040285 ], [ 88.593773006553675, 21.653552000383062 ], [ 88.605714006824215, 21.624402000518291 ], [ 88.602220006829199, 21.620557000494529 ], [ 88.591111007236719, 21.61833500093919 ], [ 88.55397700646148, 21.639531000138586 ], [ 88.570809007083895, 21.666000000883898 ], [ 88.56752900741003, 21.690469000899974 ], [ 88.577019007220571, 21.691372000955671 ] ] ], [ [ [ 88.592216006432125, 21.850000000922066 ], [ 88.618050006066909, 21.829244000359473 ], [ 88.607225005916746, 21.815833000920801 ], [ 88.614167007040592, 21.798060000960387 ], [ 88.5894540057418, 21.79832500021692 ], [ 88.57604100618525, 21.817034000312031 ], [ 88.582924005522855, 21.842773000447067 ], [ 88.592216006432125, 21.850000000922066 ] ] ], [ [ [ 88.689784440240786, 26.247015259601262 ], [ 88.699892988111799, 26.224655015505135 ], [ 88.710670916467521, 26.222671128065915 ], [ 88.712264117403194, 26.23285414083557 ], [ 88.721913785664583, 26.232660618171909 ], [ 88.719369614768496, 26.211622863845069 ], [ 88.732075583185051, 26.188372222386786 ], [ 88.719435505254992, 26.183576832065292 ], [ 88.719599351141113, 26.176369183197878 ], [ 88.708327424770474, 26.181741144623874 ], [ 88.711723681022406, 26.204363249528004 ], [ 88.68815040450265, 26.213074347819262 ], [ 88.680313457726001, 26.231607244445939 ], [ 88.682026390306604, 26.243350415433447 ], [ 88.67123131404972, 26.250572516380966 ], [ 88.678982480303191, 26.254210632165975 ], [ 88.689784440240786, 26.247015259601262 ] ] ], [ [ [ 89.012742007453198, 21.764842000758549 ], [ 89.036835006806314, 21.73995600076552 ], [ 89.05928000662368, 21.725919000220269 ], [ 89.029519007440101, 21.72442400059883 ], [ 89.017410006849758, 21.717780000928634 ], [ 89.016929007234154, 21.73121100075409 ], [ 88.999733006802259, 21.760550000830875 ], [ 89.012742007453198, 21.764842000758549 ] ] ], [ [ [ 88.639999006350934, 21.921681000251176 ], [ 88.667503006210381, 21.911671000836229 ], [ 88.652778005830427, 21.873333000780086 ], [ 88.63445300567939, 21.870560000772564 ], [ 88.636338006244429, 21.878131000757278 ], [ 88.623384006279025, 21.901410000558847 ], [ 88.639999006350934, 21.921681000251176 ] ] ], [ [ [ 88.804488006125709, 22.06413100057733 ], [ 88.831428007271185, 22.050242000222486 ], [ 88.83220700682233, 22.027171000337201 ], [ 88.81314900669345, 22.025140000648278 ], [ 88.805847006797038, 22.03328100011003 ], [ 88.794358006251969, 22.030940000858074 ], [ 88.788498005628554, 22.03579300033806 ], [ 88.780159006002236, 22.037832000925558 ], [ 88.787575005638615, 22.059630000780363 ], [ 88.794472005571834, 22.054242000838585 ], [ 88.804488006125709, 22.06413100057733 ] ] ], [ [ [ 88.302887005719228, 21.755559000828438 ], [ 88.297280005900021, 21.705600001006836 ], [ 88.278031005509533, 21.728171000234429 ], [ 88.288909005594846, 21.778485000968015 ], [ 88.302887005719228, 21.755559000828438 ] ] ], [ [ [ 88.696389007407163, 21.713334000165329 ], [ 88.708564006998131, 21.680051000315036 ], [ 88.751373006557444, 21.648720000193606 ], [ 88.723153006809326, 21.638329000241846 ], [ 88.709724007378185, 21.663056000882751 ], [ 88.687042007448767, 21.683331000828701 ], [ 88.696389007407163, 21.713334000165329 ] ] ], [ [ [ 88.489769005862357, 21.834682000330702 ], [ 88.500267005491764, 21.81250100030914 ], [ 88.485833005914529, 21.798610000183007 ], [ 88.453141006333709, 21.805661000222344 ], [ 88.451927005595849, 21.816485000244526 ], [ 88.470558005652777, 21.824719000355998 ], [ 88.477127005715374, 21.834440000203315 ], [ 88.489769005862357, 21.834682000330702 ] ] ], [ [ [ 88.903038006521257, 22.05010300053188 ], [ 88.901358007136338, 22.018321000734591 ], [ 88.879082006795429, 22.01452100010513 ], [ 88.851951006479609, 22.04168400071552 ], [ 88.889641007227908, 22.045579000910486 ], [ 88.89204400652261, 22.049337000891729 ], [ 88.886918006847779, 22.057784000256198 ], [ 88.903038006521257, 22.05010300053188 ] ] ], [ [ [ 88.5822220073739, 21.777781000046026 ], [ 88.585609006584519, 21.75389100016071 ], [ 88.619767006703228, 21.738311000534491 ], [ 88.616371007389006, 21.727626000867872 ], [ 88.592795007117871, 21.718710000576724 ], [ 88.579720007223159, 21.725839000661519 ], [ 88.583558007002551, 21.74841200035765 ], [ 88.569001006146848, 21.769179000416397 ], [ 88.5822220073739, 21.777781000046026 ] ] ], [ [ [ 88.861663006252272, 22.410555000535712 ], [ 88.866668006373033, 22.396944000113141 ], [ 88.865546005793888, 22.385560000410432 ], [ 88.874168006157092, 22.388612000441647 ], [ 88.872222006020394, 22.400281000111047 ], [ 88.880577006335344, 22.403212001863473 ], [ 88.874848006272089, 22.38683200078103 ], [ 88.883750006346062, 22.371992000301109 ], [ 88.897782005546148, 22.364173000708075 ], [ 88.894722005569577, 22.356111000229159 ], [ 88.899437005583138, 22.357499000548003 ], [ 88.903207006148236, 22.345397000622878 ], [ 88.898612005631819, 22.336673000809505 ], [ 88.877373006081513, 22.361071000746122 ], [ 88.860833006324825, 22.370832000225164 ], [ 88.855338005869442, 22.387641000278194 ], [ 88.861663006252272, 22.410555000535712 ] ] ], [ [ [ 88.781387005966451, 22.500563001448256 ], [ 88.792924006165066, 22.498054001038007 ], [ 88.809837005546626, 22.481193001144231 ], [ 88.8123470057931, 22.454180001695057 ], [ 88.827300005841039, 22.446769001115509 ], [ 88.821687006208677, 22.434789000378075 ], [ 88.834830005986205, 22.43380300083297 ], [ 88.819230006309951, 22.432253000721953 ], [ 88.803971005773391, 22.444453000529467 ], [ 88.800805006013078, 22.46111800087068 ], [ 88.781387005966451, 22.500563001448256 ] ] ], [ [ [ 88.816948006584738, 21.90111200017018 ], [ 88.831391006907666, 21.897223000709282 ], [ 88.840836006493049, 21.886944000595623 ], [ 88.829438006932676, 21.864718000892992 ], [ 88.821381006587075, 21.872499000495178 ], [ 88.800279006828205, 21.870555000727389 ], [ 88.809165006767458, 21.883330000685028 ], [ 88.811385007331182, 21.896389000050991 ], [ 88.816948006584738, 21.90111200017018 ] ] ], [ [ [ 89.016548006975242, 21.811232000517759 ], [ 89.013893006650136, 21.789730000672254 ], [ 89.023301007016514, 21.75897100013912 ], [ 89.01454300724177, 21.765799000617257 ], [ 88.998810006876994, 21.766941000055876 ], [ 89.012719006465815, 21.780545000090445 ], [ 88.990021007399349, 21.790751000433286 ], [ 88.994858006709308, 21.812326000792027 ], [ 89.016548006975242, 21.811232000517759 ] ] ], [ [ [ 88.75142800589515, 22.050333000575929 ], [ 88.775261006380944, 22.050044000354255 ], [ 88.778907005847273, 22.037183000133631 ], [ 88.79104600585994, 22.029372000123036 ], [ 88.778053005944585, 22.01972000044195 ], [ 88.761672005789947, 22.021391000783073 ], [ 88.75142800589515, 22.050333000575929 ] ] ], [ [ [ 88.372818005913985, 21.763609000865323 ], [ 88.390328005877137, 21.758638000280911 ], [ 88.386695005726324, 21.74067900066288 ], [ 88.362395005559208, 21.732326000740137 ], [ 88.36126000564137, 21.747170000940631 ], [ 88.372818005913985, 21.763609000865323 ] ] ], [ [ [ 88.754486006558793, 21.778656000531711 ], [ 88.746108007343267, 21.772222000224136 ], [ 88.72833300693722, 21.779723000524871 ], [ 88.727501007188323, 21.793609000055138 ], [ 88.737732007370241, 21.798060000589672 ], [ 88.750115007002535, 21.814160000947453 ], [ 88.754486006558793, 21.778656000531711 ] ] ], [ [ [ 88.902541006908649, 22.082829000541235 ], [ 88.893935006511171, 22.075030000844428 ], [ 88.890906006706032, 22.060357000393321 ], [ 88.870964006658056, 22.064357000224767 ], [ 88.872222006666405, 22.079073000469702 ], [ 88.870209007140019, 22.086900000316575 ], [ 88.897217006877696, 22.089152000822626 ], [ 88.902541006908649, 22.082829000541235 ] ] ], [ [ [ 86.889682261465865, 20.786720425884752 ], [ 86.939581055771697, 20.784245340743109 ], [ 86.954977939958951, 20.77720176375799 ], [ 86.880692077329002, 20.780312263828822 ], [ 86.889682261465865, 20.786720425884752 ] ] ], [ [ [ 89.596701476004341, 25.963575683369232 ], [ 89.615550728146232, 25.95183872120424 ], [ 89.612647370031056, 25.943390467727731 ], [ 89.583957991305027, 25.934665090059411 ], [ 89.584397493012659, 25.948010470584819 ], [ 89.576061274533444, 25.95130424132271 ], [ 89.596701476004341, 25.963575683369232 ] ] ], [ [ [ 88.587790007076322, 21.701441000104108 ], [ 88.606338007336802, 21.679978000850987 ], [ 88.588547006649776, 21.65733100094096 ], [ 88.580390006699872, 21.682994000536102 ], [ 88.591943006752302, 21.690560000946128 ], [ 88.587790007076322, 21.701441000104108 ] ] ], [ [ [ 88.135537005717083, 21.92562100095444 ], [ 88.144624005874334, 21.915260000542478 ], [ 88.129447006014317, 21.898889000726772 ], [ 88.1161120055108, 21.918319000389104 ], [ 88.135537005717083, 21.92562100095444 ] ] ], [ [ [ 88.177781005992202, 21.60111099990689 ], [ 88.179444005508117, 21.588889999566248 ], [ 88.188889005735021, 21.581938999238222 ], [ 88.186669006355146, 21.559999999883999 ], [ 88.174446005506866, 21.566666999787298 ], [ 88.167778005657482, 21.591665999897732 ], [ 88.169997006243818, 21.600000999215627 ], [ 88.177781005992202, 21.60111099990689 ] ] ], [ [ [ 88.488609006072892, 21.910281000694027 ], [ 88.508606006016336, 21.90972000095104 ], [ 88.490280005800699, 21.889445000396769 ], [ 88.476936005800567, 21.898331000483662 ], [ 88.488609006072892, 21.910281000694027 ] ] ], [ [ [ 88.66114020494706, 26.264980227933709 ], [ 88.645906548265373, 26.253392281769859 ], [ 88.638583641496524, 26.263308792581633 ], [ 88.644191539612649, 26.27000258472729 ], [ 88.641299732107157, 26.284576386533843 ], [ 88.659361866282836, 26.273447122222613 ], [ 88.66114020494706, 26.264980227933709 ] ] ], [ [ [ 87.959801525519566, 21.755725762229236 ], [ 87.934412714946461, 21.743616750388718 ], [ 87.936307174215898, 21.749744358550124 ], [ 87.959571210582666, 21.770668280865877 ], [ 87.959801525519566, 21.755725762229236 ] ] ], [ [ [ 88.263627005925272, 21.792360000600553 ], [ 88.287391005869935, 21.784429000324824 ], [ 88.283332005558108, 21.769444000507054 ], [ 88.263627005925272, 21.792360000600553 ] ] ], [ [ [ 87.904187034821163, 21.771530019115389 ], [ 87.878960517138296, 21.744464171401152 ], [ 87.882952078493872, 21.756726044076032 ], [ 87.904187034821163, 21.771530019115389 ] ] ], [ [ [ 88.744301005908724, 21.983072000287798 ], [ 88.741454006461694, 21.98877200093111 ], [ 88.758712006238952, 22.007064000213621 ], [ 88.757233005539263, 21.993601000523835 ], [ 88.744301005908724, 21.983072000287798 ] ] ], [ [ [ 88.631668007186434, 21.649169000410996 ], [ 88.627502007313055, 21.658060000629423 ], [ 88.640395006569847, 21.678574000256312 ], [ 88.639442006609173, 21.668056000645183 ], [ 88.631668007186434, 21.649169000410996 ] ] ], [ [ [ 88.163331005901426, 21.937222000889388 ], [ 88.171401006216712, 21.932219000334999 ], [ 88.165268005806595, 21.916111000745218 ], [ 88.159721005664153, 21.928609001038229 ], [ 88.163331005901426, 21.937222000889388 ] ] ], [ [ [ 88.723137006150765, 22.101106000693953 ], [ 88.703988005864531, 22.08830200093951 ], [ 88.692886005889477, 22.078077000621331 ], [ 88.692031006047529, 22.085519000847789 ], [ 88.723137006150765, 22.101106000693953 ] ] ], [ [ [ 88.519959005643443, 21.854638000644279 ], [ 88.527496006141959, 21.843331001022378 ], [ 88.524171005686725, 21.835001000803626 ], [ 88.515831005691311, 21.839445000815459 ], [ 88.52222400599284, 21.845833000613545 ], [ 88.519959005643443, 21.854638000644279 ] ] ], [ [ [ 86.99537886297837, 20.847559876931481 ], [ 86.987511836432915, 20.857871582423023 ], [ 86.994110766758055, 20.86481412246431 ], [ 86.997519948879685, 20.855716600413366 ], [ 86.99537886297837, 20.847559876931481 ] ] ], [ [ [ 88.171112006171569, 21.808611000409144 ], [ 88.17414800558744, 21.799720000989517 ], [ 88.169166005798459, 21.790560001060143 ], [ 88.165268006115312, 21.800280000276366 ], [ 88.171112006171569, 21.808611000409144 ] ] ], [ [ [ 86.999281065804226, 20.795093764132115 ], [ 86.990505875260709, 20.796491471601588 ], [ 86.995676926392591, 20.80723468802055 ], [ 87.001576048637261, 20.804967377542127 ], [ 86.999281065804226, 20.795093764132115 ] ] ], [ [ [ 88.636108006014169, 22.050557000507343 ], [ 88.629448005902063, 22.052501000719452 ], [ 88.628610005713767, 22.061950000429235 ], [ 88.632224006379928, 22.061668000760445 ], [ 88.636108006014169, 22.050557000507343 ] ] ], [ [ [ 88.456473006183188, 21.913815000976786 ], [ 88.445679005934878, 21.906130000168979 ], [ 88.442261006030847, 21.908769000186492 ], [ 88.456473006183188, 21.913815000976786 ] ] ], [ [ [ 88.196946005778145, 21.757779000932743 ], [ 88.193885006329708, 21.76333100074579 ], [ 88.199998005714363, 21.769170000742328 ], [ 88.20221800546102, 21.761391000388617 ], [ 88.196946005778145, 21.757779000932743 ] ] ], [ [ [ 88.112777005469781, 21.910554000415608 ], [ 88.109300005532845, 21.88388100032904 ], [ 88.104447005798761, 21.89777900038575 ], [ 88.112777005469781, 21.910554000415608 ] ] ], [ [ [ 88.728942005765575, 22.113219000881351 ], [ 88.729851005945648, 22.123450000651413 ], [ 88.736274005579034, 22.128777000923975 ], [ 88.735519005685802, 22.123619000765746 ], [ 88.728942005765575, 22.113219000881351 ] ] ], [ [ [ 88.181389005672358, 21.785831000867727 ], [ 88.178886005656608, 21.791111000210122 ], [ 88.180832005650529, 21.795834000599729 ], [ 88.185279005764954, 21.790555000992086 ], [ 88.181389005672358, 21.785831000867727 ] ] ], [ [ [ 88.195604005482963, 21.72447900029098 ], [ 88.195870005659842, 21.730069000333256 ], [ 88.201379005456516, 21.736670000189832 ], [ 88.19999800579194, 21.728889001002656 ], [ 88.195604005482963, 21.72447900029098 ] ] ], [ [ [ 88.582749005565901, 21.865550000210082 ], [ 88.581138005718657, 21.872529000191477 ], [ 88.584686005753184, 21.876590000280455 ], [ 88.585801006064401, 21.873992000756374 ], [ 88.582749005565901, 21.865550000210082 ] ] ], [ [ [ 86.991600173747258, 20.783459609270881 ], [ 86.990518689459122, 20.776517863483836 ], [ 86.985908306512187, 20.783050750011945 ], [ 86.991600173747258, 20.783459609270881 ] ] ], [ [ [ 88.015830005457502, 21.581669999349298 ], [ 88.02054500567813, 21.566668999335707 ], [ 88.016671005857532, 21.572209000057722 ], [ 88.015830005457502, 21.581669999349298 ] ] ], [ [ [ 88.917192006312803, 22.42903000134131 ], [ 88.917221006497456, 22.423613001583011 ], [ 88.911430006169539, 22.423697001081798 ], [ 88.917192006312803, 22.42903000134131 ] ] ], [ [ [ 87.989722006253885, 22.217501000230993 ], [ 87.993889005946571, 22.21556200065308 ], [ 87.996667005898431, 22.212779000423232 ], [ 87.99194200639063, 22.212779000894404 ], [ 87.989722006253885, 22.217501000230993 ] ] ], [ [ [ 87.908059006260032, 22.430831000536926 ], [ 87.912781006303618, 22.431111000480001 ], [ 87.918319006361259, 22.430001000531334 ], [ 87.908059006260032, 22.430831000536926 ] ] ], [ [ [ 88.856940006192858, 22.47250200123937 ], [ 88.858611005773582, 22.462226001888851 ], [ 88.856111005780747, 22.458891001651828 ], [ 88.856940006192858, 22.47250200123937 ] ] ], [ [ [ 88.177781005908045, 21.824719000323633 ], [ 88.185477006009208, 21.820651000856383 ], [ 88.185555005781922, 21.819165000216497 ], [ 88.177781005908045, 21.824719000323633 ] ] ], [ [ [ 88.506111005894766, 21.784718000688319 ], [ 88.501015005806693, 21.781831001029865 ], [ 88.506386005464989, 21.788333000455957 ], [ 88.506111005894766, 21.784718000688319 ] ] ], [ [ [ 88.930007006411813, 22.563128001499212 ], [ 88.932220005630541, 22.561671001757077 ], [ 88.933608005567962, 22.557783001404619 ], [ 88.930007006411813, 22.563128001499212 ] ] ], [ [ [ 87.938057006338994, 22.396669000577251 ], [ 87.932778005801893, 22.408889000575101 ], [ 87.933334005781788, 22.409721000556729 ], [ 87.937234005530399, 22.403611001055566 ], [ 87.938057006338994, 22.396669000577251 ] ] ], [ [ [ 88.871948006505718, 22.405277001832463 ], [ 88.869719005904997, 22.410002001105347 ], [ 88.874444005912224, 22.405555001478312 ], [ 88.871948006505718, 22.405277001832463 ] ] ], [ [ [ 88.555778006009632, 21.825770000744818 ], [ 88.560279005668789, 21.827500000948117 ], [ 88.556641005543312, 21.824024000267976 ], [ 88.555778006009632, 21.825770000744818 ] ] ], [ [ [ 88.029441006018558, 22.062499001030755 ], [ 88.028053006370996, 22.059441000861188 ], [ 88.027497006393247, 22.061946000611012 ], [ 88.029441006018558, 22.062499001030755 ] ] ], [ [ [ 88.889999007252271, 21.654470000109786 ], [ 88.89389000716686, 21.649167000072229 ], [ 88.889008006738948, 21.654573000809151 ], [ 88.889999007252271, 21.654470000109786 ] ] ], [ [ [ 88.422776006244391, 21.906110000197295 ], [ 88.421669005914922, 21.903609000542527 ], [ 88.42070000609813, 21.903878000972377 ], [ 88.422776006244391, 21.906110000197295 ] ] ], [ [ [ 87.923379005553528, 22.427911000679231 ], [ 87.919213005922842, 22.429110000956758 ], [ 87.919356006351009, 22.429520000334954 ], [ 87.923379005553528, 22.427911000679231 ] ] ], [ [ [ 88.281944006133514, 21.768612000805081 ], [ 88.280563006123728, 21.767219000705566 ], [ 88.27916800553389, 21.769722000158335 ], [ 88.281944006133514, 21.768612000805081 ] ] ], [ [ [ 88.54079500554991, 21.855062000468578 ], [ 88.536492005703508, 21.853717000932068 ], [ 88.54161700585108, 21.857380000450203 ], [ 88.54079500554991, 21.855062000468578 ] ] ], [ [ [ 88.730934006166805, 22.04359900090439 ], [ 88.733391005602201, 22.043601000963953 ], [ 88.733986005962819, 22.042261000865619 ], [ 88.730934006166805, 22.04359900090439 ] ] ], [ [ [ 88.13780900621353, 21.896150000606422 ], [ 88.136018005788486, 21.894470000862817 ], [ 88.138596005773934, 21.898099000609427 ], [ 88.13780900621353, 21.896150000606422 ] ] ], [ [ [ 88.690361006092573, 22.081072000260924 ], [ 88.688966005944607, 22.081111000703771 ], [ 88.688995006220964, 22.08190400090778 ], [ 88.690361006092573, 22.081072000260924 ] ] ] ] } }
]
}
